"%Acm. Dif.Vlr.";"Nível 4";"Qtd Entrada Compra";"Qtd Entrada Outras";"Qtd Saída Venda";"Qtd Saída Outras";"Qtd Diferenca";"% Dif.s/ Qtd Saída";"%Partic. Tot.Dif.";"Vlr Entrada Compra";"Vlr Entrada Compra(Liquido)";"Vlr Entrada Outras";"Vlr Saída Venda";"Vlr Saída Outras";"Vlr Diferenca";"% Vlr.s/ Vlr Saída";"%Partic. Tot.Dif.";"Valor Custo Bruto";"Valor Custo Líquido";"Vlr. Entrada Verba Sell In";"Vlr. Saída Verba Sell In";"Valor IBS MUN Créd. Entrada";"Valor IBS UF Créd. Entrada";"Valor CBS Créd. Entrada";"Valor IS Créd. Entrada"
"-76,27";"MERCEARIA NAO ALIMENTOS \ BAZAR \ ARMARINHO \ ACESSORIOS ARMARINHO";"0,000";"13,000";"0,000";"29,000";"-16,000";"-55,2";"0,01";"0,00";"0,00";"45,06";"0,00";"121,33";"-76,27";"-62,9";"0,00";"-76,27";"-64,57";"0,000000";"0,000000";"0,000";"0,000";"0,000";"0,000"
"-89,33";"MERCEARIA NAO ALIMENTOS \ BAZAR \ BOLSAS E SACOLAS \ BOLSA BRINDE";"0,000";"0,000";"0,000";"5,000";"-5,000";"-100,0";"0,00";"0,00";"0,00";"0,00";"0,00";"13,06";"-13,06";"-100,0";"0,00";"-13,06";"-9,48";"0,000000";"0,000000";"0,000";"0,000";"0,000";"0,000"
"-126,37";"MERCEARIA NAO ALIMENTOS \ BAZAR \ BOLSAS E SACOLAS \ BOLSA TERMICA";"0,000";"15,000";"0,000";"23,000";"-8,000";"-34,8";"0,00";"0,00";"0,00";"69,45";"0,00";"106,49";"-37,04";"-34,8";"0,00";"-37,04";"-28,90";"0,000000";"0,000000";"0,000";"0,000";"0,000";"0,000"
"-13761,97";"MERCEARIA NAO ALIMENTOS \ BAZAR \ BOLSAS E SACOLAS \ SACOLA RECICLAVEL";"0,000";"172.211,000";"0,000";"315.996,000";"-143.785,000";"-45,5";"49,92";"0,00";"0,00";"16.126,08";"0,00";"29.761,68";"-13.635,60";"-45,8";"0,86";"-13.659,21";"-10.466,80";"0,000000";"0,000000";"0,000";"0,000";"0,000";"0,000"
"-13771,84";"MERCEARIA NAO ALIMENTOS \ BAZAR \ BOLSAS E SACOLAS \ SACOLA RETORNAVEL";"0,000";"3,000";"0,000";"5,000";"-2,000";"-40,0";"0,00";"0,00";"0,00";"3,50";"0,00";"13,37";"-9,87";"-73,8";"0,00";"-9,87";"-7,43";"0,000000";"0,000000";"0,000";"0,000";"0,000";"0,000"
"-13775,34";"MERCEARIA NAO ALIMENTOS \ BAZAR \ CALCADOS \ ACESSORIOS PARA CALCADOS";"0,000";"0,000";"0,000";"1,000";"-1,000";"-100,0";"0,00";"0,00";"0,00";"0,00";"0,00";"3,50";"-3,50";"-100,0";"0,00";"-3,50";"-2,48";"0,000000";"0,000000";"0,000";"0,000";"0,000";"0,000"
"-13858,48";"MERCEARIA NAO ALIMENTOS \ BAZAR \ CALCADOS \ GRAXAS";"0,000";"0,000";"0,000";"7,000";"-7,000";"-100,0";"0,00";"0,00";"0,00";"0,00";"0,00";"83,14";"-83,14";"-100,0";"0,01";"-83,14";"-66,39";"0,000000";"0,000000";"0,000";"0,000";"0,000";"0,000"
"-13851,31";"MERCEARIA NAO ALIMENTOS \ BAZAR \ CALCADOS \ SANDALIAS";"0,000";"1,000";"0,000";"0,000";"1,000";"";"0,00";"0,00";"0,00";"7,17";"0,00";"0,00";"7,17";"";"0,00";"6,58";"5,13";"0,000000";"0,000000";"0,000";"0,000";"0,000";"0,000"
"-13969,76";"MERCEARIA NAO ALIMENTOS \ BAZAR \ CHURRASCO \ CARVAO";"0,000";"0,000";"0,000";"11,000";"-11,000";"-100,0";"0,00";"0,00";"0,00";"0,00";"0,00";"118,45";"-118,45";"-100,0";"0,01";"-118,45";"-92,39";"0,000000";"0,000000";"0,000";"0,000";"0,000";"0,000"
"-14336,01";"MERCEARIA NAO ALIMENTOS \ BAZAR \ CHURRASCO \ ESPETO";"0,000";"25,000";"0,000";"98,000";"-73,000";"-74,5";"0,03";"0,00";"0,00";"117,03";"0,00";"483,28";"-366,25";"-75,8";"0,02";"-366,25";"-258,98";"0,000000";"0,000000";"0,000";"0,000";"0,000";"0,000"
"-14358,40";"MERCEARIA NAO ALIMENTOS \ BAZAR \ CHURRASCO \ PALITOS";"0,000";"0,000";"0,000";"4,000";"-4,000";"-100,0";"0,00";"0,00";"0,00";"0,00";"0,00";"22,39";"-22,39";"-100,0";"0,00";"-22,39";"-15,85";"0,000000";"0,000000";"0,000";"0,000";"0,000";"0,000"
"-14370,30";"MERCEARIA NAO ALIMENTOS \ BAZAR \ CHURRASCO \ TABUA";"0,000";"0,000";"0,000";"1,000";"-1,000";"-100,0";"0,00";"0,00";"0,00";"0,00";"0,00";"11,90";"-11,90";"-100,0";"0,00";"-11,90";"-10,80";"0,000000";"0,000000";"0,000";"0,000";"0,000";"0,000"
"-14004,99";"MERCEARIA NAO ALIMENTOS \ BAZAR \ DESCARTAVEIS \ ALUMINIO";"0,000";"140,000";"0,000";"25,000";"115,000";"460,0";"-0,04";"0,00";"0,00";"491,76";"0,00";"126,45";"365,31";"288,9";"-0,02";"365,38";"286,87";"0,000000";"0,000000";"0,000";"0,000";"0,000";"0,000"
"-14006,87";"MERCEARIA NAO ALIMENTOS \ BAZAR \ DESCARTAVEIS \ CANUDOS";"0,000";"2,000";"0,000";"3,000";"-1,000";"-33,3";"0,00";"0,00";"0,00";"3,76";"0,00";"5,64";"-1,88";"-33,3";"0,00";"-1,88";"-1,35";"0,000000";"0,000000";"0,000";"0,000";"0,000";"0,000"
"-14410,94";"MERCEARIA NAO ALIMENTOS \ BAZAR \ DESCARTAVEIS \ COPOS-TULIPAS";"0,000";"0,000";"0,000";"87,000";"-87,000";"-100,0";"0,03";"0,00";"0,00";"0,00";"0,00";"404,07";"-404,07";"-100,0";"0,03";"-404,07";"-366,78";"0,000000";"0,000000";"0,000";"0,000";"0,000";"0,000"
"-14056,72";"MERCEARIA NAO ALIMENTOS \ BAZAR \ DESCARTAVEIS \ FILMES PLASTICOS";"0,000";"95,000";"0,000";"2,000";"93,000";"4.650,0";"-0,03";"0,00";"0,00";"365,34";"0,00";"11,12";"354,22";"3.185,5";"-0,02";"354,22";"281,53";"0,000000";"0,000000";"0,000";"0,000";"0,000";"0,000"
"-15316,32";"MERCEARIA NAO ALIMENTOS \ BAZAR \ DESCARTAVEIS \ FILTROS";"0,000";"133,000";"0,000";"476,000";"-343,000";"-72,1";"0,12";"0,00";"0,00";"347,04";"0,00";"1.606,64";"-1.259,60";"-78,4";"0,08";"-1.259,60";"-1.143,49";"0,000000";"0,000000";"0,000";"0,000";"0,000";"0,000"
"-15365,94";"MERCEARIA NAO ALIMENTOS \ BAZAR \ DESCARTAVEIS \ FOSFOROS";"0,000";"0,000";"0,000";"16,000";"-16,000";"-100,0";"0,01";"0,00";"0,00";"0,00";"0,00";"49,62";"-49,62";"-100,0";"0,00";"-49,62";"-39,63";"0,000000";"0,000000";"0,000";"0,000";"0,000";"0,000"
"-15478,63";"MERCEARIA NAO ALIMENTOS \ BAZAR \ DESCARTAVEIS \ GUARDANAPOS";"0,000";"5,000";"0,000";"43,000";"-38,000";"-88,4";"0,01";"0,00";"0,00";"6,51";"0,00";"119,20";"-112,69";"-94,5";"0,01";"-112,69";"-108,03";"0,000000";"0,000000";"0,000";"0,000";"0,000";"0,000"
"-15498,77";"MERCEARIA NAO ALIMENTOS \ BAZAR \ DESCARTAVEIS \ PALITOS";"0,000";"0,000";"0,000";"37,000";"-37,000";"-100,0";"0,01";"0,00";"0,00";"0,00";"0,00";"20,14";"-20,14";"-100,0";"0,00";"-20,14";"-15,92";"0,000000";"0,000000";"0,000";"0,000";"0,000";"0,000"
"-15498,23";"MERCEARIA NAO ALIMENTOS \ BAZAR \ DESCARTAVEIS \ PAPEL MANTEIGA";"0,000";"1,000";"0,000";"1,000";"0,000";"0,0";"0,00";"0,00";"0,00";"3,51";"0,00";"2,97";"0,54";"18,2";"0,00";"0,54";"0,11";"0,000000";"0,000000";"0,000";"0,000";"0,000";"0,000"
"-15360,01";"MERCEARIA NAO ALIMENTOS \ BAZAR \ DESCARTAVEIS \ PRATOS";"0,000";"61,000";"0,000";"1,000";"60,000";"6.000,0";"-0,02";"0,00";"0,00";"142,24";"0,00";"4,02";"138,22";"3.442,0";"-0,01";"138,22";"126,16";"0,000000";"0,000000";"0,000";"0,000";"0,000";"0,000"
"-15371,67";"MERCEARIA NAO ALIMENTOS \ BAZAR \ DESCARTAVEIS \ SACOS";"0,000";"6,000";"0,000";"5,000";"1,000";"20,0";"0,00";"0,00";"0,00";"25,17";"0,00";"36,83";"-11,66";"-31,6";"0,00";"-11,66";"-7,60";"0,000000";"0,000000";"0,000";"0,000";"0,000";"0,000"
"-14481,11";"MERCEARIA NAO ALIMENTOS \ BAZAR \ DESCARTAVEIS \ SACOS PARA LIXO";"0,000";"374,000";"0,000";"42,000";"332,000";"790,5";"-0,12";"0,00";"0,00";"1.237,82";"0,00";"347,26";"890,56";"256,5";"-0,06";"891,46";"847,06";"0,000000";"0,000000";"0,000";"0,000";"0,000";"0,000"
"-14374,64";"MERCEARIA NAO ALIMENTOS \ BAZAR \ DESCARTAVEIS \ TALHERES DESCARTAVEIS";"0,000";"48,000";"0,000";"3,000";"45,000";"1.500,0";"-0,02";"0,00";"0,00";"115,74";"0,00";"9,27";"106,47";"1.148,8";"-0,01";"106,47";"98,34";"0,000000";"0,000000";"0,000";"0,000";"0,000";"0,000"
"-14496,21";"MERCEARIA NAO ALIMENTOS \ BAZAR \ DESCARTAVEIS \ TOALHAS DE PAPEL";"0,000";"13,000";"0,000";"52,000";"-39,000";"-75,0";"0,01";"0,00";"0,00";"35,48";"0,00";"157,05";"-121,57";"-77,4";"0,01";"-121,57";"-119,34";"0,000000";"0,000000";"0,000";"0,000";"0,000";"0,000"
"-14502,80";"MERCEARIA NAO ALIMENTOS \ BAZAR \ FERRAGENS \ ACESSORIOS DE FERRAGENS";"0,000";"0,000";"0,000";"1,000";"-1,000";"-100,0";"0,00";"0,00";"0,00";"0,00";"0,00";"6,59";"-6,59";"-100,0";"0,00";"-6,59";"-5,98";"0,000000";"0,000000";"0,000";"0,000";"0,000";"0,000"
"-14521,12";"MERCEARIA NAO ALIMENTOS \ BAZAR \ FESTAS \ BALOES";"0,000";"0,000";"0,000";"2,000";"-2,000";"-100,0";"0,00";"0,00";"0,00";"0,00";"0,00";"18,32";"-18,32";"-100,0";"0,00";"-18,32";"-12,96";"0,000000";"0,000000";"0,000";"0,000";"0,000";"0,000"
"-14536,98";"MERCEARIA NAO ALIMENTOS \ BAZAR \ FESTAS \ FOMINHAS-FUNDO";"0,000";"10,000";"0,000";"11,000";"-1,000";"-9,1";"0,00";"0,00";"0,00";"27,27";"0,00";"43,14";"-15,86";"-36,8";"0,00";"-15,86";"-11,28";"0,000000";"0,000000";"0,000";"0,000";"0,000";"0,000"
"-14450,06";"MERCEARIA NAO ALIMENTOS \ BAZAR \ FESTAS \ VELAS PARA FESTA";"0,000";"54,000";"0,000";"43,000";"11,000";"25,6";"0,00";"0,00";"0,00";"189,00";"0,00";"102,08";"86,92";"85,2";"-0,01";"86,95";"61,56";"0,000000";"0,000000";"0,000";"0,000";"0,000";"0,000"
"-14522,21";"MERCEARIA NAO ALIMENTOS \ BAZAR \ LAVANDERIA \ ACESSORIOS LAVANDERIA";"0,000";"3,000";"0,000";"14,000";"-11,000";"-78,6";"0,00";"0,00";"0,00";"12,90";"0,00";"85,04";"-72,15";"-84,8";"0,00";"-72,15";"-51,52";"0,000000";"0,000000";"0,000";"0,000";"0,000";"0,000"
"-14536,90";"MERCEARIA NAO ALIMENTOS \ BAZAR \ LIMPEZA CASEIRA \ DESENTUPIDOR";"0,000";"0,000";"0,000";"1,000";"-1,000";"-100,0";"0,00";"0,00";"0,00";"0,00";"0,00";"14,69";"-14,69";"-100,0";"0,00";"-14,69";"-14,68";"0,000000";"0,000000";"0,000";"0,000";"0,000";"0,000"
"-14512,57";"MERCEARIA NAO ALIMENTOS \ BAZAR \ LIMPEZA CASEIRA \ ESCOVA";"0,000";"6,000";"0,000";"4,000";"2,000";"50,0";"0,00";"0,00";"0,00";"46,34";"0,00";"22,00";"24,33";"110,6";"0,00";"24,33";"19,45";"0,000000";"0,000000";"0,000";"0,000";"0,000";"0,000"
"-13827,64";"MERCEARIA NAO ALIMENTOS \ BAZAR \ LIMPEZA CASEIRA \ ESPONJAS - BUCHAS";"0,000";"268,000";"0,000";"90,000";"178,000";"197,8";"-0,06";"0,00";"0,00";"999,51";"0,00";"314,58";"684,93";"217,7";"-0,04";"684,93";"631,90";"0,000000";"0,000000";"0,000";"0,000";"0,000";"0,000"
"-13841,61";"MERCEARIA NAO ALIMENTOS \ BAZAR \ LIMPEZA CASEIRA \ FLANELAS";"0,000";"5,000";"0,000";"12,000";"-7,000";"-58,3";"0,00";"0,00";"0,00";"29,95";"0,00";"43,92";"-13,97";"-31,8";"0,00";"-13,97";"-11,47";"0,000000";"0,000000";"0,000";"0,000";"0,000";"0,000"
"-13876,61";"MERCEARIA NAO ALIMENTOS \ BAZAR \ LIMPEZA CASEIRA \ MOP";"0,000";"0,000";"0,000";"2,000";"-2,000";"-100,0";"0,00";"0,00";"0,00";"0,00";"0,00";"35,00";"-35,00";"-100,0";"0,00";"-35,00";"-35,00";"0,000000";"0,000000";"0,000";"0,000";"0,000";"0,000"
"-13921,76";"MERCEARIA NAO ALIMENTOS \ BAZAR \ LIMPEZA CASEIRA \ PA DE LIXO";"0,000";"0,000";"0,000";"4,000";"-4,000";"-100,0";"0,00";"0,00";"0,00";"0,00";"0,00";"45,15";"-45,15";"-100,0";"0,00";"-45,15";"-34,70";"0,000000";"0,000000";"0,000";"0,000";"0,000";"0,000"
"-14136,89";"MERCEARIA NAO ALIMENTOS \ BAZAR \ LIMPEZA CASEIRA \ PANO";"0,000";"3,000";"0,000";"27,000";"-24,000";"-88,9";"0,01";"0,00";"0,00";"15,32";"0,00";"230,45";"-215,13";"-93,4";"0,01";"-215,13";"-173,29";"0,000000";"0,000000";"0,000";"0,000";"0,000";"0,000"
"-14143,32";"MERCEARIA NAO ALIMENTOS \ BAZAR \ LIMPEZA CASEIRA \ RODO";"0,000";"20,000";"0,000";"17,000";"3,000";"17,6";"0,00";"0,00";"0,00";"242,44";"0,00";"248,86";"-6,43";"-2,6";"0,00";"-6,43";"2,80";"0,000000";"0,000000";"0,000";"0,000";"0,000";"0,000"
"-14578,41";"MERCEARIA NAO ALIMENTOS \ BAZAR \ LIMPEZA CASEIRA \ VASSOURAS";"0,000";"13,000";"0,000";"44,000";"-31,000";"-70,5";"0,01";"0,00";"0,00";"114,07";"0,00";"549,16";"-435,09";"-79,2";"0,03";"-435,09";"-330,76";"0,000000";"0,000000";"0,000";"0,000";"0,000";"0,000"
"-14705,54";"MERCEARIA NAO ALIMENTOS \ BAZAR \ PAPELARIA \ FIGURINHAS";"0,000";"27,000";"0,000";"53,000";"-26,000";"-49,1";"0,01";"0,00";"0,00";"128,84";"0,00";"255,97";"-127,13";"-49,7";"0,01";"-126,08";"-126,08";"0,000000";"0,000000";"0,000";"0,000";"0,000";"0,000"
"-14710,55";"MERCEARIA NAO ALIMENTOS \ BAZAR \ UTIL CASA E ACESSORIOS \ ACESSORIOS CASA";"0,000";"0,000";"0,000";"1,000";"-1,000";"-100,0";"0,00";"0,00";"0,00";"0,00";"0,00";"5,01";"-5,01";"-100,0";"0,00";"-5,01";"-3,84";"0,000000";"0,000000";"0,000";"0,000";"0,000";"0,000"
"-14667,52";"MERCEARIA NAO ALIMENTOS \ BAZAR \ UTIL COZINHA \ ACESSORIOS COZINHA";"0,000";"16,000";"0,000";"13,000";"3,000";"23,1";"0,00";"0,00";"0,00";"116,66";"0,00";"73,63";"43,03";"58,4";"0,00";"43,03";"39,95";"0,000000";"0,000000";"0,000";"0,000";"0,000";"0,000"
"-14707,82";"MERCEARIA NAO ALIMENTOS \ BAZAR \ UTIL COZINHA \ BANDEJA";"0,000";"0,000";"0,000";"5,000";"-5,000";"-100,0";"0,00";"0,00";"0,00";"0,00";"0,00";"40,30";"-40,30";"-100,0";"0,00";"-40,30";"-36,57";"0,000000";"0,000000";"0,000";"0,000";"0,000";"0,000"
"-14654,97";"MERCEARIA NAO ALIMENTOS \ BAZAR \ UTIL COZINHA \ CANECA";"0,000";"8,000";"0,000";"1,000";"7,000";"700,0";"0,00";"0,00";"0,00";"60,40";"0,00";"7,55";"52,85";"700,0";"0,00";"52,85";"47,96";"0,000000";"0,000000";"0,000";"0,000";"0,000";"0,000"
"-14664,89";"MERCEARIA NAO ALIMENTOS \ BAZAR \ UTIL COZINHA \ COPO";"0,000";"0,000";"0,000";"2,000";"-2,000";"-100,0";"0,00";"0,00";"0,00";"0,00";"0,00";"9,92";"-9,92";"-100,0";"0,00";"-9,92";"-9,66";"0,000000";"0,000000";"0,000";"0,000";"0,000";"0,000"
"-14672,97";"MERCEARIA NAO ALIMENTOS \ BAZAR \ UTIL COZINHA \ GARRAFA - JARRA";"0,000";"0,000";"0,000";"1,000";"-1,000";"-100,0";"0,00";"0,00";"0,00";"0,00";"0,00";"8,08";"-8,08";"-100,0";"0,00";"-8,08";"-8,08";"0,000000";"0,000000";"0,000";"0,000";"0,000";"0,000"
"-14693,22";"MERCEARIA NAO ALIMENTOS \ BAZAR \ UTIL COZINHA \ POTE";"0,000";"0,000";"0,000";"3,000";"-3,000";"-100,0";"0,00";"0,00";"0,00";"0,00";"0,00";"20,25";"-20,25";"-100,0";"0,00";"-20,25";"-18,38";"0,000000";"0,000000";"0,000";"0,000";"0,000";"0,000"
"-14638,88";"MERCEARIA NAO ALIMENTOS \ BAZAR \ UTIL COZINHA \ TACA";"0,000";"6,000";"0,000";"0,000";"6,000";"";"0,00";"0,00";"0,00";"54,34";"0,00";"0,00";"54,34";"";"0,00";"54,34";"54,34";"0,000000";"0,000000";"0,000";"0,000";"0,000";"0,000"
"-14644,78";"MERCEARIA NAO ALIMENTOS \ BAZAR \ UTIL COZINHA \ TALHER";"0,000";"0,000";"0,000";"1,000";"-1,000";"-100,0";"0,00";"0,00";"0,00";"0,00";"0,00";"5,90";"-5,90";"-100,0";"0,00";"-5,90";"-4,18";"0,000000";"0,000000";"0,000";"0,000";"0,000";"0,000"
"-14630,42";"MERCEARIA NAO ALIMENTOS \ BAZAR \ UTILIDADES \ LAMPADA";"0,000";"48,000";"0,000";"46,000";"2,000";"4,3";"0,00";"0,00";"0,00";"176,91";"0,00";"162,55";"14,36";"8,8";"0,00";"14,36";"13,03";"0,000000";"0,000000";"0,000";"0,000";"0,000";"0,000"
"-14703,74";"MERCEARIA NAO ALIMENTOS \ BAZAR \ UTILIDADES \ LUVA";"0,000";"0,000";"0,000";"8,000";"-8,000";"-100,0";"0,00";"0,00";"0,00";"0,00";"0,00";"73,32";"-73,32";"-100,0";"0,00";"-73,32";"-51,90";"0,000000";"0,000000";"0,000";"0,000";"0,000";"0,000"
"-14598,40";"MERCEARIA NAO ALIMENTOS \ BAZAR \ UTILIDADES \ PILHA E BATERIA";"0,000";"46,000";"0,000";"32,000";"14,000";"43,8";"0,00";"0,00";"0,00";"543,60";"0,00";"438,26";"105,34";"24,0";"-0,01";"105,78";"84,92";"0,000000";"0,000000";"0,000";"0,000";"0,000";"0,000"
"-14455,49";"MERCEARIA NAO ALIMENTOS \ BAZAR \ UTILIDADES \ VELA";"0,000";"118,000";"0,000";"105,000";"13,000";"12,4";"0,00";"0,00";"0,00";"701,42";"0,00";"558,51";"142,91";"25,6";"-0,01";"142,91";"101,16";"0,000000";"0,000000";"0,000";"0,000";"0,000";"0,000"
"-14941,81";"MERCEARIA NAO ALIMENTOS \ LIMPEZA \ BANHEIRO \ DESODORIZANTE SANITARIO";"0,000";"34,000";"0,000";"186,000";"-152,000";"-81,7";"0,05";"0,00";"0,00";"206,54";"0,00";"692,86";"-486,32";"-70,2";"0,03";"-486,20";"-438,13";"0,000000";"0,000000";"0,000";"0,000";"0,000";"0,000"
"-15102,69";"MERCEARIA NAO ALIMENTOS \ LIMPEZA \ BANHEIRO \ LIMPADORES DE BANHEIRO";"0,000";"25,000";"0,000";"40,000";"-15,000";"-37,5";"0,01";"0,00";"0,00";"206,15";"0,00";"367,02";"-160,88";"-43,8";"0,01";"-160,88";"-145,69";"0,000000";"0,000000";"0,000";"0,000";"0,000";"0,000"
"-15641,60";"MERCEARIA NAO ALIMENTOS \ LIMPEZA \ COZINHA \ DESENGORDURANTE";"0,000";"10,000";"0,000";"68,000";"-58,000";"-85,3";"0,02";"0,00";"0,00";"95,26";"0,00";"634,17";"-538,91";"-85,0";"0,03";"-538,91";"-505,87";"0,000000";"0,000000";"0,000";"0,000";"0,000";"0,000"
"-15291,63";"MERCEARIA NAO ALIMENTOS \ LIMPEZA \ COZINHA \ DETERGENTE";"0,000";"1.059,000";"0,000";"785,000";"274,000";"34,9";"-0,10";"0,00";"0,00";"1.711,59";"0,00";"1.361,62";"349,97";"25,7";"-0,02";"338,90";"359,32";"0,000000";"0,000000";"0,000";"0,000";"0,000";"0,000"
"-15324,11";"MERCEARIA NAO ALIMENTOS \ LIMPEZA \ COZINHA \ KT LIMPADOR COZINHA";"0,000";"0,000";"0,000";"4,000";"-4,000";"-100,0";"0,00";"0,00";"0,00";"0,00";"0,00";"32,48";"-32,48";"-100,0";"0,00";"-32,48";"-32,47";"0,000000";"0,000000";"0,000";"0,000";"0,000";"0,000"
"-15431,89";"MERCEARIA NAO ALIMENTOS \ LIMPEZA \ COZINHA \ LIMPADOR";"0,000";"0,000";"0,000";"10,000";"-10,000";"-100,0";"0,00";"0,00";"0,00";"0,00";"0,00";"107,78";"-107,78";"-100,0";"0,01";"-107,78";"-98,97";"0,000000";"0,000000";"0,000";"0,000";"0,000";"0,000"
"-15466,47";"MERCEARIA NAO ALIMENTOS \ LIMPEZA \ COZINHA \ SABAO PASTOSO";"0,000";"7,000";"0,000";"14,000";"-7,000";"-50,0";"0,00";"0,00";"0,00";"29,22";"0,00";"63,80";"-34,58";"-54,2";"0,00";"-34,58";"-26,97";"0,000000";"0,000000";"0,000";"0,000";"0,000";"0,000"
"-15696,45";"MERCEARIA NAO ALIMENTOS \ LIMPEZA \ INSETICIDAS-REPELENTES \ INSETICIDA AEROSOL";"0,000";"15,000";"0,000";"36,000";"-21,000";"-58,3";"0,01";"0,00";"0,00";"160,41";"0,00";"390,39";"-229,98";"-58,9";"0,01";"-229,98";"-179,31";"0,000000";"0,000000";"0,000";"0,000";"0,000";"0,000"
"-15912,70";"MERCEARIA NAO ALIMENTOS \ LIMPEZA \ INSETICIDAS-REPELENTES \ INSETICIDA ELETRICO";"0,000";"2,000";"0,000";"6,000";"-4,000";"-66,7";"0,00";"0,00";"0,00";"74,12";"0,00";"290,37";"-216,25";"-74,5";"0,01";"-216,25";"-172,70";"0,000000";"0,000000";"0,000";"0,000";"0,000";"0,000"
"-15928,72";"MERCEARIA NAO ALIMENTOS \ LIMPEZA \ INSETICIDAS-REPELENTES \ INSETICIDA ESPIR-PASTILHA";"0,000";"0,000";"0,000";"3,000";"-3,000";"-100,0";"0,00";"0,00";"0,00";"0,00";"0,00";"16,02";"-16,02";"-100,0";"0,00";"-16,02";"-12,50";"0,000000";"0,000000";"0,000";"0,000";"0,000";"0,000"
"-15988,26";"MERCEARIA NAO ALIMENTOS \ LIMPEZA \ INSETICIDAS-REPELENTES \ INSETICIDA GEL";"0,000";"0,000";"0,000";"5,000";"-5,000";"-100,0";"0,00";"0,00";"0,00";"0,00";"0,00";"59,54";"-59,54";"-100,0";"0,00";"-59,54";"-47,55";"0,000000";"0,000000";"0,000";"0,000";"0,000";"0,000"
"-16054,75";"MERCEARIA NAO ALIMENTOS \ LIMPEZA \ INSETICIDAS-REPELENTES \ INSETICIDA ISCA";"0,000";"0,000";"0,000";"3,000";"-3,000";"-100,0";"0,00";"0,00";"0,00";"0,00";"0,00";"66,49";"-66,49";"-100,0";"0,00";"-66,49";"-51,82";"0,000000";"0,000000";"0,000";"0,000";"0,000";"0,000"
"-16072,45";"MERCEARIA NAO ALIMENTOS \ LIMPEZA \ INSETICIDAS-REPELENTES \ INSETICIDA LIQUIDO";"0,000";"0,000";"0,000";"1,000";"-1,000";"-100,0";"0,00";"0,00";"0,00";"0,00";"0,00";"17,70";"-17,70";"-100,0";"0,00";"-17,70";"-13,36";"0,000000";"0,000000";"0,000";"0,000";"0,000";"0,000"
"-16044,05";"MERCEARIA NAO ALIMENTOS \ LIMPEZA \ INSETICIDAS-REPELENTES \ KT REPELENTE";"0,000";"2,000";"0,000";"0,000";"2,000";"";"0,00";"0,00";"0,00";"28,40";"0,00";"0,00";"28,40";"";"0,00";"28,40";"22,68";"0,000000";"0,000000";"0,000";"0,000";"0,000";"0,000"
"-16004,12";"MERCEARIA NAO ALIMENTOS \ LIMPEZA \ INSETICIDAS-REPELENTES \ REPELENTE ELETRICO";"0,000";"16,000";"0,000";"14,000";"2,000";"14,3";"0,00";"0,00";"0,00";"271,52";"0,00";"231,59";"39,93";"17,2";"0,00";"39,93";"32,75";"0,000000";"0,000000";"0,000";"0,000";"0,000";"0,000"
"-16673,45";"MERCEARIA NAO ALIMENTOS \ LIMPEZA \ LIMPEZA GERAL \ AGUA SANITARIA";"0,000";"305,000";"0,000";"496,000";"-191,000";"-38,5";"0,07";"0,00";"0,00";"697,08";"0,00";"1.366,41";"-669,33";"-49,0";"0,04";"-669,33";"-670,64";"0,000000";"0,000000";"0,000";"0,000";"0,000";"0,000"
"-16925,74";"MERCEARIA NAO ALIMENTOS \ LIMPEZA \ LIMPEZA GERAL \ ALCOOL";"0,000";"38,000";"0,000";"51,000";"-13,000";"-25,5";"0,00";"0,00";"0,00";"5,71";"0,00";"258,00";"-252,29";"-97,8";"0,02";"-252,29";"-248,41";"0,000000";"0,000000";"0,000";"0,000";"0,000";"0,000"
"-16946,64";"MERCEARIA NAO ALIMENTOS \ LIMPEZA \ LIMPEZA GERAL \ ANTI MOFO - UMIDADE";"0,000";"4,000";"0,000";"8,000";"-4,000";"-50,0";"0,00";"0,00";"0,00";"40,82";"0,00";"61,72";"-20,90";"-33,9";"0,00";"-20,90";"-9,36";"0,000000";"0,000000";"0,000";"0,000";"0,000";"0,000"
"-17076,70";"MERCEARIA NAO ALIMENTOS \ LIMPEZA \ LIMPEZA GERAL \ AROMATIZANTE";"0,000";"1,000";"0,000";"13,000";"-12,000";"-92,3";"0,00";"0,00";"0,00";"11,17";"0,00";"141,23";"-130,06";"-92,1";"0,01";"-130,06";"-101,45";"0,000000";"0,000000";"0,000";"0,000";"0,000";"0,000"
"-16932,85";"MERCEARIA NAO ALIMENTOS \ LIMPEZA \ LIMPEZA GERAL \ CERA";"0,000";"19,000";"0,000";"5,000";"14,000";"280,0";"0,00";"0,00";"0,00";"194,48";"0,00";"50,63";"143,85";"284,1";"-0,01";"143,85";"112,00";"0,000000";"0,000000";"0,000";"0,000";"0,000";"0,000"
"-17101,12";"MERCEARIA NAO ALIMENTOS \ LIMPEZA \ LIMPEZA GERAL \ CLORO";"0,000";"21,000";"0,000";"54,000";"-33,000";"-61,1";"0,01";"0,00";"0,00";"241,52";"0,00";"409,79";"-168,27";"-41,1";"0,01";"-168,27";"-161,89";"0,000000";"0,000000";"0,000";"0,000";"0,000";"0,000"
"-17091,11";"MERCEARIA NAO ALIMENTOS \ LIMPEZA \ LIMPEZA GERAL \ DESINFETANTE";"0,000";"207,000";"0,000";"262,000";"-55,000";"-21,0";"0,02";"0,00";"0,00";"1.140,88";"0,00";"1.130,87";"10,01";"0,9";"0,00";"10,01";"5,78";"0,000000";"0,000000";"0,000";"0,000";"0,000";"0,000"
"-17550,06";"MERCEARIA NAO ALIMENTOS \ LIMPEZA \ LIMPEZA GERAL \ DESODORIZADOR-ODORIZADOR";"0,000";"16,000";"0,000";"40,000";"-24,000";"-60,0";"0,01";"0,00";"0,00";"205,08";"0,00";"664,03";"-458,95";"-69,1";"0,03";"-458,95";"-400,43";"0,000000";"0,000000";"0,000";"0,000";"0,000";"0,000"
"-17511,97";"MERCEARIA NAO ALIMENTOS \ LIMPEZA \ LIMPEZA GERAL \ DESOMIDIFICANTE-NAFTALINA";"0,000";"6,000";"0,000";"9,000";"-3,000";"-33,3";"0,00";"0,00";"0,00";"70,23";"0,00";"32,14";"38,09";"118,5";"0,00";"38,09";"29,83";"0,000000";"0,000000";"0,000";"0,000";"0,000";"0,000"
"-18051,17";"MERCEARIA NAO ALIMENTOS \ LIMPEZA \ LIMPEZA GERAL \ KT LIMPEZA";"0,000";"55,000";"0,000";"120,000";"-65,000";"-54,2";"0,02";"0,00";"0,00";"338,36";"0,00";"877,57";"-539,20";"-61,4";"0,03";"-539,11";"-539,11";"0,000000";"0,000000";"0,000";"0,000";"0,000";"0,000"
"-17973,23";"MERCEARIA NAO ALIMENTOS \ LIMPEZA \ LIMPEZA GERAL \ LIMPADOR MULTI USO";"0,000";"90,000";"0,000";"89,000";"1,000";"1,1";"0,00";"0,00";"0,00";"333,84";"0,00";"255,90";"77,94";"30,5";"0,00";"77,77";"81,81";"0,000000";"0,000000";"0,000";"0,000";"0,000";"0,000"
"-18087,61";"MERCEARIA NAO ALIMENTOS \ LIMPEZA \ LIMPEZA GERAL \ LIMPADOR PERFUMADO";"0,000";"96,000";"0,000";"122,000";"-26,000";"-21,3";"0,01";"0,00";"0,00";"430,18";"0,00";"544,57";"-114,38";"-21,0";"0,01";"-114,38";"-110,11";"0,000000";"0,000000";"0,000";"0,000";"0,000";"0,000"
"-18327,71";"MERCEARIA NAO ALIMENTOS \ LIMPEZA \ LIMPEZA GERAL \ LIMPADOR USO GERAL";"0,000";"12,000";"0,000";"33,000";"-21,000";"-63,6";"0,01";"0,00";"0,00";"146,11";"0,00";"386,22";"-240,10";"-62,2";"0,02";"-240,10";"-227,58";"0,000000";"0,000000";"0,000";"0,000";"0,000";"0,000"
"-18323,67";"MERCEARIA NAO ALIMENTOS \ LIMPEZA \ LIMPEZA GERAL \ LUSTRA MOVEIS";"0,000";"3,000";"0,000";"1,000";"2,000";"200,0";"0,00";"0,00";"0,00";"15,67";"0,00";"11,62";"4,04";"34,8";"0,00";"4,04";"3,39";"0,000000";"0,000000";"0,000";"0,000";"0,000";"0,000"
"-18349,43";"MERCEARIA NAO ALIMENTOS \ LIMPEZA \ LIMPEZA GERAL \ OLEOS";"0,000";"0,000";"0,000";"3,000";"-3,000";"-100,0";"0,00";"0,00";"0,00";"0,00";"0,00";"25,76";"-25,76";"-100,0";"0,00";"-25,76";"-21,37";"0,000000";"0,000000";"0,000";"0,000";"0,000";"0,000"
"-18378,42";"MERCEARIA NAO ALIMENTOS \ LIMPEZA \ LIMPEZA GERAL \ POLIDOR";"0,000";"0,000";"0,000";"1,000";"-1,000";"-100,0";"0,00";"0,00";"0,00";"0,00";"0,00";"28,99";"-28,99";"-100,0";"0,00";"-28,99";"-23,15";"0,000000";"0,000000";"0,000";"0,000";"0,000";"0,000"
"-18319,66";"MERCEARIA NAO ALIMENTOS \ LIMPEZA \ LIMPEZA GERAL \ REMOVEDOR";"0,000";"13,000";"0,000";"6,000";"7,000";"116,7";"0,00";"0,00";"0,00";"123,19";"0,00";"64,44";"58,76";"91,2";"0,00";"58,76";"43,51";"0,000000";"0,000000";"0,000";"0,000";"0,000";"0,000"
"-17744,87";"MERCEARIA NAO ALIMENTOS \ LIMPEZA \ LIMPEZA GERAL \ SAPONACEO";"0,000";"93,000";"0,000";"25,000";"68,000";"272,0";"-0,02";"0,00";"0,00";"746,26";"0,00";"171,47";"574,79";"335,2";"-0,04";"574,79";"454,33";"0,000000";"0,000000";"0,000";"0,000";"0,000";"0,000"
"-17765,60";"MERCEARIA NAO ALIMENTOS \ LIMPEZA \ LIMPEZA GERAL \ SODA CAUSTICA";"0,000";"0,000";"0,000";"2,000";"-2,000";"-100,0";"0,00";"0,00";"0,00";"0,00";"0,00";"20,73";"-20,73";"-100,0";"0,00";"-20,73";"-18,19";"0,000000";"0,000000";"0,000";"0,000";"0,000";"0,000"
"-18192,85";"MERCEARIA NAO ALIMENTOS \ LIMPEZA \ ROUPAS \ AMACIANTE CONCENTRADO";"0,000";"86,000";"0,000";"159,000";"-73,000";"-45,9";"0,03";"0,00";"0,00";"698,54";"0,00";"1.125,79";"-427,25";"-38,0";"0,03";"-429,56";"-412,69";"0,000000";"0,000000";"0,000";"0,000";"0,000";"0,000"
"-18657,46";"MERCEARIA NAO ALIMENTOS \ LIMPEZA \ ROUPAS \ AMACIANTE DILUIDO";"0,000";"82,000";"0,000";"206,000";"-124,000";"-60,2";"0,04";"0,00";"0,00";"454,69";"0,00";"919,30";"-464,61";"-50,5";"0,03";"-464,13";"-458,57";"0,000000";"0,000000";"0,000";"0,000";"0,000";"0,000"
"-18590,52";"MERCEARIA NAO ALIMENTOS \ LIMPEZA \ ROUPAS \ KIT ROUPAS";"0,000";"2,000";"0,000";"0,000";"2,000";"";"0,00";"0,00";"0,00";"66,94";"0,00";"0,00";"66,94";"";"0,00";"66,94";"61,47";"0,000000";"0,000000";"0,000";"0,000";"0,000";"0,000"
"-18566,27";"MERCEARIA NAO ALIMENTOS \ LIMPEZA \ ROUPAS \ SABAO BARRA";"0,000";"37,000";"0,000";"13,000";"24,000";"184,6";"-0,01";"0,00";"0,00";"109,16";"0,00";"84,90";"24,25";"28,6";"0,00";"24,25";"19,14";"0,000000";"0,000000";"0,000";"0,000";"0,000";"0,000"
"-17865,76";"MERCEARIA NAO ALIMENTOS \ LIMPEZA \ ROUPAS \ SABAO LIQUIDO";"0,000";"204,000";"0,000";"121,000";"83,000";"68,6";"-0,03";"0,00";"0,00";"2.501,50";"0,00";"1.800,99";"700,51";"38,9";"-0,04";"699,36";"682,71";"0,000000";"0,000000";"0,000";"0,000";"0,000";"0,000"
"-19400,31";"MERCEARIA NAO ALIMENTOS \ LIMPEZA \ ROUPAS \ SABAO PO";"0,000";"175,000";"0,000";"370,000";"-195,000";"-52,7";"0,07";"0,00";"0,00";"2.013,66";"0,00";"3.548,22";"-1.534,55";"-43,2";"0,10";"-1.546,29";"-1.546,28";"0,000000";"0,000000";"0,000";"0,000";"0,000";"0,000"
"-19730,66";"MERCEARIA NAO ALIMENTOS \ LIMPEZA \ ROUPAS \ TIRA MANCHAS-FERRUG-PELO";"0,000";"26,000";"0,000";"47,000";"-21,000";"-44,7";"0,01";"0,00";"0,00";"254,75";"0,00";"585,10";"-330,35";"-56,5";"0,02";"-330,35";"-314,98";"0,000000";"0,000000";"0,000";"0,000";"0,000";"0,000"
"-19790,62";"MERCEARIA NAO ALIMENTOS \ PERFUMARIA \ DEPILACO \ ACESSORIOS DEPILACAO";"0,000";"0,000";"0,000";"2,000";"-2,000";"-100,0";"0,00";"0,00";"0,00";"0,00";"0,00";"59,96";"-59,96";"-100,0";"0,00";"-59,96";"-59,96";"0,000000";"0,000000";"0,000";"0,000";"0,000";"0,000"
"-19764,31";"MERCEARIA NAO ALIMENTOS \ PERFUMARIA \ DEPILACO \ APARELHO BARBEAR";"0,000";"200,000";"0,000";"210,000";"-10,000";"-4,8";"0,00";"0,00";"0,00";"1.494,72";"0,00";"1.468,42";"26,31";"1,8";"0,00";"71,25";"69,10";"0,000000";"0,000000";"0,000";"0,000";"0,000";"0,000"
"-19781,64";"MERCEARIA NAO ALIMENTOS \ PERFUMARIA \ DEPILACO \ APARELHO DEPILAR";"0,000";"8,000";"0,000";"8,000";"0,000";"0,0";"0,00";"0,00";"0,00";"87,38";"0,00";"104,72";"-17,33";"-16,6";"0,00";"-20,05";"-18,41";"0,000000";"0,000000";"0,000";"0,000";"0,000";"0,000"
"-19825,66";"MERCEARIA NAO ALIMENTOS \ PERFUMARIA \ DEPILACO \ CARGAS-LAMINAS";"0,000";"0,000";"0,000";"2,000";"-2,000";"-100,0";"0,00";"0,00";"0,00";"0,00";"0,00";"44,02";"-44,02";"-100,0";"0,00";"-44,02";"-39,95";"0,000000";"0,000000";"0,000";"0,000";"0,000";"0,000"
"-19878,15";"MERCEARIA NAO ALIMENTOS \ PERFUMARIA \ DEPILACO \ CREME-GEL DE BARBEAR";"0,000";"2,000";"0,000";"10,000";"-8,000";"-80,0";"0,00";"0,00";"0,00";"13,12";"0,00";"65,61";"-52,49";"-80,0";"0,00";"-52,49";"-52,49";"0,000000";"0,000000";"0,000";"0,000";"0,000";"0,000"
"-19908,41";"MERCEARIA NAO ALIMENTOS \ PERFUMARIA \ FARMACIA INFANT \ CREME";"0,000";"0,000";"0,000";"3,000";"-3,000";"-100,0";"0,00";"0,00";"0,00";"0,00";"0,00";"30,26";"-30,26";"-100,0";"0,00";"-30,26";"-30,26";"0,000000";"0,000000";"0,000";"0,000";"0,000";"0,000"
"-20062,97";"MERCEARIA NAO ALIMENTOS \ PERFUMARIA \ FARMACIA \ ALCOOL";"0,000";"0,000";"0,000";"24,000";"-24,000";"-100,0";"0,01";"0,00";"0,00";"0,00";"0,00";"154,56";"-154,56";"-100,0";"0,01";"-154,56";"-120,56";"0,000000";"0,000000";"0,000";"0,000";"0,000";"0,000"
"-20079,02";"MERCEARIA NAO ALIMENTOS \ PERFUMARIA \ FARMACIA \ ALGODAO";"0,000";"0,000";"0,000";"7,000";"-7,000";"-100,0";"0,00";"0,00";"0,00";"0,00";"0,00";"16,05";"-16,05";"-100,0";"0,00";"-16,05";"-12,79";"0,000000";"0,000000";"0,000";"0,000";"0,000";"0,000"
"-20183,89";"MERCEARIA NAO ALIMENTOS \ PERFUMARIA \ FARMACIA \ CREME";"0,000";"0,000";"0,000";"5,000";"-5,000";"-100,0";"0,00";"0,00";"0,00";"0,00";"0,00";"104,87";"-104,87";"-100,0";"0,01";"-104,87";"-104,87";"0,000000";"0,000000";"0,000";"0,000";"0,000";"0,000"
"-20234,14";"MERCEARIA NAO ALIMENTOS \ PERFUMARIA \ FARMACIA \ CURATIVO";"0,000";"0,000";"0,000";"4,000";"-4,000";"-100,0";"0,00";"0,00";"0,00";"0,00";"0,00";"50,25";"-50,25";"-100,0";"0,00";"-50,25";"-47,08";"0,000000";"0,000000";"0,000";"0,000";"0,000";"0,000"
"-19847,91";"MERCEARIA NAO ALIMENTOS \ PERFUMARIA \ FARMACIA \ HASTE FLEXIVEL";"0,000";"367,000";"0,000";"118,000";"249,000";"211,0";"-0,09";"0,00";"0,00";"570,07";"0,00";"183,84";"386,23";"210,1";"-0,02";"386,23";"387,44";"0,000000";"0,000000";"0,000";"0,000";"0,000";"0,000"
"-21252,66";"MERCEARIA NAO ALIMENTOS \ PERFUMARIA \ FRALDA INFANTIL \ FRALDAS DESCART INFANTIL";"0,000";"90,000";"0,000";"122,000";"-32,000";"-26,2";"0,01";"0,00";"0,00";"2.995,31";"0,00";"4.400,07";"-1.404,75";"-31,9";"0,09";"-1.404,73";"-1.310,22";"0,000000";"0,000000";"0,000";"0,000";"0,000";"0,000"
"-20820,46";"MERCEARIA NAO ALIMENTOS \ PERFUMARIA \ HIGIENE INTIMA \ ABSORVENTE";"0,000";"224,000";"0,000";"90,000";"134,000";"148,9";"-0,05";"0,00";"0,00";"1.131,74";"0,00";"699,54";"432,20";"61,8";"-0,03";"432,20";"406,61";"0,000000";"0,000000";"0,000";"0,000";"0,000";"0,000"
"-20776,15";"MERCEARIA NAO ALIMENTOS \ PERFUMARIA \ HIGIENE INTIMA \ PROTETOR INTIMO";"0,000";"7,000";"0,000";"1,000";"6,000";"600,0";"0,00";"0,00";"0,00";"50,75";"0,00";"6,44";"44,31";"687,7";"0,00";"44,31";"40,68";"0,000000";"0,000000";"0,000";"0,000";"0,000";"0,000"
"-20786,94";"MERCEARIA NAO ALIMENTOS \ PERFUMARIA \ HIGIENE INTIMA \ SABONETE INTIMO";"0,000";"0,000";"0,000";"1,000";"-1,000";"-100,0";"0,00";"0,00";"0,00";"0,00";"0,00";"10,79";"-10,79";"-100,0";"0,00";"-10,79";"-10,04";"0,000000";"0,000000";"0,000";"0,000";"0,000";"0,000"
"-20792,52";"MERCEARIA NAO ALIMENTOS \ PERFUMARIA \ HIGIENE ORAL \ ACESSORIOS HIGIENE ORAL";"0,000";"0,000";"0,000";"1,000";"-1,000";"-100,0";"0,00";"0,00";"0,00";"0,00";"0,00";"5,58";"-5,58";"-100,0";"0,00";"-5,58";"-4,35";"0,000000";"0,000000";"0,000";"0,000";"0,000";"0,000"
"-20383,89";"MERCEARIA NAO ALIMENTOS \ PERFUMARIA \ HIGIENE ORAL \ CREME-GEL DENTAL";"0,000";"515,000";"0,000";"288,000";"227,000";"78,8";"-0,08";"0,00";"0,00";"1.734,17";"0,00";"1.325,54";"408,63";"30,8";"-0,03";"408,60";"382,15";"0,000000";"0,000000";"0,000";"0,000";"0,000";"0,000"
"-20416,86";"MERCEARIA NAO ALIMENTOS \ PERFUMARIA \ HIGIENE ORAL \ ENXAGUANTE BUCAL";"0,000";"0,000";"0,000";"3,000";"-3,000";"-100,0";"0,00";"0,00";"0,00";"0,00";"0,00";"32,97";"-32,97";"-100,0";"0,00";"-32,97";"-32,97";"0,000000";"0,000000";"0,000";"0,000";"0,000";"0,000"
"-20715,72";"MERCEARIA NAO ALIMENTOS \ PERFUMARIA \ HIGIENE ORAL \ ESCOVA DENTAL";"0,000";"43,000";"0,000";"36,000";"7,000";"19,4";"0,00";"0,00";"0,00";"124,81";"0,00";"423,67";"-298,86";"-70,5";"0,02";"-298,86";"-277,94";"0,000000";"0,000000";"0,000";"0,000";"0,000";"0,000"
"-20770,84";"MERCEARIA NAO ALIMENTOS \ PERFUMARIA \ HIGIENE ORAL \ FIO E FITA DENTAL";"0,000";"0,000";"0,000";"4,000";"-4,000";"-100,0";"0,00";"0,00";"0,00";"0,00";"0,00";"55,12";"-55,12";"-100,0";"0,00";"-55,12";"-55,12";"0,000000";"0,000000";"0,000";"0,000";"0,000";"0,000"
"-20775,02";"MERCEARIA NAO ALIMENTOS \ PERFUMARIA \ LENCOS-TOALHA \ LENCO PAPEL";"0,000";"0,000";"0,000";"1,000";"-1,000";"-100,0";"0,00";"0,00";"0,00";"0,00";"0,00";"4,18";"-4,18";"-100,0";"0,00";"-4,18";"-3,79";"0,000000";"0,000000";"0,000";"0,000";"0,000";"0,000"
"-20491,06";"MERCEARIA NAO ALIMENTOS \ PERFUMARIA \ LENCOS-TOALHA \ LENCO-TOALHA UMEDECIDO";"0,000";"37,000";"0,000";"2,000";"35,000";"1.750,0";"-0,01";"0,00";"0,00";"290,83";"0,00";"6,88";"283,96";"4.127,5";"-0,02";"283,96";"283,96";"0,000000";"0,000000";"0,000";"0,000";"0,000";"0,000"
"-21407,20";"MERCEARIA NAO ALIMENTOS \ PERFUMARIA \ LINHA CAPILAR \ CONDICIONADOR";"0,000";"9,000";"0,000";"80,000";"-71,000";"-88,8";"0,02";"0,00";"0,00";"137,36";"0,00";"1.053,50";"-916,14";"-87,0";"0,06";"-916,14";"-916,14";"0,000000";"0,000000";"0,000";"0,000";"0,000";"0,000"
"-21497,04";"MERCEARIA NAO ALIMENTOS \ PERFUMARIA \ LINHA CAPILAR \ CREME HIDRATACAO";"0,000";"0,000";"0,000";"12,000";"-12,000";"-100,0";"0,00";"0,00";"0,00";"0,00";"0,00";"89,84";"-89,84";"-100,0";"0,01";"-89,84";"-89,84";"0,000000";"0,000000";"0,000";"0,000";"0,000";"0,000"
"-21672,58";"MERCEARIA NAO ALIMENTOS \ PERFUMARIA \ LINHA CAPILAR \ CREME PENTEAR";"0,000";"4,000";"0,000";"22,000";"-18,000";"-81,8";"0,01";"0,00";"0,00";"19,29";"0,00";"194,83";"-175,54";"-90,1";"0,01";"-175,54";"-175,54";"0,000000";"0,000000";"0,000";"0,000";"0,000";"0,000"
"-21672,58";"MERCEARIA NAO ALIMENTOS \ PERFUMARIA \ LINHA CAPILAR \ FINALIZACAO";"0,000";"2,000";"0,000";"2,000";"0,000";"0,0";"0,00";"0,00";"0,00";"55,19";"0,00";"55,19";"0,00";"0,0";"0,00";"0,00";"0,00";"0,000000";"0,000000";"0,000";"0,000";"0,000";"0,000"
"-21702,62";"MERCEARIA NAO ALIMENTOS \ PERFUMARIA \ LINHA CAPILAR \ GEL E FIXADOR";"0,000";"0,000";"0,000";"3,000";"-3,000";"-100,0";"0,00";"0,00";"0,00";"0,00";"0,00";"30,04";"-30,04";"-100,0";"0,00";"-30,04";"-30,04";"0,000000";"0,000000";"0,000";"0,000";"0,000";"0,000"
"-21270,84";"MERCEARIA NAO ALIMENTOS \ PERFUMARIA \ LINHA CAPILAR \ KIT CAPILAR";"0,000";"69,000";"0,000";"28,000";"41,000";"146,4";"-0,01";"0,00";"0,00";"924,08";"0,00";"492,30";"431,78";"87,7";"-0,03";"431,78";"431,78";"0,000000";"0,000000";"0,000";"0,000";"0,000";"0,000"
"-21405,29";"MERCEARIA NAO ALIMENTOS \ PERFUMARIA \ LINHA CAPILAR \ MASCARA CAPILAR";"0,000";"1,000";"0,000";"6,000";"-5,000";"-83,3";"0,00";"0,00";"0,00";"15,85";"0,00";"150,30";"-134,45";"-89,5";"0,01";"-134,45";"-134,45";"0,000000";"0,000000";"0,000";"0,000";"0,000";"0,000"
"-21432,43";"MERCEARIA NAO ALIMENTOS \ PERFUMARIA \ LINHA CAPILAR \ OLEO CAPILAR";"0,000";"2,000";"0,000";"6,000";"-4,000";"-66,7";"0,00";"0,00";"0,00";"14,58";"0,00";"41,72";"-27,14";"-65,1";"0,00";"-27,14";"-27,14";"0,000000";"0,000000";"0,000";"0,000";"0,000";"0,000"
"-21429,79";"MERCEARIA NAO ALIMENTOS \ PERFUMARIA \ LINHA CAPILAR \ PO DESCOLORANTE";"0,000";"1,000";"0,000";"0,000";"1,000";"";"0,00";"0,00";"0,00";"2,64";"0,00";"0,00";"2,64";"";"0,00";"2,64";"2,64";"0,000000";"0,000000";"0,000";"0,000";"0,000";"0,000"
"-21237,78";"MERCEARIA NAO ALIMENTOS \ PERFUMARIA \ LINHA CAPILAR \ SHAMPOO";"0,000";"39,000";"0,000";"20,000";"19,000";"95,0";"-0,01";"0,00";"0,00";"465,33";"0,00";"273,33";"192,01";"70,2";"-0,01";"197,89";"197,89";"0,000000";"0,000000";"0,000";"0,000";"0,000";"0,000"
"-21266,12";"MERCEARIA NAO ALIMENTOS \ PERFUMARIA \ LINHA CAPILAR \ TINTURA";"0,000";"2,000";"0,000";"6,000";"-4,000";"-66,7";"0,00";"0,00";"0,00";"21,49";"0,00";"49,83";"-28,34";"-56,9";"0,00";"-28,34";"-28,34";"0,000000";"0,000000";"0,000";"0,000";"0,000";"0,000"
"-21190,56";"MERCEARIA NAO ALIMENTOS \ PERFUMARIA \ LINHA CAPILAR \ TRATAMENTO CAPILAR";"0,000";"18,000";"0,000";"11,000";"7,000";"63,6";"0,00";"0,00";"0,00";"247,43";"0,00";"171,87";"75,56";"44,0";"0,00";"75,56";"75,56";"0,000000";"0,000000";"0,000";"0,000";"0,000";"0,000"
"-21209,04";"MERCEARIA NAO ALIMENTOS \ PERFUMARIA \ LINHA CORPORAL \ CREME HIDRATANTE";"0,000";"0,000";"0,000";"3,000";"-3,000";"-100,0";"0,00";"0,00";"0,00";"0,00";"0,00";"18,48";"-18,48";"-100,0";"0,00";"-18,48";"-18,48";"0,000000";"0,000000";"0,000";"0,000";"0,000";"0,000"
"-20222,27";"MERCEARIA NAO ALIMENTOS \ PERFUMARIA \ LINHA CORPORAL \ DESODORANTE AEROSOL";"0,000";"199,000";"0,000";"117,000";"82,000";"70,1";"-0,03";"0,00";"0,00";"1.900,10";"0,00";"913,33";"986,77";"108,0";"-0,06";"986,45";"986,45";"0,000000";"0,000000";"0,000";"0,000";"0,000";"0,000"
"-19638,14";"MERCEARIA NAO ALIMENTOS \ PERFUMARIA \ LINHA CORPORAL \ DESODORANTE CREME";"0,000";"166,000";"0,000";"3,000";"163,000";"5.433,3";"-0,06";"0,00";"0,00";"594,56";"0,00";"10,44";"584,13";"5.597,4";"-0,04";"584,69";"584,69";"0,000000";"0,000000";"0,000";"0,000";"0,000";"0,000"
"-19609,56";"MERCEARIA NAO ALIMENTOS \ PERFUMARIA \ LINHA CORPORAL \ DESODORANTE ROLLON";"0,000";"35,000";"0,000";"32,000";"3,000";"9,4";"0,00";"0,00";"0,00";"275,33";"0,00";"246,76";"28,58";"11,6";"0,00";"29,92";"29,92";"0,000000";"0,000000";"0,000";"0,000";"0,000";"0,000"
"-19690,70";"MERCEARIA NAO ALIMENTOS \ PERFUMARIA \ LINHA CORPORAL \ ESPONJA E BUCHA";"0,000";"0,000";"0,000";"11,000";"-11,000";"-100,0";"0,00";"0,00";"0,00";"0,00";"0,00";"81,14";"-81,14";"-100,0";"0,01";"-81,14";"-64,65";"0,000000";"0,000000";"0,000";"0,000";"0,000";"0,000"
"-20167,80";"MERCEARIA NAO ALIMENTOS \ PERFUMARIA \ LINHA CORPORAL \ LOCAO HIDRATANTE-CORPORAL";"0,000";"19,000";"0,000";"68,000";"-49,000";"-72,1";"0,02";"0,00";"0,00";"184,00";"0,00";"661,10";"-477,10";"-72,2";"0,03";"-477,10";"-477,10";"0,000000";"0,000000";"0,000";"0,000";"0,000";"0,000"
"-20228,18";"MERCEARIA NAO ALIMENTOS \ PERFUMARIA \ LINHA CORPORAL \ OLEO CORPORAL";"0,000";"0,000";"0,000";"6,000";"-6,000";"-100,0";"0,00";"0,00";"0,00";"0,00";"0,00";"60,38";"-60,38";"-100,0";"0,00";"-60,38";"-60,38";"0,000000";"0,000000";"0,000";"0,000";"0,000";"0,000"
"-20374,23";"MERCEARIA NAO ALIMENTOS \ PERFUMARIA \ LINHA CORPORAL \ PROTETOR CORPORAL";"0,000";"0,000";"0,000";"2,000";"-2,000";"-100,0";"0,00";"0,00";"0,00";"0,00";"0,00";"146,05";"-146,05";"-100,0";"0,01";"-146,05";"-135,82";"0,000000";"0,000000";"0,000";"0,000";"0,000";"0,000"
"-20672,42";"MERCEARIA NAO ALIMENTOS \ PERFUMARIA \ LINHA CORPORAL \ REPELENTE";"0,000";"1,000";"0,000";"19,000";"-18,000";"-94,7";"0,01";"0,00";"0,00";"13,22";"0,00";"311,41";"-298,19";"-95,8";"0,02";"-298,19";"-273,68";"0,000000";"0,000000";"0,000";"0,000";"0,000";"0,000"
"-19074,58";"MERCEARIA NAO ALIMENTOS \ PERFUMARIA \ LINHA CORPORAL \ SABONETE";"0,000";"2.449,000";"0,000";"1.046,000";"1.403,000";"134,1";"-0,49";"0,00";"0,00";"3.314,10";"0,00";"1.716,26";"1.597,84";"93,1";"-0,10";"1.596,29";"1.456,51";"0,000000";"0,000000";"0,000";"0,000";"0,000";"0,000"
"-19061,92";"MERCEARIA NAO ALIMENTOS \ PERFUMARIA \ LINHA CORPORAL \ TALCO";"0,000";"1,000";"0,000";"0,000";"1,000";"";"0,00";"0,00";"0,00";"12,66";"0,00";"0,00";"12,66";"";"0,00";"12,66";"12,66";"0,000000";"0,000000";"0,000";"0,000";"0,000";"0,000"
"-18954,59";"MERCEARIA NAO ALIMENTOS \ PERFUMARIA \ LINHA FACIAL \ SABONETE FACIAL";"0,000";"12,000";"0,000";"0,000";"12,000";"";"0,00";"0,00";"0,00";"107,33";"0,00";"0,00";"107,33";"";"-0,01";"107,33";"94,34";"0,000000";"0,000000";"0,000";"0,000";"0,000";"0,000"
"-22421,13";"MERCEARIA NAO ALIMENTOS \ PERFUMARIA \ PAPEL HIGIENICO \ FOLHA DUPLA";"0,000";"35,000";"0,000";"434,000";"-399,000";"-91,9";"0,14";"0,00";"0,00";"300,06";"0,00";"3.766,60";"-3.466,54";"-92,0";"0,22";"-3.466,54";"-3.223,88";"0,000000";"0,000000";"0,000";"0,000";"0,000";"0,000"
"-22432,07";"MERCEARIA NAO ALIMENTOS \ PERFUMARIA \ PAPEL HIGIENICO \ FOLHA TRIPLA";"0,000";"0,000";"0,000";"2,000";"-2,000";"-100,0";"0,00";"0,00";"0,00";"0,00";"0,00";"10,94";"-10,94";"-100,0";"0,00";"-10,94";"-10,18";"0,000000";"0,000000";"0,000";"0,000";"0,000";"0,000"
"-22450,36";"MERCEARIA NAO ALIMENTOS \ PERFUMARIA \ PES E MAOS \ ACETONA-REMOVEDOR";"0,000";"0,000";"0,000";"3,000";"-3,000";"-100,0";"0,00";"0,00";"0,00";"0,00";"0,00";"18,29";"-18,29";"-100,0";"0,00";"-18,29";"-18,29";"0,000000";"0,000000";"0,000";"0,000";"0,000";"0,000"
"-22485,14";"MERCEARIA NAO ALIMENTOS \ PERFUMARIA \ PES E MAOS \ ESMALTE";"0,000";"4,000";"0,000";"13,000";"-9,000";"-69,2";"0,00";"0,00";"0,00";"15,18";"0,00";"49,96";"-34,78";"-69,6";"0,00";"-34,78";"-34,78";"0,000000";"0,000000";"0,000";"0,000";"0,000";"0,000"
"-22377,25";"MERCEARIA NAO ALIMENTOS \ PERFUMARIA \ PES E MAOS \ TALCO";"0,000";"22,000";"0,000";"1,000";"21,000";"2.100,0";"-0,01";"0,00";"0,00";"113,59";"0,00";"5,70";"107,89";"1.891,9";"-0,01";"107,89";"107,89";"0,000000";"0,000000";"0,000";"0,000";"0,000";"0,000"
"-23090,59";"MERCEARIA NAO ALIMENTOS \ PETSHOP \ ALIMENTOS CAES \ PETISCOS CAES";"0,000";"9,000";"0,000";"220,000";"-211,000";"-95,9";"0,07";"0,00";"0,00";"52,84";"0,00";"766,18";"-713,34";"-93,1";"0,05";"-713,34";"-653,88";"0,000000";"0,000000";"0,000";"0,000";"0,000";"0,000"
"-23010,78";"MERCEARIA NAO ALIMENTOS \ PETSHOP \ ALIMENTOS CAES \ RACAO SECA CAES";"0,000";"23,000";"0,000";"21,000";"2,000";"9,5";"0,00";"0,00";"0,00";"569,25";"0,00";"489,44";"79,81";"16,3";"-0,01";"79,81";"94,51";"0,000000";"0,000000";"0,000";"0,000";"0,000";"0,000"
"-23044,58";"MERCEARIA NAO ALIMENTOS \ PETSHOP \ ALIMENTOS CAES \ RACAO UMIDA CAES";"0,000";"47,000";"0,000";"54,000";"-7,000";"-13,0";"0,00";"0,00";"0,00";"97,91";"0,00";"131,71";"-33,80";"-25,7";"0,00";"-33,80";"-31,03";"0,000000";"0,000000";"0,000";"0,000";"0,000";"0,000"
"-23028,92";"MERCEARIA NAO ALIMENTOS \ PETSHOP \ ALIMENTOS GATOS \ PETISCOS GATOS";"0,000";"8,000";"0,000";"5,000";"3,000";"60,0";"0,00";"0,00";"0,00";"41,71";"0,00";"26,05";"15,66";"60,1";"0,00";"15,66";"14,38";"0,000000";"0,000000";"0,000";"0,000";"0,000";"0,000"
"-23495,59";"MERCEARIA NAO ALIMENTOS \ PETSHOP \ ALIMENTOS GATOS \ RACAO SECA GATOS";"0,000";"20,000";"0,000";"55,000";"-35,000";"-63,6";"0,01";"0,00";"0,00";"201,08";"0,00";"667,75";"-466,67";"-69,9";"0,03";"-465,69";"-427,52";"0,000000";"0,000000";"0,000";"0,000";"0,000";"0,000"
"-23525,10";"MERCEARIA NAO ALIMENTOS \ PETSHOP \ ALIMENTOS GATOS \ RACAO UMIDA GATOS";"0,000";"13,000";"0,000";"26,000";"-13,000";"-50,0";"0,00";"0,00";"0,00";"26,98";"0,00";"56,49";"-29,51";"-52,2";"0,00";"-30,20";"-27,77";"0,000000";"0,000000";"0,000";"0,000";"0,000";"0,000"
"-23833,64";"MERCEARIA NAO ALIMENTOS \ PETSHOP \ ALIMENTOS OUTROS ANIMAIS \ ALIMENTOS OUTROS ANIMAIS";"0,000";"5,000";"0,000";"75,000";"-70,000";"-93,3";"0,02";"0,00";"0,00";"24,30";"0,00";"332,85";"-308,54";"-92,7";"0,02";"-308,54";"-276,98";"0,000000";"0,000000";"0,000";"0,000";"0,000";"0,000"
"-23854,53";"MERCEARIA NAO ALIMENTOS \ PETSHOP \ HIGIENIZACAO PET \ AREIA PARA GATO";"0,000";"0,000";"0,000";"3,000";"-3,000";"-100,0";"0,00";"0,00";"0,00";"0,00";"0,00";"20,89";"-20,89";"-100,0";"0,00";"-20,89";"-16,30";"0,000000";"0,000000";"0,000";"0,000";"0,000";"0,000"
"-23928,96";"MERCEARIA NAO ALIMENTOS \ PETSHOP \ HIGIENIZACAO PET \ SHAMPOO-CONDICIONADOR PET";"0,000";"0,000";"0,000";"9,000";"-9,000";"-100,0";"0,00";"0,00";"0,00";"0,00";"0,00";"74,43";"-74,43";"-100,0";"0,00";"-74,43";"-58,23";"0,000000";"0,000000";"0,000";"0,000";"0,000";"0,000"
"-23942,66";"MERCEARIA NAO ALIMENTOS \ PETSHOP \ HIGIENIZACAO PET \ TAPETE HIGIENICO";"0,000";"0,000";"0,000";"1,000";"-1,000";"-100,0";"0,00";"0,00";"0,00";"0,00";"0,00";"13,70";"-13,70";"-100,0";"0,00";"-13,70";"-10,69";"0,000000";"0,000000";"0,000";"0,000";"0,000";"0,000"
"-23936,83";"MERCEARIA \ BEBIDAS ALCOOLICAS \ CERVEJA \ CERV ALE";"0,000";"1,000";"0,000";"0,000";"1,000";"";"0,00";"0,00";"0,00";"5,83";"0,00";"0,00";"5,83";"";"0,00";"5,83";"5,83";"0,000000";"0,000000";"0,000";"0,000";"0,000";"0,000"
"-23967,31";"MERCEARIA \ BEBIDAS ALCOOLICAS \ CERVEJA \ CERV ESCURA";"0,000";"4,000";"0,000";"11,000";"-7,000";"-63,6";"0,00";"0,00";"0,00";"13,94";"0,00";"44,41";"-30,48";"-68,6";"0,00";"-30,48";"-30,48";"0,000000";"0,000000";"0,000";"0,000";"0,000";"0,000"
"-24289,25";"MERCEARIA \ BEBIDAS ALCOOLICAS \ CERVEJA \ CERV IPA";"0,000";"0,000";"0,000";"58,000";"-58,000";"-100,0";"0,02";"0,00";"0,00";"0,00";"0,00";"321,94";"-321,94";"-100,0";"0,02";"-321,94";"-321,94";"0,000000";"0,000000";"0,000";"0,000";"0,000";"0,000"
"-29810,32";"MERCEARIA \ BEBIDAS ALCOOLICAS \ CERVEJA \ CERV LAGER";"0,000";"178,000";"0,000";"1.424,000";"-1.246,000";"-87,5";"0,43";"0,00";"0,00";"740,09";"0,00";"6.261,16";"-5.521,07";"-88,2";"0,35";"-5.520,88";"-5.520,88";"0,000000";"0,000000";"0,000";"0,000";"0,000";"0,000"
"-30335,25";"MERCEARIA \ BEBIDAS ALCOOLICAS \ CERVEJA \ CERV PILSEN";"0,000";"162,000";"0,000";"314,000";"-152,000";"-48,4";"0,05";"0,00";"0,00";"630,23";"0,00";"1.155,15";"-524,93";"-45,4";"0,03";"-524,93";"-524,93";"0,000000";"0,000000";"0,000";"0,000";"0,000";"0,000"
"-30430,71";"MERCEARIA \ BEBIDAS ALCOOLICAS \ CERVEJA \ CERV WEISS";"0,000";"0,000";"0,000";"10,000";"-10,000";"-100,0";"0,00";"0,00";"0,00";"0,00";"0,00";"95,46";"-95,46";"-100,0";"0,01";"-95,46";"-95,46";"0,000000";"0,000000";"0,000";"0,000";"0,000";"0,000"
"-30609,76";"MERCEARIA \ BEBIDAS ALCOOLICAS \ DESTILADO \ AGUARDENTES";"0,000";"0,000";"0,000";"58,000";"-58,000";"-100,0";"0,02";"0,00";"0,00";"0,00";"0,00";"179,05";"-179,05";"-100,0";"0,01";"-179,05";"-144,21";"0,000000";"0,000000";"0,000";"0,000";"0,000";"0,000"
"-30699,58";"MERCEARIA \ BEBIDAS ALCOOLICAS \ DESTILADO \ CACHACA";"0,000";"8,000";"0,000";"14,000";"-6,000";"-42,9";"0,00";"0,00";"0,00";"116,56";"0,00";"206,38";"-89,82";"-43,5";"0,01";"-89,82";"-70,04";"0,000000";"0,000000";"0,000";"0,000";"0,000";"0,000"
"-30809,34";"MERCEARIA \ BEBIDAS ALCOOLICAS \ DESTILADO \ CONHAQUE";"0,000";"0,000";"0,000";"7,000";"-7,000";"-100,0";"0,00";"0,00";"0,00";"0,00";"0,00";"109,76";"-109,76";"-100,0";"0,01";"-109,76";"-73,25";"0,000000";"0,000000";"0,000";"0,000";"0,000";"0,000"
"-30831,31";"MERCEARIA \ BEBIDAS ALCOOLICAS \ DESTILADO \ GIN";"0,000";"0,000";"0,000";"1,000";"-1,000";"-100,0";"0,00";"0,00";"0,00";"0,00";"0,00";"21,97";"-21,97";"-100,0";"0,00";"-21,97";"-15,29";"0,000000";"0,000000";"0,000";"0,000";"0,000";"0,000"
"-30948,39";"MERCEARIA \ BEBIDAS ALCOOLICAS \ DESTILADO \ RUM";"0,000";"1,000";"0,000";"5,000";"-4,000";"-80,0";"0,00";"0,00";"0,00";"0,00";"0,00";"117,08";"-117,08";"-100,0";"0,01";"-117,08";"-77,65";"0,000000";"0,000000";"0,000";"0,000";"0,000";"0,000"
"-30973,37";"MERCEARIA \ BEBIDAS ALCOOLICAS \ DESTILADO \ VERMOUTH";"0,000";"1,000";"0,000";"2,000";"-1,000";"-50,0";"0,00";"0,00";"0,00";"26,47";"0,00";"51,45";"-24,98";"-48,6";"0,00";"-24,98";"-13,22";"0,000000";"0,000000";"0,000";"0,000";"0,000";"0,000"
"-30980,83";"MERCEARIA \ BEBIDAS ALCOOLICAS \ DESTILADO \ VODKA";"0,000";"67,000";"0,000";"71,000";"-4,000";"-5,6";"0,00";"0,00";"0,00";"452,67";"0,00";"460,13";"-7,46";"-1,6";"0,00";"-7,84";"0,09";"0,000000";"0,000000";"0,000";"0,000";"0,000";"0,000"
"-31715,70";"MERCEARIA \ BEBIDAS ALCOOLICAS \ DESTILADO \ WHISKY";"0,000";"3,000";"0,000";"8,000";"-5,000";"-62,5";"0,00";"0,00";"0,00";"62,83";"0,00";"797,70";"-734,87";"-92,1";"0,05";"-734,87";"-523,10";"0,000000";"0,000000";"0,000";"0,000";"0,000";"0,000"
"-31725,82";"MERCEARIA \ BEBIDAS ALCOOLICAS \ DRINKS E APERITIVOS \ APERITIVO";"0,000";"1,000";"0,000";"1,000";"0,000";"0,0";"0,00";"0,00";"0,00";"11,37";"0,00";"21,49";"-10,12";"-47,1";"0,00";"-10,12";"-11,45";"0,000000";"0,000000";"0,000";"0,000";"0,000";"0,000"
"-31376,04";"MERCEARIA \ BEBIDAS ALCOOLICAS \ DRINKS E APERITIVOS \ BEBIDA MISTA";"0,000";"147,000";"0,000";"49,000";"98,000";"200,0";"-0,03";"0,00";"0,00";"629,57";"0,00";"279,79";"349,78";"125,0";"-0,02";"364,67";"242,43";"0,000000";"0,000000";"0,000";"0,000";"0,000";"0,000"
"-31402,32";"MERCEARIA \ BEBIDAS ALCOOLICAS \ DRINKS E APERITIVOS \ CHOPP VINHO";"0,000";"0,000";"0,000";"5,000";"-5,000";"-100,0";"0,00";"0,00";"0,00";"0,00";"0,00";"26,28";"-26,28";"-100,0";"0,00";"-26,28";"-19,18";"0,000000";"0,000000";"0,000";"0,000";"0,000";"0,000"
"-31649,41";"MERCEARIA \ BEBIDAS ALCOOLICAS \ DRINKS E APERITIVOS \ COQUETEIS";"0,000";"12,000";"0,000";"109,000";"-97,000";"-89,0";"0,03";"0,00";"0,00";"70,69";"0,00";"317,78";"-247,09";"-77,8";"0,02";"-247,09";"-182,75";"0,000000";"0,000000";"0,000";"0,000";"0,000";"0,000"
"-31670,69";"MERCEARIA \ BEBIDAS ALCOOLICAS \ DRINKS E APERITIVOS \ LICORES";"0,000";"6,000";"0,000";"7,000";"-1,000";"-14,3";"0,00";"0,00";"0,00";"141,30";"0,00";"162,58";"-21,28";"-13,1";"0,00";"-21,28";"-14,10";"0,000000";"0,000000";"0,000";"0,000";"0,000";"0,000"
"-31782,22";"MERCEARIA \ BEBIDAS ALCOOLICAS \ VINHOS \ ESPUMANTES";"0,000";"37,000";"0,000";"34,000";"3,000";"8,8";"0,00";"0,00";"0,00";"658,22";"0,00";"769,75";"-111,53";"-14,5";"0,01";"-111,53";"-70,23";"0,000000";"0,000000";"0,000";"0,000";"0,000";"0,000"
"-31796,31";"MERCEARIA \ BEBIDAS ALCOOLICAS \ VINHOS \ FRISANTE";"0,000";"0,000";"0,000";"1,000";"-1,000";"-100,0";"0,00";"0,00";"0,00";"0,00";"0,00";"14,09";"-14,09";"-100,0";"0,00";"-14,09";"-10,29";"0,000000";"0,000000";"0,000";"0,000";"0,000";"0,000"
"-31802,23";"MERCEARIA \ BEBIDAS ALCOOLICAS \ VINHOS \ SIDRA";"0,000";"1,000";"0,000";"2,000";"-1,000";"-50,0";"0,00";"0,00";"0,00";"5,92";"0,00";"11,84";"-5,92";"-50,0";"0,00";"-5,92";"-4,32";"0,000000";"0,000000";"0,000";"0,000";"0,000";"0,000"
"-31334,06";"MERCEARIA \ BEBIDAS ALCOOLICAS \ VINHOS \ VINHO BRANCO";"0,000";"52,000";"0,000";"42,000";"10,000";"23,8";"0,00";"0,00";"0,00";"1.040,77";"0,00";"572,60";"468,17";"81,8";"-0,03";"468,17";"381,06";"0,000000";"0,000000";"0,000";"0,000";"0,000";"0,000"
"-31129,62";"MERCEARIA \ BEBIDAS ALCOOLICAS \ VINHOS \ VINHO ROSE";"0,000";"15,000";"0,000";"3,000";"12,000";"400,0";"0,00";"0,00";"0,00";"316,29";"0,00";"111,85";"204,44";"182,8";"-0,01";"204,44";"149,24";"0,000000";"0,000000";"0,000";"0,000";"0,000";"0,000"
"-30772,35";"MERCEARIA \ BEBIDAS ALCOOLICAS \ VINHOS \ VINHO TINTO";"0,000";"75,000";"0,000";"55,000";"20,000";"36,4";"-0,01";"0,00";"0,00";"1.113,09";"0,00";"755,81";"357,27";"47,3";"-0,02";"357,27";"263,18";"0,000000";"0,000000";"0,000";"0,000";"0,000";"0,000"
"-30879,24";"MERCEARIA \ BEBIDAS NAO ALCOOLICAS \ AGUAS \ AGUA DE COCO";"0,000";"24,000";"0,000";"46,000";"-22,000";"-47,8";"0,01";"0,00";"0,00";"165,28";"0,00";"272,17";"-106,89";"-39,3";"0,01";"-106,93";"-102,65";"0,000000";"0,000000";"0,000";"0,000";"0,000";"0,000"
"-30187,31";"MERCEARIA \ BEBIDAS NAO ALCOOLICAS \ AGUAS \ AGUA MINERAL";"0,000";"950,000";"0,000";"475,000";"475,000";"100,0";"-0,16";"0,00";"0,00";"1.600,61";"0,00";"908,68";"691,93";"76,1";"-0,04";"691,93";"541,73";"0,000000";"0,000000";"0,000";"0,000";"0,000";"0,000"
"-30255,40";"MERCEARIA \ BEBIDAS NAO ALCOOLICAS \ AGUAS \ AGUA TONICA";"0,000";"139,000";"0,000";"146,000";"-7,000";"-4,8";"0,00";"0,00";"0,00";"416,91";"0,00";"485,00";"-68,09";"-14,0";"0,00";"-68,09";"-68,09";"0,000000";"0,000000";"0,000";"0,000";"0,000";"0,000"
"-30581,85";"MERCEARIA \ BEBIDAS NAO ALCOOLICAS \ BEBIDAS VEGETAIS \ BEBIDA SOJA";"0,000";"69,000";"0,000";"137,000";"-68,000";"-49,6";"0,02";"0,00";"0,00";"221,17";"0,00";"547,62";"-326,45";"-59,6";"0,02";"-326,45";"-296,25";"0,000000";"0,000000";"0,000";"0,000";"0,000";"0,000"
"-30597,77";"MERCEARIA \ BEBIDAS NAO ALCOOLICAS \ BEBIDAS VEGETAIS \ BEBIDA VEGETAIS ESPECIAIS";"0,000";"10,000";"0,000";"11,000";"-1,000";"-9,1";"0,00";"0,00";"0,00";"146,61";"0,00";"162,54";"-15,92";"-9,8";"0,00";"-15,92";"-15,92";"0,000000";"0,000000";"0,000";"0,000";"0,000";"0,000"
"-30686,93";"MERCEARIA \ BEBIDAS NAO ALCOOLICAS \ CERVEJA \ CERVEJA";"0,000";"33,000";"0,000";"59,000";"-26,000";"-44,1";"0,01";"0,00";"0,00";"111,19";"0,00";"200,34";"-89,16";"-44,5";"0,01";"-89,16";"-89,16";"0,000000";"0,000000";"0,000";"0,000";"0,000";"0,000"
"-30765,95";"MERCEARIA \ BEBIDAS NAO ALCOOLICAS \ CHA, ISOTONICO, BEB MISTA \ BEBIDA MISTA N.ALCOOLICOS";"0,000";"33,000";"0,000";"79,000";"-46,000";"-58,2";"0,02";"0,00";"0,00";"65,35";"0,00";"144,38";"-79,02";"-54,7";"0,01";"-79,02";"-79,02";"0,000000";"0,000000";"0,000";"0,000";"0,000";"0,000"
"-30582,46";"MERCEARIA \ BEBIDAS NAO ALCOOLICAS \ CHA, ISOTONICO, BEB MISTA \ CHA PRONTO";"0,000";"208,000";"0,000";"233,000";"-25,000";"-10,7";"0,01";"0,00";"0,00";"947,54";"0,00";"764,05";"183,49";"24,0";"-0,01";"183,49";"183,49";"0,000000";"0,000000";"0,000";"0,000";"0,000";"0,000"
"-29373,76";"MERCEARIA \ BEBIDAS NAO ALCOOLICAS \ CHA, ISOTONICO, BEB MISTA \ ISOTONICO";"0,000";"372,000";"0,000";"72,000";"300,000";"416,7";"-0,10";"0,00";"0,00";"1.496,44";"0,00";"287,73";"1.208,70";"420,1";"-0,08";"1.208,70";"1.208,70";"0,000000";"0,000000";"0,000";"0,000";"0,000";"0,000"
"-29378,08";"MERCEARIA \ BEBIDAS NAO ALCOOLICAS \ ENERGETICO \ ENERGETICO GARRAFA";"0,000";"18,000";"0,000";"19,000";"-1,000";"-5,3";"0,00";"0,00";"0,00";"130,18";"0,00";"134,50";"-4,32";"-3,2";"0,00";"-4,32";"-4,32";"0,000000";"0,000000";"0,000";"0,000";"0,000";"0,000"
"-29429,68";"MERCEARIA \ BEBIDAS NAO ALCOOLICAS \ ENERGETICO \ ENERGETICO LATA";"0,000";"185,000";"0,000";"194,000";"-9,000";"-4,6";"0,00";"0,00";"0,00";"1.382,90";"0,00";"1.434,50";"-51,60";"-3,6";"0,00";"-51,21";"-51,21";"0,000000";"0,000000";"0,000";"0,000";"0,000";"0,000"
"-29598,91";"MERCEARIA \ BEBIDAS NAO ALCOOLICAS \ REFRESCOS \ REFRESCOS PO";"0,000";"405,000";"0,000";"347,000";"58,000";"16,7";"-0,02";"0,00";"0,00";"144,07";"0,00";"313,30";"-169,23";"-54,0";"0,01";"-169,23";"-131,87";"0,000000";"0,000000";"0,000";"0,000";"0,000";"0,000"
"-29932,18";"MERCEARIA \ BEBIDAS NAO ALCOOLICAS \ REFRESCOS \ REFRESCOS PRONTOS";"0,000";"142,000";"0,000";"399,000";"-257,000";"-64,4";"0,09";"0,00";"0,00";"392,79";"0,00";"726,07";"-333,27";"-45,9";"0,02";"-333,07";"-333,07";"0,000000";"0,000000";"0,000";"0,000";"0,000";"0,000"
"-30398,77";"MERCEARIA \ BEBIDAS NAO ALCOOLICAS \ REFRIGERANTE \ KT REFRIGERANTE";"0,000";"0,000";"0,000";"36,000";"-36,000";"-100,0";"0,01";"0,00";"0,00";"0,00";"0,00";"466,59";"-466,59";"-100,0";"0,03";"-467,72";"-467,72";"0,000000";"0,000000";"0,000";"0,000";"0,000";"0,000"
"-34296,20";"MERCEARIA \ BEBIDAS NAO ALCOOLICAS \ REFRIGERANTE \ REFRIGERANTE GARRAFA";"0,000";"1.316,000";"0,000";"1.675,000";"-359,000";"-21,4";"0,12";"0,00";"0,00";"4.943,57";"0,00";"8.841,00";"-3.897,43";"-44,1";"0,25";"-3.912,79";"-3.912,79";"0,000000";"0,000000";"0,000";"0,000";"0,000";"0,000"
"-34838,88";"MERCEARIA \ BEBIDAS NAO ALCOOLICAS \ REFRIGERANTE \ REFRIGERANTE LATA";"0,000";"147,472";"0,000";"459,000";"-311,528";"-67,9";"0,11";"0,00";"0,00";"858,54";"0,00";"1.401,22";"-542,68";"-38,7";"0,03";"-542,68";"-542,68";"0,000000";"0,000000";"0,000";"0,000";"0,000";"0,000"
"-34929,18";"MERCEARIA \ BEBIDAS NAO ALCOOLICAS \ SUCOS-NECTAR \ NECTAR PRONTO";"0,000";"109,000";"0,000";"92,000";"17,000";"18,5";"-0,01";"0,00";"0,00";"363,91";"0,00";"454,21";"-90,30";"-19,9";"0,01";"-90,30";"-87,49";"0,000000";"0,000000";"0,000";"0,000";"0,000";"0,000"
"-35293,15";"MERCEARIA \ BEBIDAS NAO ALCOOLICAS \ SUCOS-NECTAR \ SUCO CONCENTRADO";"0,000";"65,000";"0,000";"129,000";"-64,000";"-49,6";"0,02";"0,00";"0,00";"253,01";"0,00";"616,98";"-363,97";"-59,0";"0,02";"-363,97";"-283,91";"0,000000";"0,000000";"0,000";"0,000";"0,000";"0,000"
"-35657,19";"MERCEARIA \ BEBIDAS NAO ALCOOLICAS \ SUCOS-NECTAR \ SUCO INTEGRAL";"0,000";"20,000";"0,000";"53,000";"-33,000";"-62,3";"0,01";"0,00";"0,00";"205,48";"0,00";"569,52";"-364,04";"-63,9";"0,02";"-364,04";"-361,85";"0,000000";"0,000000";"0,000";"0,000";"0,000";"0,000"
"-36082,28";"MERCEARIA \ BEBIDAS NAO ALCOOLICAS \ SUCOS-NECTAR \ SUCO PRONTO";"0,000";"112,000";"0,000";"64,000";"48,000";"75,0";"-0,02";"0,00";"0,00";"245,47";"0,00";"670,56";"-425,09";"-63,4";"0,03";"-425,09";"-371,53";"0,000000";"0,000000";"0,000";"0,000";"0,000";"0,000"
"-36176,33";"MERCEARIA \ BEBIDAS NAO ALCOOLICAS \ SUPLEMENTO ALIMENTAR \ SUPLEMENTO ALIMENTAR";"0,000";"21,000";"0,000";"61,000";"-40,000";"-65,6";"0,01";"0,00";"0,00";"45,79";"0,00";"139,84";"-94,05";"-67,3";"0,01";"-94,05";"-92,73";"0,000000";"0,000000";"0,000";"0,000";"0,000";"0,000"
"-36038,55";"MERCEARIA \ BEBIDAS NAO ALCOOLICAS \ VINHOS \ SIDRA";"0,000";"12,000";"0,000";"0,000";"12,000";"";"0,00";"0,00";"0,00";"137,78";"0,00";"0,00";"137,78";"";"-0,01";"137,78";"135,56";"0,000000";"0,000000";"0,000";"0,000";"0,000";"0,000"
"-36452,18";"MERCEARIA \ BEBIDAS NAO ALCOOLICAS \ XAROPE \ XAROPE";"0,000";"85,000";"0,000";"106,000";"-21,000";"-19,8";"0,01";"0,00";"0,00";"457,77";"0,00";"871,40";"-413,63";"-47,5";"0,03";"-413,83";"-327,97";"0,000000";"0,000000";"0,000";"0,000";"0,000";"0,000"
"-37743,38";"MERCEARIA \ BISCOITO-TORRADA-BATATA \ BATATAS \ BATATAS CHIPS";"0,000";"161,000";"0,000";"392,000";"-231,000";"-58,9";"0,08";"0,00";"0,00";"866,34";"0,00";"2.157,54";"-1.291,20";"-59,8";"0,08";"-1.291,20";"-1.217,01";"0,000000";"0,000000";"0,000";"0,000";"0,000";"0,000"
"-38933,42";"MERCEARIA \ BISCOITO-TORRADA-BATATA \ BATATAS \ BATATAS PALHA";"0,000";"290,000";"0,000";"403,000";"-113,000";"-28,0";"0,04";"0,00";"0,00";"1.654,10";"0,00";"2.844,14";"-1.190,04";"-41,8";"0,08";"-1.188,81";"-1.113,91";"0,000000";"0,000000";"0,000";"0,000";"0,000";"0,000"
"-40087,47";"MERCEARIA \ BISCOITO-TORRADA-BATATA \ BATATAS \ SALGADINHO BATATA";"0,000";"62,000";"0,000";"223,000";"-161,000";"-72,2";"0,06";"0,00";"0,00";"257,27";"0,00";"1.411,32";"-1.154,05";"-81,8";"0,07";"-1.154,40";"-1.152,30";"0,000000";"0,000000";"0,000";"0,000";"0,000";"0,000"
"-40388,05";"MERCEARIA \ BISCOITO-TORRADA-BATATA \ BISCOITOS DOCE \ AMANTEIGADO-PETROLOIS";"0,000";"2,000";"0,000";"40,000";"-38,000";"-95,0";"0,01";"0,00";"0,00";"15,56";"0,00";"316,15";"-300,58";"-95,1";"0,02";"-300,58";"-298,09";"0,000000";"0,000000";"0,000";"0,000";"0,000";"0,000"
"-40551,69";"MERCEARIA \ BISCOITO-TORRADA-BATATA \ BISCOITOS DOCE \ BISCOITO MAIZENA";"0,000";"105,000";"0,000";"194,000";"-89,000";"-45,9";"0,03";"0,00";"0,00";"340,27";"0,00";"503,92";"-163,64";"-32,5";"0,01";"-163,93";"-191,42";"0,000000";"0,000000";"0,000";"0,000";"0,000";"0,000"
"-40591,31";"MERCEARIA \ BISCOITO-TORRADA-BATATA \ BISCOITOS DOCE \ BISCOITOS COM COBERTURA";"0,000";"71,000";"0,000";"84,000";"-13,000";"-15,5";"0,00";"0,00";"0,00";"224,94";"0,00";"264,56";"-39,62";"-15,0";"0,00";"-39,62";"-37,14";"0,000000";"0,000000";"0,000";"0,000";"0,000";"0,000"
"-41084,89";"MERCEARIA \ BISCOITO-TORRADA-BATATA \ BISCOITOS DOCE \ BISCOITOS COOKIES";"0,000";"126,000";"0,000";"229,000";"-103,000";"-45,0";"0,04";"0,00";"0,00";"230,36";"0,00";"723,94";"-493,58";"-68,2";"0,03";"-493,58";"-456,82";"0,000000";"0,000000";"0,000";"0,000";"0,000";"0,000"
"-41098,41";"MERCEARIA \ BISCOITO-TORRADA-BATATA \ BISCOITOS DOCE \ BISCOITOS DOCE S.RECHEIO";"0,000";"88,000";"0,000";"104,000";"-16,000";"-15,4";"0,01";"0,00";"0,00";"438,81";"0,00";"452,34";"-13,52";"-3,0";"0,00";"-13,53";"-7,21";"0,000000";"0,000000";"0,000";"0,000";"0,000";"0,000"
"-41772,76";"MERCEARIA \ BISCOITO-TORRADA-BATATA \ BISCOITOS DOCE \ BISCOITOS DOCES RECHEADOS";"0,000";"1.152,000";"0,000";"1.457,000";"-305,000";"-20,9";"0,11";"0,00";"0,00";"2.746,31";"0,00";"3.420,66";"-674,35";"-19,7";"0,04";"-683,76";"-648,60";"0,000000";"0,000000";"0,000";"0,000";"0,000";"0,000"
"-41794,96";"MERCEARIA \ BISCOITO-TORRADA-BATATA \ BISCOITOS DOCE \ BISCOITOS MARIA";"0,000";"0,000";"0,000";"5,000";"-5,000";"-100,0";"0,00";"0,00";"0,00";"0,00";"0,00";"22,20";"-22,20";"-100,0";"0,00";"-22,20";"-15,96";"0,000000";"0,000000";"0,000";"0,000";"0,000";"0,000"
"-41663,58";"MERCEARIA \ BISCOITO-TORRADA-BATATA \ BISCOITOS DOCE \ BISCOITOS ROSCAS";"0,000";"144,000";"0,000";"109,000";"35,000";"32,1";"-0,01";"0,00";"0,00";"421,81";"0,00";"290,43";"131,38";"45,2";"-0,01";"131,38";"92,23";"0,000000";"0,000000";"0,000";"0,000";"0,000";"0,000"
"-41264,04";"MERCEARIA \ BISCOITO-TORRADA-BATATA \ BISCOITOS DOCE \ BISCOITOS WAFER";"0,000";"757,000";"0,000";"378,000";"379,000";"100,3";"-0,13";"0,00";"0,00";"1.262,53";"0,00";"862,99";"399,54";"46,3";"-0,03";"399,54";"439,84";"0,000000";"0,000000";"0,000";"0,000";"0,000";"0,000"
"-41287,84";"MERCEARIA \ BISCOITO-TORRADA-BATATA \ BISCOITOS SALGADO \ AGUA";"0,000";"2,000";"0,000";"9,000";"-7,000";"-77,8";"0,00";"0,00";"0,00";"6,86";"0,00";"30,65";"-23,80";"-77,6";"0,00";"-23,80";"-18,61";"0,000000";"0,000000";"0,000";"0,000";"0,000";"0,000"
"-41626,65";"MERCEARIA \ BISCOITO-TORRADA-BATATA \ BISCOITOS SALGADO \ AGUA E SAL";"0,000";"60,000";"0,000";"168,000";"-108,000";"-64,3";"0,04";"0,00";"0,00";"99,19";"0,00";"437,99";"-338,81";"-77,4";"0,02";"-338,81";"-244,90";"0,000000";"0,000000";"0,000";"0,000";"0,000";"0,000"
"-42135,26";"MERCEARIA \ BISCOITO-TORRADA-BATATA \ BISCOITOS SALGADO \ BISCOITO POLVILHO";"0,000";"99,000";"0,000";"254,000";"-155,000";"-61,0";"0,05";"0,00";"0,00";"407,16";"0,00";"915,78";"-508,61";"-55,5";"0,03";"-508,66";"-487,13";"0,000000";"0,000000";"0,000";"0,000";"0,000";"0,000"
"-42164,88";"MERCEARIA \ BISCOITO-TORRADA-BATATA \ BISCOITOS SALGADO \ BISCOITO SAGADO RECHEADO";"0,000";"0,000";"0,000";"8,000";"-8,000";"-100,0";"0,00";"0,00";"0,00";"0,00";"0,00";"29,62";"-29,62";"-100,0";"0,00";"-29,62";"-29,07";"0,000000";"0,000000";"0,000";"0,000";"0,000";"0,000"
"-44971,27";"MERCEARIA \ BISCOITO-TORRADA-BATATA \ BISCOITOS SALGADO \ BISCOITO SALGADINHO";"0,000";"685,000";"0,000";"1.402,000";"-717,000";"-51,1";"0,25";"0,00";"0,00";"2.258,33";"0,00";"5.064,72";"-2.806,39";"-55,4";"0,18";"-2.806,24";"-2.637,49";"0,000000";"0,000000";"0,000";"0,000";"0,000";"0,000"
"-45703,62";"MERCEARIA \ BISCOITO-TORRADA-BATATA \ BISCOITOS SALGADO \ BISCOITO SALGADO";"0,000";"26,000";"0,000";"239,000";"-213,000";"-89,1";"0,07";"0,00";"0,00";"82,42";"0,00";"814,77";"-732,35";"-89,9";"0,05";"-732,35";"-728,37";"0,000000";"0,000000";"0,000";"0,000";"0,000";"0,000"
"-47274,93";"MERCEARIA \ BISCOITO-TORRADA-BATATA \ BISCOITOS SALGADO \ CREAM CRACKER";"0,000";"146,000";"0,000";"625,000";"-479,000";"-76,6";"0,17";"0,00";"0,00";"439,01";"0,00";"2.010,32";"-1.571,31";"-78,2";"0,10";"-1.588,78";"-1.332,03";"0,000000";"0,000000";"0,000";"0,000";"0,000";"0,000"
"-48523,24";"MERCEARIA \ BISCOITO-TORRADA-BATATA \ TORRADAS \ TORRADAS";"0,000";"127,000";"0,000";"471,000";"-344,000";"-73,0";"0,12";"0,00";"0,00";"461,88";"0,00";"1.710,19";"-1.248,31";"-73,0";"0,08";"-1.248,22";"-1.179,11";"0,000000";"0,000000";"0,000";"0,000";"0,000";"0,000"
"-48851,53";"MERCEARIA \ BOMBONIERE \ APERITIVO-SNACKS \ APER-SNACKS AMENDOIM";"0,000";"20,000";"0,000";"71,000";"-51,000";"-71,8";"0,02";"0,00";"0,00";"99,02";"0,00";"427,31";"-328,29";"-76,8";"0,02";"-328,29";"-304,87";"0,000000";"0,000000";"0,000";"0,000";"0,000";"0,000"
"-48904,77";"MERCEARIA \ BOMBONIERE \ APERITIVO-SNACKS \ APER-SNACKS INTEGRAL";"0,000";"13,000";"0,000";"25,000";"-12,000";"-48,0";"0,00";"0,00";"0,00";"56,20";"0,00";"109,44";"-53,24";"-48,6";"0,00";"-53,24";"-53,24";"0,000000";"0,000000";"0,000";"0,000";"0,000";"0,000"
"-48999,91";"MERCEARIA \ BOMBONIERE \ APERITIVO-SNACKS \ APER-SNACKS MIX";"0,000";"0,000";"0,000";"14,000";"-14,000";"-100,0";"0,00";"0,00";"0,00";"0,00";"0,00";"95,14";"-95,14";"-100,0";"0,01";"-95,14";"-80,72";"0,000000";"0,000000";"0,000";"0,000";"0,000";"0,000"
"-49050,41";"MERCEARIA \ BOMBONIERE \ APERITIVO-SNACKS \ APERITIVO-SNACK TORRESMO";"0,000";"43,000";"0,000";"53,000";"-10,000";"-18,9";"0,00";"0,00";"0,00";"217,14";"0,00";"267,64";"-50,50";"-18,9";"0,00";"-50,50";"-46,78";"0,000000";"0,000000";"0,000";"0,000";"0,000";"0,000"
"-49056,13";"MERCEARIA \ BOMBONIERE \ APERITIVO-SNACKS \ OVINHOS DE AMENDOIM";"0,000";"11,000";"0,000";"12,000";"-1,000";"-8,3";"0,00";"0,00";"0,00";"58,37";"0,00";"64,08";"-5,72";"-8,9";"0,00";"-5,72";"-5,29";"0,000000";"0,000000";"0,000";"0,000";"0,000";"0,000"
"-49661,63";"MERCEARIA \ BOMBONIERE \ BISCOITOS \ BISCOITO COM COBERTURA";"0,000";"1,000";"0,000";"122,000";"-121,000";"-99,2";"0,04";"0,00";"0,00";"5,27";"0,00";"610,77";"-605,50";"-99,1";"0,04";"-605,50";"-603,79";"0,000000";"0,000000";"0,000";"0,000";"0,000";"0,000"
"-50513,19";"MERCEARIA \ BOMBONIERE \ CHOCOLATES \ BOMBONS";"0,000";"164,000";"0,000";"515,000";"-351,000";"-68,2";"0,12";"0,00";"0,00";"1.818,25";"0,00";"2.669,81";"-851,56";"-31,9";"0,05";"-847,56";"-785,35";"0,000000";"0,000000";"0,000";"0,000";"0,000";"0,000"
"-55485,37";"MERCEARIA \ BOMBONIERE \ CHOCOLATES \ CHOCOLATES BARRA";"0,000";"396,000";"0,000";"1.206,000";"-810,000";"-67,2";"0,28";"0,00";"0,00";"2.187,75";"0,00";"7.159,94";"-4.972,18";"-69,4";"0,31";"-4.971,56";"-4.935,87";"0,000000";"0,000000";"0,000";"0,000";"0,000";"0,000"
"-57872,35";"MERCEARIA \ BOMBONIERE \ CHOCOLATES \ CHOCOLATES SACHE-TABLETE";"0,000";"26,000";"0,000";"615,000";"-589,000";"-95,8";"0,20";"0,00";"0,00";"384,66";"0,00";"2.771,63";"-2.386,98";"-86,1";"0,15";"-2.386,98";"-2.285,71";"0,000000";"0,000000";"0,000";"0,000";"0,000";"0,000"
"-60922,96";"MERCEARIA \ BOMBONIERE \ CHOCOLATES \ OVOS DE PASCOA";"0,000";"42,000";"0,000";"91,000";"-49,000";"-53,8";"0,02";"0,00";"0,00";"2.576,34";"0,00";"5.626,95";"-3.050,61";"-54,2";"0,19";"-3.050,61";"-2.882,87";"0,000000";"0,000000";"0,000";"0,000";"0,000";"0,000"
"-61462,81";"MERCEARIA \ BOMBONIERE \ GULOUSEIMAS \ BALAS E GOMAS";"0,000";"29,000";"0,000";"199,250";"-170,250";"-85,4";"0,06";"0,00";"0,00";"135,65";"0,00";"675,50";"-539,85";"-79,9";"0,03";"-539,85";"-410,64";"0,000000";"0,000000";"0,000";"0,000";"0,000";"0,000"
"-61341,48";"MERCEARIA \ BOMBONIERE \ GULOUSEIMAS \ BARRA DE CEREAIS-FRUTAS";"0,000";"118,000";"0,000";"78,000";"40,000";"51,3";"-0,01";"0,00";"0,00";"414,19";"0,00";"292,86";"121,33";"41,4";"-0,01";"121,33";"122,97";"0,000000";"0,000000";"0,000";"0,000";"0,000";"0,000"
"-61479,64";"MERCEARIA \ BOMBONIERE \ GULOUSEIMAS \ CONFEITOS";"0,000";"22,000";"0,000";"35,000";"-13,000";"-37,1";"0,00";"0,00";"0,00";"223,43";"0,00";"361,59";"-138,16";"-38,2";"0,01";"-130,93";"-120,24";"0,000000";"0,000000";"0,000";"0,000";"0,000";"0,000"
"-61830,60";"MERCEARIA \ BOMBONIERE \ GULOUSEIMAS \ DOCE VARIADO";"0,000";"19,000";"0,000";"67,000";"-48,000";"-71,6";"0,02";"0,00";"0,00";"137,19";"0,00";"488,15";"-350,96";"-71,9";"0,02";"-350,96";"-300,38";"0,000000";"0,000000";"0,000";"0,000";"0,000";"0,000"
"-61854,23";"MERCEARIA \ BOMBONIERE \ GULOUSEIMAS \ DROPS-PASTILHAS";"0,000";"7,000";"0,000";"24,000";"-17,000";"-70,8";"0,01";"0,00";"0,00";"14,74";"0,00";"38,38";"-23,63";"-61,6";"0,00";"-23,59";"-18,66";"0,000000";"0,000000";"0,000";"0,000";"0,000";"0,000"
"-61843,22";"MERCEARIA \ BOMBONIERE \ GULOUSEIMAS \ PIPOCA";"0,000";"3,000";"0,000";"1,000";"2,000";"200,0";"0,00";"0,00";"0,00";"16,57";"0,00";"5,57";"11,01";"197,7";"0,00";"11,01";"11,00";"0,000000";"0,000000";"0,000";"0,000";"0,000";"0,000"
"-71838,80";"MERCEARIA \ CEREAIS \ ARROZ \ ARROZ BRANCO";"0,000";"730,000";"0,000";"1.440,000";"-710,000";"-49,3";"0,25";"0,00";"0,00";"3.504,52";"0,00";"13.500,10";"-9.995,58";"-74,0";"0,63";"-9.987,81";"-9.637,96";"0,000000";"0,000000";"0,000";"0,000";"0,000";"0,000"
"-72052,46";"MERCEARIA \ CEREAIS \ ARROZ \ ARROZ ESPECIAL-INTEGRAL";"0,000";"51,000";"0,000";"84,000";"-33,000";"-39,3";"0,01";"0,00";"0,00";"323,97";"0,00";"537,62";"-213,66";"-39,7";"0,01";"-213,66";"-196,69";"0,000000";"0,000000";"0,000";"0,000";"0,000";"0,000"
"-73667,28";"MERCEARIA \ CEREAIS \ ARROZ \ ARROZ PARBOILIZADO";"0,000";"92,000";"0,000";"310,000";"-218,000";"-70,3";"0,08";"0,00";"0,00";"1.221,88";"0,00";"2.836,70";"-1.614,82";"-56,9";"0,10";"-1.615,30";"-1.551,16";"0,000000";"0,000000";"0,000";"0,000";"0,000";"0,000"
"-73694,97";"MERCEARIA \ CEREAIS \ FARINACEOS \ CURAU";"0,000";"8,000";"0,000";"14,000";"-6,000";"-42,9";"0,00";"0,00";"0,00";"36,91";"0,00";"64,60";"-27,69";"-42,9";"0,00";"-27,69";"-19,60";"0,000000";"0,000000";"0,000";"0,000";"0,000";"0,000"
"-73920,69";"MERCEARIA \ CEREAIS \ FARINACEOS \ CUSCUZ";"0,000";"2,000";"0,000";"42,000";"-40,000";"-95,2";"0,01";"0,00";"0,00";"20,79";"0,00";"246,51";"-225,72";"-91,6";"0,01";"-225,72";"-162,53";"0,000000";"0,000000";"0,000";"0,000";"0,000";"0,000"
"-75310,45";"MERCEARIA \ CEREAIS \ FARINACEOS \ FARINHA DE MANDIOCA";"0,000";"84,000";"0,000";"484,000";"-400,000";"-82,6";"0,14";"0,00";"0,00";"252,00";"0,00";"1.641,76";"-1.389,76";"-84,7";"0,09";"-1.390,09";"-1.292,78";"0,000000";"0,000000";"0,000";"0,000";"0,000";"0,000"
"-75441,60";"MERCEARIA \ CEREAIS \ FARINACEOS \ FARINHA DE MILHO";"0,000";"21,000";"0,000";"56,000";"-35,000";"-62,5";"0,01";"0,00";"0,00";"100,95";"0,00";"232,10";"-131,15";"-56,5";"0,01";"-131,15";"-104,46";"0,000000";"0,000000";"0,000";"0,000";"0,000";"0,000"
"-75821,73";"MERCEARIA \ CEREAIS \ FARINACEOS \ FARINHA DE ROSCA";"0,000";"15,000";"0,000";"92,000";"-77,000";"-83,7";"0,03";"0,00";"0,00";"58,50";"0,00";"438,63";"-380,13";"-86,7";"0,02";"-380,13";"-277,20";"0,000000";"0,000000";"0,000";"0,000";"0,000";"0,000"
"-76821,14";"MERCEARIA \ CEREAIS \ FARINACEOS \ FARINHA DE TRIGO";"0,000";"187,000";"0,000";"437,000";"-250,000";"-57,2";"0,09";"0,00";"0,00";"552,12";"0,00";"1.551,53";"-999,41";"-64,4";"0,06";"-999,43";"-950,73";"0,000000";"0,000000";"0,000";"0,000";"0,000";"0,000"
"-76882,06";"MERCEARIA \ CEREAIS \ FARINACEOS \ FAROFA PRONTA";"0,000";"93,000";"0,000";"107,000";"-14,000";"-13,1";"0,00";"0,00";"0,00";"392,36";"0,00";"453,29";"-60,92";"-13,4";"0,00";"-60,92";"-37,58";"0,000000";"0,000000";"0,000";"0,000";"0,000";"0,000"
"-77037,23";"MERCEARIA \ CEREAIS \ FARINACEOS \ FLOCOS DE MILHO";"0,000";"88,000";"0,000";"141,000";"-53,000";"-37,6";"0,02";"0,00";"0,00";"163,68";"0,00";"318,85";"-155,17";"-48,7";"0,01";"-155,17";"-121,03";"0,000000";"0,000000";"0,000";"0,000";"0,000";"0,000"
"-77305,83";"MERCEARIA \ CEREAIS \ FARINACEOS \ FUBA";"0,000";"1,000";"0,000";"105,000";"-104,000";"-99,0";"0,04";"0,00";"0,00";"1,65";"0,00";"270,25";"-268,60";"-99,4";"0,02";"-268,61";"-249,80";"0,000000";"0,000000";"0,000";"0,000";"0,000";"0,000"
"-77543,28";"MERCEARIA \ CEREAIS \ FARINACEOS \ GRANOLA";"0,000";"30,000";"0,000";"59,000";"-29,000";"-49,2";"0,01";"0,00";"0,00";"237,65";"0,00";"475,10";"-237,45";"-50,0";"0,02";"-237,45";"-203,66";"0,000000";"0,000000";"0,000";"0,000";"0,000";"0,000"
"-77552,72";"MERCEARIA \ CEREAIS \ FARINACEOS \ LEVEDO";"0,000";"0,000";"0,000";"1,000";"-1,000";"-100,0";"0,00";"0,00";"0,00";"0,00";"0,00";"9,44";"-9,44";"-100,0";"0,00";"-9,44";"-7,10";"0,000000";"0,000000";"0,000";"0,000";"0,000";"0,000"
"-77647,10";"MERCEARIA \ CEREAIS \ FARINACEOS \ POLVILHO";"0,000";"0,000";"0,000";"20,000";"-20,000";"-100,0";"0,01";"0,00";"0,00";"0,00";"0,00";"94,38";"-94,38";"-100,0";"0,01";"-94,38";"-66,81";"0,000000";"0,000000";"0,000";"0,000";"0,000";"0,000"
"-77665,00";"MERCEARIA \ CEREAIS \ FARINACEOS \ PROTEINA";"0,000";"0,000";"0,000";"2,000";"-2,000";"-100,0";"0,00";"0,00";"0,00";"0,00";"0,00";"17,90";"-17,90";"-100,0";"0,00";"-17,90";"-13,96";"0,000000";"0,000000";"0,000";"0,000";"0,000";"0,000"
"-77594,23";"MERCEARIA \ CEREAIS \ FARINACEOS \ QUINOA";"0,000";"12,000";"0,000";"7,000";"5,000";"71,4";"0,00";"0,00";"0,00";"173,96";"0,00";"103,19";"70,77";"68,6";"0,00";"70,77";"55,20";"0,000000";"0,000000";"0,000";"0,000";"0,000";"0,000"
"-77589,66";"MERCEARIA \ CEREAIS \ FARINACEOS \ SEMENTES";"0,000";"23,000";"0,000";"24,000";"-1,000";"-4,2";"0,00";"0,00";"0,00";"105,36";"0,00";"100,79";"4,57";"4,5";"0,00";"4,57";"3,67";"0,000000";"0,000000";"0,000";"0,000";"0,000";"0,000"
"-77974,82";"MERCEARIA \ CEREAIS \ FARINACEOS \ TAPIOCA";"0,000";"132,000";"0,000";"222,000";"-90,000";"-40,5";"0,03";"0,00";"0,00";"536,71";"0,00";"921,87";"-385,16";"-41,8";"0,02";"-413,56";"-327,54";"0,000000";"0,000000";"0,000";"0,000";"0,000";"0,000"
"-78054,04";"MERCEARIA \ CEREAIS \ FARINACEOS \ TRIGO PARA KIBE";"0,000";"0,000";"0,000";"21,000";"-21,000";"-100,0";"0,01";"0,00";"0,00";"0,00";"0,00";"79,22";"-79,22";"-100,0";"0,01";"-79,21";"-58,22";"0,000000";"0,000000";"0,000";"0,000";"0,000";"0,000"
"-79044,09";"MERCEARIA \ CEREAIS \ FEIJAO \ FEIJAO COLORIDO";"0,000";"217,000";"0,000";"398,000";"-181,000";"-45,5";"0,06";"0,00";"0,00";"1.089,41";"0,00";"2.079,45";"-990,05";"-47,6";"0,06";"-990,13";"-954,55";"0,000000";"0,000000";"0,000";"0,000";"0,000";"0,000"
"-82875,85";"MERCEARIA \ CEREAIS \ FEIJAO \ FEIJAO PRETO";"0,000";"701,800";"0,000";"1.861,000";"-1.159,200";"-62,3";"0,40";"0,00";"0,00";"2.970,26";"0,00";"6.802,02";"-3.831,76";"-56,3";"0,24";"-3.832,57";"-3.728,59";"0,000000";"0,000000";"0,000";"0,000";"0,000";"0,000"
"-83070,10";"MERCEARIA \ CEREAIS \ GRAOS \ AMENDOIM";"0,000";"0,000";"0,000";"33,000";"-33,000";"-100,0";"0,01";"0,00";"0,00";"0,00";"0,00";"194,25";"-194,25";"-100,0";"0,01";"-194,25";"-140,22";"0,000000";"0,000000";"0,000";"0,000";"0,000";"0,000"
"-83148,15";"MERCEARIA \ CEREAIS \ GRAOS \ CANJICA";"0,000";"0,000";"0,000";"35,000";"-35,000";"-100,0";"0,01";"0,00";"0,00";"0,00";"0,00";"78,05";"-78,05";"-100,0";"0,00";"-78,05";"-56,84";"0,000000";"0,000000";"0,000";"0,000";"0,000";"0,000"
"-81528,68";"MERCEARIA \ CEREAIS \ GRAOS \ ERVILHA CEREAIS";"0,000";"537,000";"0,000";"155,000";"382,000";"246,5";"-0,13";"0,00";"0,00";"2.291,61";"0,00";"672,15";"1.619,47";"240,9";"-0,10";"1.619,89";"1.276,69";"0,000000";"0,000000";"0,000";"0,000";"0,000";"0,000"
"-81665,20";"MERCEARIA \ CEREAIS \ GRAOS \ GRAO DE BICO";"0,000";"2,000";"0,000";"21,000";"-19,000";"-90,5";"0,01";"0,00";"0,00";"10,92";"0,00";"147,44";"-136,52";"-92,6";"0,01";"-136,52";"-106,48";"0,000000";"0,000000";"0,000";"0,000";"0,000";"0,000"
"-81773,38";"MERCEARIA \ CEREAIS \ GRAOS \ LENTILHA";"0,000";"0,000";"0,000";"12,000";"-12,000";"-100,0";"0,00";"0,00";"0,00";"0,00";"0,00";"108,18";"-108,18";"-100,0";"0,01";"-108,18";"-84,38";"0,000000";"0,000000";"0,000";"0,000";"0,000";"0,000"
"-82384,06";"MERCEARIA \ CEREAIS \ GRAOS \ MILHO PIPOCA";"0,000";"167,000";"0,000";"415,000";"-248,000";"-59,8";"0,09";"0,00";"0,00";"392,50";"0,00";"1.003,18";"-610,68";"-60,9";"0,04";"-610,68";"-515,64";"0,000000";"0,000000";"0,000";"0,000";"0,000";"0,000"
"-82378,66";"MERCEARIA \ CEREAIS \ GRAOS \ SAGU";"0,000";"10,000";"0,000";"9,000";"1,000";"11,1";"0,00";"0,00";"0,00";"54,00";"0,00";"48,60";"5,40";"11,1";"0,00";"5,40";"4,21";"0,000000";"0,000000";"0,000";"0,000";"0,000";"0,000"
"-82626,40";"MERCEARIA \ CONSERVAS \ ATOMATADOS \ EXTRATO DE TOMATE";"0,000";"102,000";"0,000";"304,000";"-202,000";"-66,4";"0,07";"0,00";"0,00";"607,07";"0,00";"854,81";"-247,74";"-29,0";"0,02";"-247,74";"-240,00";"0,000000";"0,000000";"0,000";"0,000";"0,000";"0,000"
"-83442,10";"MERCEARIA \ CONSERVAS \ ATOMATADOS \ MOLHOS DE TOMATE";"0,000";"352,000";"0,000";"872,000";"-520,000";"-59,6";"0,18";"0,00";"0,00";"596,10";"0,00";"1.411,79";"-815,70";"-57,8";"0,05";"-816,52";"-776,35";"0,000000";"0,000000";"0,000";"0,000";"0,000";"0,000"
"-83380,50";"MERCEARIA \ CONSERVAS \ ATOMATADOS \ PASSATA DE TOMATE";"0,000";"13,000";"0,000";"9,000";"4,000";"44,4";"0,00";"0,00";"0,00";"106,57";"0,00";"44,96";"61,60";"137,0";"0,00";"61,60";"64,52";"0,000000";"0,000000";"0,000";"0,000";"0,000";"0,000"
"-83454,63";"MERCEARIA \ CONSERVAS \ ATOMATADOS \ POLPA DE TOMATE";"0,000";"0,000";"0,000";"18,000";"-18,000";"-100,0";"0,01";"0,00";"0,00";"0,00";"0,00";"74,13";"-74,13";"-100,0";"0,00";"-74,13";"-69,51";"0,000000";"0,000000";"0,000";"0,000";"0,000";"0,000"
"-83500,07";"MERCEARIA \ CONSERVAS \ ATOMATADOS \ TOMATE PELADO";"0,000";"10,000";"0,000";"18,000";"-8,000";"-44,4";"0,00";"0,00";"0,00";"60,84";"0,00";"106,28";"-45,44";"-42,8";"0,00";"-45,44";"-42,17";"0,000000";"0,000000";"0,000";"0,000";"0,000";"0,000"
"-84134,04";"MERCEARIA \ CONSERVAS \ CONDIMENTOS \ CONDIMENTOS";"0,000";"101,000";"0,000";"367,000";"-266,000";"-72,5";"0,09";"0,00";"0,00";"349,58";"0,00";"983,54";"-633,97";"-64,5";"0,04";"-633,97";"-473,98";"0,000000";"0,000000";"0,000";"0,000";"0,000";"0,000"
"-84318,13";"MERCEARIA \ CONSERVAS \ MAIONESE \ MAIONESE ESPECIAL";"0,000";"0,000";"0,000";"17,000";"-17,000";"-100,0";"0,01";"0,00";"0,00";"0,00";"0,00";"184,09";"-184,09";"-100,0";"0,01";"-184,17";"-175,93";"0,000000";"0,000000";"0,000";"0,000";"0,000";"0,000"
"-85020,85";"MERCEARIA \ CONSERVAS \ MAIONESE \ MAIONESE TRADICIONAL";"0,000";"169,000";"0,000";"158,000";"11,000";"7,0";"0,00";"0,00";"0,00";"702,51";"0,00";"1.405,23";"-702,72";"-50,0";"0,04";"-702,88";"-582,51";"0,000000";"0,000000";"0,000";"0,000";"0,000";"0,000"
"-84937,10";"MERCEARIA \ CONSERVAS \ MOLHOS \ CATCHUP";"0,000";"156,000";"0,000";"85,000";"71,000";"83,5";"-0,02";"0,00";"0,00";"661,16";"0,00";"577,42";"83,75";"14,5";"-0,01";"83,71";"89,74";"0,000000";"0,000000";"0,000";"0,000";"0,000";"0,000"
"-85449,85";"MERCEARIA \ CONSERVAS \ MOLHOS \ MOLHO BARBECUE";"0,000";"12,000";"0,000";"93,000";"-81,000";"-87,1";"0,03";"0,00";"0,00";"127,08";"0,00";"639,83";"-512,75";"-80,1";"0,03";"-512,75";"-474,50";"0,000000";"0,000000";"0,000";"0,000";"0,000";"0,000"
"-85484,68";"MERCEARIA \ CONSERVAS \ MOLHOS \ MOLHO DE ALHO";"0,000";"2,000";"0,000";"13,000";"-11,000";"-84,6";"0,00";"0,00";"0,00";"5,50";"0,00";"40,33";"-34,83";"-86,4";"0,00";"-34,83";"-31,94";"0,000000";"0,000000";"0,000";"0,000";"0,000";"0,000"
"-85533,00";"MERCEARIA \ CONSERVAS \ MOLHOS \ MOLHO DE PIMENTA";"0,000";"18,000";"0,000";"37,000";"-19,000";"-51,4";"0,01";"0,00";"0,00";"258,62";"0,00";"306,94";"-48,32";"-15,7";"0,00";"-48,32";"-40,54";"0,000000";"0,000000";"0,000";"0,000";"0,000";"0,000"
"-86451,63";"MERCEARIA \ CONSERVAS \ MOLHOS \ MOLHO ESPECIAL";"0,000";"49,000";"0,000";"205,000";"-156,000";"-76,1";"0,05";"0,00";"0,00";"283,76";"0,00";"1.202,38";"-918,63";"-76,4";"0,06";"-918,77";"-839,97";"0,000000";"0,000000";"0,000";"0,000";"0,000";"0,000"
"-86468,41";"MERCEARIA \ CONSERVAS \ MOLHOS \ MOLHO INGLES";"0,000";"0,000";"0,000";"4,000";"-4,000";"-100,0";"0,00";"0,00";"0,00";"0,00";"0,00";"16,78";"-16,78";"-100,0";"0,00";"-16,78";"-14,59";"0,000000";"0,000000";"0,000";"0,000";"0,000";"0,000"
"-86606,68";"MERCEARIA \ CONSERVAS \ MOLHOS \ MOLHO MADEIRA";"0,000";"27,000";"0,000";"66,000";"-39,000";"-59,1";"0,01";"0,00";"0,00";"91,55";"0,00";"229,82";"-138,27";"-60,2";"0,01";"-138,27";"-125,61";"0,000000";"0,000000";"0,000";"0,000";"0,000";"0,000"
"-86599,89";"MERCEARIA \ CONSERVAS \ MOLHOS \ MOLHO P.LANCHE";"0,000";"2,000";"0,000";"0,000";"2,000";"";"0,00";"0,00";"0,00";"6,79";"0,00";"0,00";"6,79";"";"0,00";"6,79";"6,16";"0,000000";"0,000000";"0,000";"0,000";"0,000";"0,000"
"-86811,16";"MERCEARIA \ CONSERVAS \ MOLHOS \ MOLHO P.SALADA";"0,000";"3,000";"0,000";"37,000";"-34,000";"-91,9";"0,01";"0,00";"0,00";"17,39";"0,00";"228,67";"-211,27";"-92,4";"0,01";"-211,27";"-193,95";"0,000000";"0,000000";"0,000";"0,000";"0,000";"0,000"
"-86682,86";"MERCEARIA \ CONSERVAS \ MOLHOS \ MOLHO SHOYU";"0,000";"49,000";"0,000";"15,000";"34,000";"226,7";"-0,01";"0,00";"0,00";"280,89";"0,00";"152,59";"128,30";"84,1";"-0,01";"128,30";"117,86";"0,000000";"0,000000";"0,000";"0,000";"0,000";"0,000"
"-86677,36";"MERCEARIA \ CONSERVAS \ MOLHOS \ MOLHO VERDE";"0,000";"24,000";"0,000";"23,000";"1,000";"4,3";"0,00";"0,00";"0,00";"131,99";"0,00";"126,49";"5,50";"4,3";"0,00";"5,50";"5,09";"0,000000";"0,000000";"0,000";"0,000";"0,000";"0,000"
"-86845,39";"MERCEARIA \ CONSERVAS \ MOLHOS \ MOSTARDAS";"0,000";"26,000";"0,000";"39,000";"-13,000";"-33,3";"0,00";"0,00";"0,00";"217,21";"0,00";"385,24";"-168,03";"-43,6";"0,01";"-168,03";"-134,21";"0,000000";"0,000000";"0,000";"0,000";"0,000";"0,000"
"-86910,23";"MERCEARIA \ CONSERVAS \ PASTAS \ PASTAS CONSERVA";"0,000";"22,000";"0,000";"31,000";"-9,000";"-29,0";"0,00";"0,00";"0,00";"136,40";"0,00";"201,24";"-64,84";"-32,2";"0,00";"-64,84";"-53,69";"0,000000";"0,000000";"0,000";"0,000";"0,000";"0,000"
"-87036,94";"MERCEARIA \ CONSERVAS \ PASTAS \ PATES CONSERVA";"0,000";"0,000";"0,000";"16,000";"-16,000";"-100,0";"0,01";"0,00";"0,00";"0,00";"0,00";"126,71";"-126,71";"-100,0";"0,01";"-126,71";"-116,35";"0,000000";"0,000000";"0,000";"0,000";"0,000";"0,000"
"-87605,22";"MERCEARIA \ CONSERVAS \ PESCADOS EM CONSERVA \ ATUM";"0,000";"16,000";"0,000";"88,000";"-72,000";"-81,8";"0,02";"0,00";"0,00";"127,22";"0,00";"695,50";"-568,28";"-81,7";"0,04";"-568,21";"-521,85";"0,000000";"0,000000";"0,000";"0,000";"0,000";"0,000"
"-88468,75";"MERCEARIA \ CONSERVAS \ PESCADOS EM CONSERVA \ SARDINHA";"0,000";"2,000";"0,000";"179,000";"-177,000";"-98,9";"0,06";"0,00";"0,00";"10,70";"0,00";"874,23";"-863,53";"-98,8";"0,05";"-863,54";"-764,59";"0,000000";"0,000000";"0,000";"0,000";"0,000";"0,000"
"-88487,73";"MERCEARIA \ CONSERVAS \ PRATOS PRONTOS \ ALMONDEGA";"0,000";"0,000";"0,000";"2,000";"-2,000";"-100,0";"0,00";"0,00";"0,00";"0,00";"0,00";"18,98";"-18,98";"-100,0";"0,00";"-18,98";"-17,43";"0,000000";"0,000000";"0,000";"0,000";"0,000";"0,000"
"-88529,92";"MERCEARIA \ CONSERVAS \ PRATOS PRONTOS \ SALSICHA EM CONSERVA";"0,000";"7,000";"0,000";"16,000";"-9,000";"-56,3";"0,00";"0,00";"0,00";"20,41";"0,00";"62,60";"-42,19";"-67,4";"0,00";"-42,19";"-35,62";"0,000000";"0,000000";"0,000";"0,000";"0,000";"0,000"
"-88479,29";"MERCEARIA \ CONSERVAS \ SAL \ SAL ESPECIAL";"0,000";"28,000";"0,000";"22,000";"6,000";"27,3";"0,00";"0,00";"0,00";"188,35";"0,00";"137,72";"50,63";"36,8";"0,00";"50,63";"45,37";"0,000000";"0,000000";"0,000";"0,000";"0,000";"0,000"
"-88854,91";"MERCEARIA \ CONSERVAS \ SAL \ SAL GROSSO";"0,000";"42,000";"0,000";"149,000";"-107,000";"-71,8";"0,04";"0,00";"0,00";"90,09";"0,00";"465,71";"-375,62";"-80,7";"0,02";"-375,62";"-348,28";"0,000000";"0,000000";"0,000";"0,000";"0,000";"0,000"
"-89914,68";"MERCEARIA \ CONSERVAS \ SAL \ SAL REFINADO";"0,000";"21,000";"0,000";"534,000";"-513,000";"-96,1";"0,18";"0,00";"0,00";"90,63";"0,00";"1.150,41";"-1.059,77";"-92,1";"0,07";"-1.059,78";"-985,51";"0,000000";"0,000000";"0,000";"0,000";"0,000";"0,000"
"-90100,35";"MERCEARIA \ CONSERVAS \ SOPAS E CREMES \ CREME";"0,000";"11,000";"0,000";"53,000";"-42,000";"-79,2";"0,01";"0,00";"0,00";"58,59";"0,00";"244,26";"-185,67";"-76,0";"0,01";"-185,67";"-147,02";"0,000000";"0,000000";"0,000";"0,000";"0,000";"0,000"
"-90333,28";"MERCEARIA \ CONSERVAS \ SOPAS E CREMES \ SOPA";"0,000";"6,000";"0,000";"81,000";"-75,000";"-92,6";"0,03";"0,00";"0,00";"29,12";"0,00";"262,06";"-232,93";"-88,9";"0,01";"-232,93";"-184,64";"0,000000";"0,000000";"0,000";"0,000";"0,000";"0,000"
"-90067,19";"MERCEARIA \ CONSERVAS \ TEMPEROS \ ALHO TEMPEROS";"0,000";"108,000";"0,000";"90,000";"18,000";"20,0";"-0,01";"0,00";"0,00";"936,27";"0,00";"670,18";"266,09";"39,7";"-0,02";"266,09";"207,55";"0,000000";"0,000000";"0,000";"0,000";"0,000";"0,000"
"-89875,09";"MERCEARIA \ CONSERVAS \ TEMPEROS \ CALDO";"0,000";"460,000";"0,000";"375,000";"85,000";"22,7";"-0,03";"0,00";"0,00";"834,17";"0,00";"642,06";"192,10";"29,9";"-0,01";"192,10";"154,80";"0,000000";"0,000000";"0,000";"0,000";"0,000";"0,000"
"-90917,03";"MERCEARIA \ CONSERVAS \ TEMPEROS \ TEMPEROS";"0,000";"208,000";"0,000";"469,000";"-261,000";"-55,7";"0,09";"0,00";"0,00";"790,34";"0,00";"1.832,28";"-1.041,94";"-56,9";"0,07";"-1.042,48";"-987,07";"0,000000";"0,000000";"0,000";"0,000";"0,000";"0,000"
"-90917,03";"MERCEARIA \ CONSERVAS \ VEGETAIS EM CONSERVA \ ALCAPARRA";"0,000";"5,000";"0,000";"0,000";"5,000";"";"0,00";"0,00";"0,00";"0,00";"0,00";"0,00";"0,00";"";"0,00";"0,00";"0,00";"0,000000";"0,000000";"0,000";"0,000";"0,000";"0,000"
"-91017,97";"MERCEARIA \ CONSERVAS \ VEGETAIS EM CONSERVA \ ASPARGO";"0,000";"0,000";"0,000";"8,000";"-8,000";"-100,0";"0,00";"0,00";"0,00";"0,00";"0,00";"100,94";"-100,94";"-100,0";"0,01";"-100,94";"-92,45";"0,000000";"0,000000";"0,000";"0,000";"0,000";"0,000"
"-92769,07";"MERCEARIA \ CONSERVAS \ VEGETAIS EM CONSERVA \ AZEITONA";"0,000";"138,000";"0,000";"364,000";"-226,000";"-62,1";"0,08";"0,00";"0,00";"799,14";"0,00";"2.550,24";"-1.751,10";"-68,7";"0,11";"-1.751,09";"-1.683,80";"0,000000";"0,000000";"0,000";"0,000";"0,000";"0,000"
"-92776,87";"MERCEARIA \ CONSERVAS \ VEGETAIS EM CONSERVA \ CEBOLINHA";"0,000";"0,000";"0,000";"1,000";"-1,000";"-100,0";"0,00";"0,00";"0,00";"0,00";"0,00";"7,80";"-7,80";"-100,0";"0,00";"-7,80";"-7,16";"0,000000";"0,000000";"0,000";"0,000";"0,000";"0,000"
"-92919,14";"MERCEARIA \ CONSERVAS \ VEGETAIS EM CONSERVA \ CHAMPIGNON";"0,000";"7,000";"0,000";"34,000";"-27,000";"-79,4";"0,01";"0,00";"0,00";"47,57";"0,00";"189,84";"-142,27";"-74,9";"0,01";"-142,27";"-113,54";"0,000000";"0,000000";"0,000";"0,000";"0,000";"0,000"
"-93021,94";"MERCEARIA \ CONSERVAS \ VEGETAIS EM CONSERVA \ DUETO ERVILHA E MILHO";"0,000";"0,000";"0,000";"28,000";"-28,000";"-100,0";"0,01";"0,00";"0,00";"0,00";"0,00";"102,80";"-102,80";"-100,0";"0,01";"-102,91";"-96,32";"0,000000";"0,000000";"0,000";"0,000";"0,000";"0,000"
"-93046,18";"MERCEARIA \ CONSERVAS \ VEGETAIS EM CONSERVA \ ERVILHA CONSERVA";"0,000";"0,000";"0,000";"11,000";"-11,000";"-100,0";"0,00";"0,00";"0,00";"0,00";"0,00";"24,24";"-24,24";"-100,0";"0,00";"-24,24";"-23,22";"0,000000";"0,000000";"0,000";"0,000";"0,000";"0,000"
"-93328,72";"MERCEARIA \ CONSERVAS \ VEGETAIS EM CONSERVA \ FEIJAO";"0,000";"15,000";"0,000";"45,000";"-30,000";"-66,7";"0,01";"0,00";"0,00";"149,50";"0,00";"432,05";"-282,54";"-65,4";"0,02";"-282,54";"-262,44";"0,000000";"0,000000";"0,000";"0,000";"0,000";"0,000"
"-93310,87";"MERCEARIA \ CONSERVAS \ VEGETAIS EM CONSERVA \ GRAO DE BICO";"0,000";"3,000";"0,000";"2,000";"1,000";"50,0";"0,00";"0,00";"0,00";"26,77";"0,00";"8,92";"17,85";"200,1";"0,00";"17,85";"16,83";"0,000000";"0,000000";"0,000";"0,000";"0,000";"0,000"
"-92108,92";"MERCEARIA \ CONSERVAS \ VEGETAIS EM CONSERVA \ MILHO VERDE";"0,000";"833,000";"0,000";"171,000";"662,000";"387,1";"-0,23";"0,00";"0,00";"1.676,94";"0,00";"474,99";"1.201,95";"253,0";"-0,08";"1.201,93";"1.212,21";"0,000000";"0,000000";"0,000";"0,000";"0,000";"0,000"
"-92797,21";"MERCEARIA \ CONSERVAS \ VEGETAIS EM CONSERVA \ PALMITO";"0,000";"1,000";"0,000";"62,000";"-61,000";"-98,4";"0,02";"0,00";"0,00";"10,89";"0,00";"699,18";"-688,29";"-98,4";"0,04";"-688,29";"-688,28";"0,000000";"0,000000";"0,000";"0,000";"0,000";"0,000"
"-92828,19";"MERCEARIA \ CONSERVAS \ VEGETAIS EM CONSERVA \ PEPINO";"0,000";"0,000";"0,000";"2,000";"-2,000";"-100,0";"0,00";"0,00";"0,00";"0,00";"0,00";"30,98";"-30,98";"-100,0";"0,00";"-30,97";"-28,42";"0,000000";"0,000000";"0,000";"0,000";"0,000";"0,000"
"-92821,26";"MERCEARIA \ CONSERVAS \ VEGETAIS EM CONSERVA \ PICKLES";"0,000";"1,000";"0,000";"0,000";"1,000";"";"0,00";"0,00";"0,00";"6,93";"0,00";"0,00";"6,93";"";"0,00";"6,93";"6,36";"0,000000";"0,000000";"0,000";"0,000";"0,000";"0,000"
"-93204,14";"MERCEARIA \ CONSERVAS \ VEGETAIS EM CONSERVA \ PIMENTA";"0,000";"16,000";"0,000";"53,000";"-37,000";"-69,8";"0,01";"0,00";"0,00";"139,61";"0,00";"522,49";"-382,88";"-73,3";"0,02";"-382,88";"-353,02";"0,000000";"0,000000";"0,000";"0,000";"0,000";"0,000"
"-93116,57";"MERCEARIA \ CONSERVAS \ VEGETAIS EM CONSERVA \ SELETA LEGUMES";"0,000";"29,000";"0,000";"5,000";"24,000";"480,0";"-0,01";"0,00";"0,00";"106,56";"0,00";"19,00";"87,57";"461,0";"-0,01";"87,57";"81,71";"0,000000";"0,000000";"0,000";"0,000";"0,000";"0,000"
"-93142,74";"MERCEARIA \ CONSERVAS \ VEGETAIS EM CONSERVA \ TREMOCOS";"0,000";"0,000";"0,000";"2,000";"-2,000";"-100,0";"0,00";"0,00";"0,00";"0,00";"0,00";"26,17";"-26,17";"-100,0";"0,00";"-26,17";"-24,03";"0,000000";"0,000000";"0,000";"0,000";"0,000";"0,000"
"-93247,27";"MERCEARIA \ CONSERVAS \ VINAGRE-VINHO CULINARIO \ VINAGRE ALCOOL";"0,000";"85,000";"0,000";"136,000";"-51,000";"-37,5";"0,02";"0,00";"0,00";"171,61";"0,00";"276,14";"-104,53";"-37,9";"0,01";"-104,53";"-97,21";"0,000000";"0,000000";"0,000";"0,000";"0,000";"0,000"
"-93367,74";"MERCEARIA \ CONSERVAS \ VINAGRE-VINHO CULINARIO \ VINAGRE ESPECIAL";"0,000";"19,000";"0,000";"24,000";"-5,000";"-20,8";"0,00";"0,00";"0,00";"96,36";"0,00";"216,83";"-120,47";"-55,6";"0,01";"-120,47";"-110,90";"0,000000";"0,000000";"0,000";"0,000";"0,000";"0,000"
"-93373,73";"MERCEARIA \ CONSERVAS \ VINAGRE-VINHO CULINARIO \ VINAGRE FRUTAS";"0,000";"4,000";"0,000";"6,000";"-2,000";"-33,3";"0,00";"0,00";"0,00";"29,11";"0,00";"35,10";"-5,99";"-17,1";"0,00";"-5,99";"-5,57";"0,000000";"0,000000";"0,000";"0,000";"0,000";"0,000"
"-93454,53";"MERCEARIA \ CONSERVAS \ VINAGRE-VINHO CULINARIO \ VINAGRE VINHO";"0,000";"18,000";"0,000";"39,000";"-21,000";"-53,8";"0,01";"0,00";"0,00";"82,80";"0,00";"163,60";"-80,80";"-49,4";"0,01";"-80,80";"-75,15";"0,000000";"0,000000";"0,000";"0,000";"0,000";"0,000"
"-93631,24";"MERCEARIA \ MASSAS \ MASSAS ALETR-C ANJO-CAPEL \ MASSAS ALETR-C ANJO-CAPEL";"0,000";"0,000";"0,000";"41,000";"-41,000";"-100,0";"0,01";"0,00";"0,00";"0,00";"0,00";"176,71";"-176,71";"-100,0";"0,01";"-176,71";"-164,34";"0,000000";"0,000000";"0,000";"0,000";"0,000";"0,000"
"-93823,70";"MERCEARIA \ MASSAS \ MASSAS CONCHINHA \ MASSAS CONCHINHA";"0,000";"0,000";"0,000";"55,000";"-55,000";"-100,0";"0,02";"0,00";"0,00";"0,00";"0,00";"192,46";"-192,46";"-100,0";"0,01";"-192,46";"-179,00";"0,000000";"0,000000";"0,000";"0,000";"0,000";"0,000"
"-100864,05";"MERCEARIA \ MASSAS \ MASSAS ESPAGUETE \ MASSAS ESPAGUETE";"0,000";"130,000";"0,000";"1.885,000";"-1.755,000";"-93,1";"0,61";"0,00";"0,00";"423,09";"0,00";"7.463,45";"-7.040,35";"-94,3";"0,45";"-7.031,14";"-6.582,85";"0,000000";"0,000000";"0,000";"0,000";"0,000";"0,000"
"-101840,04";"MERCEARIA \ MASSAS \ MASSAS ESPECIAIS \ MASSAS ESPECIAIS SECA";"0,000";"57,000";"0,000";"236,000";"-179,000";"-75,8";"0,06";"0,00";"0,00";"274,93";"0,00";"1.250,93";"-975,99";"-78,0";"0,06";"-975,64";"-873,29";"0,000000";"0,000000";"0,000";"0,000";"0,000";"0,000"
"-101875,38";"MERCEARIA \ MASSAS \ MASSAS FARFALE \ MASSAS FARFALE";"0,000";"17,000";"0,000";"23,000";"-6,000";"-26,1";"0,00";"0,00";"0,00";"100,13";"0,00";"135,47";"-35,34";"-26,1";"0,00";"-35,34";"-32,87";"0,000000";"0,000000";"0,000";"0,000";"0,000";"0,000"
"-102762,73";"MERCEARIA \ MASSAS \ MASSAS FIDELINHO \ MASSAS FIDELINHO";"0,000";"202,000";"0,000";"513,000";"-311,000";"-60,6";"0,11";"0,00";"0,00";"591,85";"0,00";"1.479,21";"-887,35";"-60,0";"0,06";"-887,46";"-825,32";"0,000000";"0,000000";"0,000";"0,000";"0,000";"0,000"
"-103289,39";"MERCEARIA \ MASSAS \ MASSAS GRANO DURO \ MASSAS GRANO DURO";"0,000";"65,000";"0,000";"177,000";"-112,000";"-63,3";"0,04";"0,00";"0,00";"389,53";"0,00";"916,19";"-526,66";"-57,5";"0,03";"-526,66";"-505,25";"0,000000";"0,000000";"0,000";"0,000";"0,000";"0,000"
"-103364,38";"MERCEARIA \ MASSAS \ MASSAS GRAVATA \ MASSAS GRAVATA";"0,000";"1,000";"0,000";"19,000";"-18,000";"-94,7";"0,01";"0,00";"0,00";"3,61";"0,00";"78,60";"-74,99";"-95,4";"0,00";"-74,99";"-69,74";"0,000000";"0,000000";"0,000";"0,000";"0,000";"0,000"
"-103771,43";"MERCEARIA \ MASSAS \ MASSAS INSTANTANEA \ MASSAS INSTANTANEA COPO";"0,000";"63,000";"0,000";"154,000";"-91,000";"-59,1";"0,03";"0,00";"0,00";"274,97";"0,00";"682,02";"-407,05";"-59,7";"0,03";"-407,15";"-407,15";"0,000000";"0,000000";"0,000";"0,000";"0,000";"0,000"
"-108156,16";"MERCEARIA \ MASSAS \ MASSAS INSTANTANEA \ MASSAS INSTANTANEA PACOTE";"0,000";"313,000";"0,000";"913,000";"-600,000";"-65,7";"0,21";"0,00";"0,00";"672,87";"0,00";"5.057,60";"-4.384,73";"-86,7";"0,28";"-4.384,73";"-4.384,73";"0,000000";"0,000000";"0,000";"0,000";"0,000";"0,000"
"-108295,87";"MERCEARIA \ MASSAS \ MASSAS LASANHA \ MASSAS LASANHA";"0,000";"21,000";"0,000";"48,000";"-27,000";"-56,3";"0,01";"0,00";"0,00";"119,84";"0,00";"259,55";"-139,71";"-53,8";"0,01";"-139,71";"-136,92";"0,000000";"0,000000";"0,000";"0,000";"0,000";"0,000"
"-108312,74";"MERCEARIA \ MASSAS \ MASSAS LETRINHA BICHINHOS \ MASSAS LETRINHAS";"0,000";"21,000";"0,000";"26,000";"-5,000";"-19,2";"0,00";"0,00";"0,00";"75,81";"0,00";"92,68";"-16,87";"-18,2";"0,00";"-16,87";"-15,70";"0,000000";"0,000000";"0,000";"0,000";"0,000";"0,000"
"-108549,69";"MERCEARIA \ MASSAS \ MASSAS NHOQUE \ MASSAS NHOQUE";"0,000";"9,000";"0,000";"60,000";"-51,000";"-85,0";"0,02";"0,00";"0,00";"75,22";"0,00";"312,17";"-236,95";"-75,9";"0,02";"-236,95";"-214,63";"0,000000";"0,000000";"0,000";"0,000";"0,000";"0,000"
"-108919,48";"MERCEARIA \ MASSAS \ MASSAS NINHO \ MASSAS NINHO";"0,000";"34,000";"0,000";"141,000";"-107,000";"-75,9";"0,04";"0,00";"0,00";"143,80";"0,00";"513,59";"-369,79";"-72,0";"0,02";"-369,79";"-344,46";"0,000000";"0,000000";"0,000";"0,000";"0,000";"0,000"
"-108985,94";"MERCEARIA \ MASSAS \ MASSAS P NOSSO-AV MARIA \ MASSAS P NOSSO-AV MARIA";"0,000";"61,000";"0,000";"79,000";"-18,000";"-22,8";"0,01";"0,00";"0,00";"206,97";"0,00";"273,42";"-66,46";"-24,3";"0,00";"-66,46";"-61,80";"0,000000";"0,000000";"0,000";"0,000";"0,000";"0,000"
"-110865,20";"MERCEARIA \ MASSAS \ MASSAS PARAFUSO-FUSILLI \ MASSAS PARAFUSO-FUSILLI";"0,000";"225,000";"0,000";"769,000";"-544,000";"-70,7";"0,19";"0,00";"0,00";"947,00";"0,00";"2.826,25";"-1.879,26";"-66,5";"0,12";"-1.879,31";"-1.788,58";"0,000000";"0,000000";"0,000";"0,000";"0,000";"0,000"
"-112276,79";"MERCEARIA \ MASSAS \ MASSAS PENNE-RIGATONI \ MASSAS PENNE-RIGATONI";"0,000";"51,000";"0,000";"518,000";"-467,000";"-90,2";"0,16";"0,00";"0,00";"183,61";"0,00";"1.595,19";"-1.411,59";"-88,5";"0,09";"-1.411,64";"-1.323,76";"0,000000";"0,000000";"0,000";"0,000";"0,000";"0,000"
"-111902,17";"MERCEARIA \ MASSAS \ MASSAS TALH-FETTUC-LINGUI \ MASSSAS TALH-FETTUC-LINGU";"0,000";"122,000";"0,000";"36,000";"86,000";"238,9";"-0,03";"0,00";"0,00";"532,73";"0,00";"158,11";"374,62";"236,9";"-0,02";"374,62";"347,59";"0,000000";"0,000000";"0,000";"0,000";"0,000";"0,000"
"-111902,17";"MERCEARIA \ MATINAIS \ ACUCAR \ ACUCAR COCO";"0,000";"17,000";"0,000";"17,000";"0,000";"0,0";"0,00";"0,00";"0,00";"287,33";"0,00";"287,33";"0,00";"0,0";"0,00";"0,00";"0,00";"0,000000";"0,000000";"0,000";"0,000";"0,000";"0,000"
"-112034,06";"MERCEARIA \ MATINAIS \ ACUCAR \ ACUCAR CRISTAL";"0,000";"28,000";"0,000";"73,000";"-45,000";"-61,6";"0,02";"0,00";"0,00";"141,01";"0,00";"272,91";"-131,89";"-48,3";"0,01";"-131,00";"-121,84";"0,000000";"0,000000";"0,000";"0,000";"0,000";"0,000"
"-112250,15";"MERCEARIA \ MATINAIS \ ACUCAR \ ACUCAR DEMERARA";"0,000";"5,000";"0,000";"55,000";"-50,000";"-90,9";"0,02";"0,00";"0,00";"21,66";"0,00";"237,75";"-216,09";"-90,9";"0,01";"-216,09";"-216,09";"0,000000";"0,000000";"0,000";"0,000";"0,000";"0,000"
"-112331,24";"MERCEARIA \ MATINAIS \ ACUCAR \ ACUCAR ESPECIAIS";"0,000";"3,000";"0,000";"27,000";"-24,000";"-88,9";"0,01";"0,00";"0,00";"13,30";"0,00";"94,39";"-81,09";"-85,9";"0,01";"-81,09";"-75,41";"0,000000";"0,000000";"0,000";"0,000";"0,000";"0,000"
"-112331,24";"MERCEARIA \ MATINAIS \ ACUCAR \ ACUCAR MASCAVO";"0,000";"2,000";"0,000";"2,000";"0,000";"0,0";"0,00";"0,00";"0,00";"18,55";"0,00";"18,55";"0,00";"0,0";"0,00";"0,00";"0,00";"0,000000";"0,000000";"0,000";"0,000";"0,000";"0,000"
"-119291,13";"MERCEARIA \ MATINAIS \ ACUCAR \ ACUCAR REFINADO";"0,000";"352,000";"0,000";"2.769,000";"-2.417,000";"-87,3";"0,84";"0,00";"0,00";"985,60";"0,00";"7.945,49";"-6.959,89";"-87,6";"0,44";"-6.959,56";"-6.472,39";"0,000000";"0,000000";"0,000";"0,000";"0,000";"0,000"
"-119307,23";"MERCEARIA \ MATINAIS \ ADOCANTE \ ADOCANTE CULINARIO";"0,000";"0,000";"0,000";"5,000";"-5,000";"-100,0";"0,00";"0,00";"0,00";"0,00";"0,00";"16,10";"-16,10";"-100,0";"0,00";"-16,10";"-12,56";"0,000000";"0,000000";"0,000";"0,000";"0,000";"0,000"
"-119332,89";"MERCEARIA \ MATINAIS \ ADOCANTE \ ADOCANTE EM PO";"0,000";"0,000";"0,000";"3,000";"-3,000";"-100,0";"0,00";"0,00";"0,00";"0,00";"0,00";"25,66";"-25,66";"-100,0";"0,00";"-25,66";"-20,46";"0,000000";"0,000000";"0,000";"0,000";"0,000";"0,000"
"-119589,78";"MERCEARIA \ MATINAIS \ ADOCANTE \ ADOCANTE LIQUIDO";"0,000";"24,000";"0,000";"41,000";"-17,000";"-41,5";"0,01";"0,00";"0,00";"158,01";"0,00";"414,89";"-256,89";"-61,9";"0,02";"-256,96";"-202,37";"0,000000";"0,000000";"0,000";"0,000";"0,000";"0,000"
"-119600,04";"MERCEARIA \ MATINAIS \ AMIDO \ AMIDO";"0,000";"12,000";"0,000";"7,000";"5,000";"71,4";"0,00";"0,00";"0,00";"28,55";"0,00";"38,81";"-10,26";"-26,4";"0,00";"-10,01";"-7,30";"0,000000";"0,000000";"0,000";"0,000";"0,000";"0,000"
"-119734,45";"MERCEARIA \ MATINAIS \ AVEIA \ AVEIA FLOCOS";"0,000";"4,000";"0,000";"36,000";"-32,000";"-88,9";"0,01";"0,00";"0,00";"32,04";"0,00";"166,45";"-134,41";"-80,8";"0,01";"-134,41";"-105,44";"0,000000";"0,000000";"0,000";"0,000";"0,000";"0,000"
"-145349,93";"MERCEARIA \ MATINAIS \ CAFE \ CAFE ALMOFADA";"0,000";"102,000";"0,000";"1.166,000";"-1.064,000";"-91,3";"0,37";"0,00";"0,00";"1.789,53";"0,00";"27.405,01";"-25.615,48";"-93,5";"1,62";"-25.606,97";"-23.814,48";"0,000000";"0,000000";"0,000";"0,000";"0,000";"0,000"
"-146138,82";"MERCEARIA \ MATINAIS \ CAFE \ CAFE SOLUVEL";"0,000";"1,000";"0,000";"59,000";"-58,000";"-98,3";"0,02";"0,00";"0,00";"9,82";"0,00";"798,71";"-788,89";"-98,8";"0,05";"-788,89";"-788,89";"0,000000";"0,000000";"0,000";"0,000";"0,000";"0,000"
"-144247,12";"MERCEARIA \ MATINAIS \ CAFE \ CAFE VACUO";"0,000";"176,000";"0,000";"59,000";"117,000";"198,3";"-0,04";"0,00";"0,00";"2.996,85";"0,00";"1.105,16";"1.891,70";"171,2";"-0,12";"1.891,70";"1.759,27";"0,000000";"0,000000";"0,000";"0,000";"0,000";"0,000"
"-144981,42";"MERCEARIA \ MATINAIS \ CAFE \ MIST BEBIDAS CAFE";"0,000";"5,000";"0,000";"52,000";"-47,000";"-90,4";"0,02";"0,00";"0,00";"67,81";"0,00";"802,11";"-734,30";"-91,5";"0,05";"-733,97";"-733,97";"0,000000";"0,000000";"0,000";"0,000";"0,000";"0,000"
"-146063,46";"MERCEARIA \ MATINAIS \ CEREAL MATINAL \ CEREAL MATINAL";"0,000";"131,000";"0,000";"248,000";"-117,000";"-47,2";"0,04";"0,00";"0,00";"944,43";"0,00";"2.026,47";"-1.082,04";"-53,4";"0,07";"-1.082,04";"-1.077,58";"0,000000";"0,000000";"0,000";"0,000";"0,000";"0,000"
"-146134,33";"MERCEARIA \ MATINAIS \ CHA \ CHA EM SACHE";"0,000";"33,000";"0,000";"34,000";"-1,000";"-2,9";"0,00";"0,00";"0,00";"94,34";"0,00";"165,21";"-70,87";"-42,9";"0,00";"-70,87";"-57,39";"0,000000";"0,000000";"0,000";"0,000";"0,000";"0,000"
"-145962,98";"MERCEARIA \ MATINAIS \ COMPOSTO LACTEO \ COMPOSTO LACTEO";"0,000";"11,000";"0,000";"2,000";"9,000";"450,0";"0,00";"0,00";"0,00";"209,35";"0,00";"38,01";"171,35";"450,8";"-0,01";"171,35";"171,35";"0,000000";"0,000000";"0,000";"0,000";"0,000";"0,000"
"-146026,17";"MERCEARIA \ MATINAIS \ DERIVADO DO MEL \ MEL-PROPOLIS";"0,000";"2,000";"0,000";"8,000";"-6,000";"-75,0";"0,00";"0,00";"0,00";"34,70";"0,00";"97,89";"-63,19";"-64,5";"0,00";"-63,19";"-49,28";"0,000000";"0,000000";"0,000";"0,000";"0,000";"0,000"
"-146314,19";"MERCEARIA \ MATINAIS \ DERIVADO DO MEL \ MELADO E GLICOSE";"0,000";"0,000";"0,000";"19,000";"-19,000";"-100,0";"0,01";"0,00";"0,00";"0,00";"0,00";"288,02";"-288,02";"-100,0";"0,02";"-288,02";"-225,81";"0,000000";"0,000000";"0,000";"0,000";"0,000";"0,000"
"-147946,40";"MERCEARIA \ MATINAIS \ DERIVADOS DO CACAU \ ACHOCOLATADO EM PO";"0,000";"23,000";"0,000";"122,000";"-99,000";"-81,1";"0,03";"0,00";"0,00";"347,25";"0,00";"1.979,46";"-1.632,21";"-82,5";"0,10";"-1.631,13";"-1.358,26";"0,000000";"0,000000";"0,000";"0,000";"0,000";"0,000"
"-147963,55";"MERCEARIA \ MATINAIS \ DERIVADOS DO CACAU \ CACAU EM PO";"0,000";"0,000";"0,000";"1,000";"-1,000";"-100,0";"0,00";"0,00";"0,00";"0,00";"0,00";"17,15";"-17,15";"-100,0";"0,00";"-17,15";"-12,14";"0,000000";"0,000000";"0,000";"0,000";"0,000";"0,000"
"-148028,25";"MERCEARIA \ MATINAIS \ DERIVADOS DO CACAU \ CHOCOLATE EM PO";"0,000";"0,000";"0,000";"6,000";"-6,000";"-100,0";"0,00";"0,00";"0,00";"0,00";"0,00";"64,70";"-64,70";"-100,0";"0,00";"-64,70";"-45,80";"0,000000";"0,000000";"0,000";"0,000";"0,000";"0,000"
"-148063,27";"MERCEARIA \ MATINAIS \ FARELO \ FARELO DE AVEIA";"0,000";"1,000";"0,000";"7,000";"-6,000";"-85,7";"0,00";"0,00";"0,00";"4,93";"0,00";"39,95";"-35,02";"-87,6";"0,00";"-35,02";"-27,56";"0,000000";"0,000000";"0,000";"0,000";"0,000";"0,000"
"-148028,97";"MERCEARIA \ MATINAIS \ FARINHAS \ AMENDOIM";"0,000";"3,000";"0,000";"0,000";"3,000";"";"0,00";"0,00";"0,00";"34,30";"0,00";"0,00";"34,30";"";"0,00";"34,30";"26,75";"0,000000";"0,000000";"0,000";"0,000";"0,000";"0,000"
"-148073,94";"MERCEARIA \ MATINAIS \ FARINHAS \ ARROZ";"0,000";"2,000";"0,000";"10,000";"-8,000";"-80,0";"0,00";"0,00";"0,00";"11,52";"0,00";"56,49";"-44,97";"-79,6";"0,00";"-44,97";"-35,08";"0,000000";"0,000000";"0,000";"0,000";"0,000";"0,000"
"-148073,35";"MERCEARIA \ MATINAIS \ FARINHAS \ AVEIA";"0,000";"1,000";"0,000";"1,000";"0,000";"0,0";"0,00";"0,00";"0,00";"4,23";"0,00";"3,64";"0,59";"16,2";"0,00";"0,75";"0,66";"0,000000";"0,000000";"0,000";"0,000";"0,000";"0,000"
"-148176,49";"MERCEARIA \ MATINAIS \ FARINHAS \ FARINHA LACTEA";"0,000";"0,000";"0,000";"20,000";"-20,000";"-100,0";"0,01";"0,00";"0,00";"0,00";"0,00";"103,14";"-103,14";"-100,0";"0,01";"-103,14";"-102,80";"0,000000";"0,000000";"0,000";"0,000";"0,000";"0,000"
"-148448,19";"MERCEARIA \ MATINAIS \ FORMULA INFANTIL \ FORMULA INFANTIL";"0,000";"0,000";"0,000";"6,000";"-6,000";"-100,0";"0,00";"0,00";"0,00";"0,00";"0,00";"271,70";"-271,70";"-100,0";"0,02";"-271,70";"-271,70";"0,000000";"0,000000";"0,000";"0,000";"0,000";"0,000"
"-145379,05";"MERCEARIA \ MATINAIS \ LEITE EM PO \ LEITE EM PO TRADICIONAL";"0,000";"636,000";"0,000";"329,000";"307,000";"93,3";"-0,11";"0,00";"0,00";"7.009,37";"0,00";"3.940,23";"3.069,14";"77,9";"-0,19";"3.112,77";"2.427,74";"0,000000";"0,000000";"0,000";"0,000";"0,000";"0,000"
"-145536,75";"MERCEARIA \ MATINAIS \ LEITE EM PO \ LEITE EM PO ZERO LACTOSE";"0,000";"2,000";"0,000";"15,000";"-13,000";"-86,7";"0,00";"0,00";"0,00";"23,46";"0,00";"181,16";"-157,70";"-87,1";"0,01";"-151,78";"-118,39";"0,000000";"0,000000";"0,000";"0,000";"0,000";"0,000"
"-145534,83";"MERCEARIA \ MATINAIS \ MATINAIS CAPSULA \ CAPS ACHOCOLATADO";"0,000";"10,000";"0,000";"10,000";"0,000";"0,0";"0,00";"0,00";"0,00";"178,66";"0,00";"176,74";"1,92";"1,1";"0,00";"1,92";"2,36";"0,000000";"0,000000";"0,000";"0,000";"0,000";"0,000"
"-145781,27";"MERCEARIA \ MATINAIS \ MATINAIS CAPSULA \ CAPS CAFE";"0,000";"30,000";"0,000";"42,000";"-12,000";"-28,6";"0,00";"0,00";"0,00";"434,06";"0,00";"680,50";"-246,44";"-36,2";"0,02";"-246,44";"-210,95";"0,000000";"0,000000";"0,000";"0,000";"0,000";"0,000"
"-145612,00";"MERCEARIA \ MATINAIS \ MATINAIS CAPSULA \ CAPS MATINAIS COM LEITE";"0,000";"18,000";"0,000";"7,000";"11,000";"157,1";"0,00";"0,00";"0,00";"308,25";"0,00";"138,98";"169,27";"121,8";"-0,01";"169,27";"169,27";"0,000000";"0,000000";"0,000";"0,000";"0,000";"0,000"
"-145333,80";"MERCEARIA \ MATINAIS \ MINGAU \ MINGAU TRADICIONAL";"0,000";"57,000";"0,000";"17,000";"40,000";"235,3";"-0,01";"0,00";"0,00";"389,23";"0,00";"111,03";"278,20";"250,6";"-0,02";"278,20";"276,45";"0,000000";"0,000000";"0,000";"0,000";"0,000";"0,000"
"-145636,27";"MERCEARIA \ MATINAIS \ SUPLEMENTO ALIMENTAR \ SUPLEMENTO ALIMENTAR";"0,000";"4,000";"0,000";"21,000";"-17,000";"-81,0";"0,01";"0,00";"0,00";"87,47";"0,00";"389,94";"-302,47";"-77,6";"0,02";"-302,47";"-234,17";"0,000000";"0,000000";"0,000";"0,000";"0,000";"0,000"
"-145881,46";"MERCEARIA \ OLEOS VEGETAIS - BANHA \ AZEITE \ AZEITE DE DENDE";"0,000";"1,000";"0,000";"34,000";"-33,000";"-97,1";"0,01";"0,00";"0,00";"6,76";"0,00";"251,95";"-245,19";"-97,3";"0,02";"-245,19";"-191,25";"0,000000";"0,000000";"0,000";"0,000";"0,000";"0,000"
"-146490,38";"MERCEARIA \ OLEOS VEGETAIS - BANHA \ AZEITE \ AZEITE EXTRA VIRGEM";"0,000";"74,000";"0,000";"86,000";"-12,000";"-14,0";"0,00";"0,00";"0,00";"1.313,76";"0,00";"1.922,68";"-608,92";"-31,7";"0,04";"-608,92";"-608,92";"0,000000";"0,000000";"0,000";"0,000";"0,000";"0,000"
"-146550,78";"MERCEARIA \ OLEOS VEGETAIS - BANHA \ AZEITE \ AZEITE TIPO UNICO - OLIVA";"0,000";"0,000";"0,000";"3,000";"-3,000";"-100,0";"0,00";"0,00";"0,00";"0,00";"0,00";"60,40";"-60,40";"-100,0";"0,00";"-60,40";"-60,40";"0,000000";"0,000000";"0,000";"0,000";"0,000";"0,000"
"-146558,70";"MERCEARIA \ OLEOS VEGETAIS - BANHA \ OLEOS \ OLEO COMPOSTO";"0,000";"5,000";"0,000";"7,000";"-2,000";"-28,6";"0,00";"0,00";"0,00";"51,85";"0,00";"59,78";"-7,92";"-13,3";"0,00";"-7,92";"-7,92";"0,000000";"0,000000";"0,000";"0,000";"0,000";"0,000"
"-146628,63";"MERCEARIA \ OLEOS VEGETAIS - BANHA \ OLEOS \ OLEO DE CANOLA";"0,000";"0,000";"0,000";"6,000";"-6,000";"-100,0";"0,00";"0,00";"0,00";"0,00";"0,00";"69,93";"-69,93";"-100,0";"0,00";"-69,93";"-69,93";"0,000000";"0,000000";"0,000";"0,000";"0,000";"0,000"
"-146642,49";"MERCEARIA \ OLEOS VEGETAIS - BANHA \ OLEOS \ OLEO DE COCO";"0,000";"0,000";"0,000";"1,000";"-1,000";"-100,0";"0,00";"0,00";"0,00";"0,00";"0,00";"13,86";"-13,86";"-100,0";"0,00";"-13,86";"-12,20";"0,000000";"0,000000";"0,000";"0,000";"0,000";"0,000"
"-147358,40";"MERCEARIA \ OLEOS VEGETAIS - BANHA \ OLEOS \ OLEO DE GIRASOL";"0,000";"0,000";"0,000";"62,000";"-62,000";"-100,0";"0,02";"0,00";"0,00";"0,00";"0,00";"715,91";"-715,91";"-100,0";"0,05";"-715,91";"-715,91";"0,000000";"0,000000";"0,000";"0,000";"0,000";"0,000"
"-147454,42";"MERCEARIA \ OLEOS VEGETAIS - BANHA \ OLEOS \ OLEO DE MILHO";"0,000";"0,000";"0,000";"8,000";"-8,000";"-100,0";"0,00";"0,00";"0,00";"0,00";"0,00";"96,02";"-96,02";"-100,0";"0,01";"-96,02";"-96,02";"0,000000";"0,000000";"0,000";"0,000";"0,000";"0,000"
"-147698,82";"MERCEARIA \ OLEOS VEGETAIS - BANHA \ OLEOS \ OLEO DE SOJA";"0,000";"54,000";"0,000";"90,000";"-36,000";"-40,0";"0,01";"0,00";"0,00";"333,33";"0,00";"577,73";"-244,40";"-42,3";"0,02";"-244,40";"-227,29";"0,000000";"0,000000";"0,000";"0,000";"0,000";"0,000"
"-147767,86";"MERCEARIA \ SOBREMESAS \ CHANTILLY \ CHANTILLY";"0,000";"0,000";"0,000";"11,000";"-11,000";"-100,0";"0,00";"0,00";"0,00";"0,00";"0,00";"69,04";"-69,04";"-100,0";"0,00";"-69,04";"-55,13";"0,000000";"0,000000";"0,000";"0,000";"0,000";"0,000"
"-147526,60";"MERCEARIA \ SOBREMESAS \ COBERTURAS \ COBERTURAS";"0,000";"26,000";"0,000";"2,000";"24,000";"1.200,0";"-0,01";"0,00";"0,00";"251,94";"0,00";"10,68";"241,26";"2.258,3";"-0,02";"241,26";"168,53";"0,000000";"0,000000";"0,000";"0,000";"0,000";"0,000"
"-147548,03";"MERCEARIA \ SOBREMESAS \ CORANTES E ESSENCIAS \ CORANTE";"0,000";"0,000";"0,000";"7,000";"-7,000";"-100,0";"0,00";"0,00";"0,00";"0,00";"0,00";"21,43";"-21,43";"-100,0";"0,00";"-21,43";"-16,71";"0,000000";"0,000000";"0,000";"0,000";"0,000";"0,000"
"-147571,20";"MERCEARIA \ SOBREMESAS \ CORANTES E ESSENCIAS \ ESSENCIAS";"0,000";"1,000";"0,000";"5,000";"-4,000";"-80,0";"0,00";"0,00";"0,00";"3,37";"0,00";"26,54";"-23,17";"-87,3";"0,00";"-23,17";"-18,38";"0,000000";"0,000000";"0,000";"0,000";"0,000";"0,000"
"-147583,87";"MERCEARIA \ SOBREMESAS \ CREME DE LEITE \ CREME DE LEITE LATA";"0,000";"0,000";"0,000";"2,000";"-2,000";"-100,0";"0,00";"0,00";"0,00";"0,00";"0,00";"12,67";"-12,67";"-100,0";"0,00";"-12,67";"-9,88";"0,000000";"0,000000";"0,000";"0,000";"0,000";"0,000"
"-148287,08";"MERCEARIA \ SOBREMESAS \ CREME DE LEITE \ CREME DE LEITE TP";"0,000";"274,000";"0,000";"714,000";"-440,000";"-61,6";"0,15";"0,00";"0,00";"594,45";"0,00";"1.297,67";"-703,21";"-54,2";"0,04";"-707,87";"-552,14";"0,000000";"0,000000";"0,000";"0,000";"0,000";"0,000"
"-148377,33";"MERCEARIA \ SOBREMESAS \ CREMES \ CREME DE AVELA";"0,000";"2,000";"0,000";"7,000";"-5,000";"-71,4";"0,00";"0,00";"0,00";"39,75";"0,00";"130,00";"-90,25";"-69,4";"0,01";"-90,25";"-72,05";"0,000000";"0,000000";"0,000";"0,000";"0,000";"0,000"
"-148342,98";"MERCEARIA \ SOBREMESAS \ DERIVADO DO COCO \ COCO RALADO";"0,000";"27,000";"0,000";"48,000";"-21,000";"-43,8";"0,01";"0,00";"0,00";"177,40";"0,00";"143,06";"34,35";"24,0";"0,00";"34,35";"26,79";"0,000000";"0,000000";"0,000";"0,000";"0,000";"0,000"
"-148228,98";"MERCEARIA \ SOBREMESAS \ DERIVADO DO COCO \ LEITE DE COCO";"0,000";"96,000";"0,000";"98,000";"-2,000";"-2,0";"0,00";"0,00";"0,00";"568,55";"0,00";"454,55";"114,00";"25,1";"-0,01";"114,45";"88,78";"0,000000";"0,000000";"0,000";"0,000";"0,000";"0,000"
"-148244,68";"MERCEARIA \ SOBREMESAS \ DOCE - COMPOTA DOCE - COM \ COMPOTA LATA";"0,000";"4,000";"0,000";"6,000";"-2,000";"-33,3";"0,00";"0,00";"0,00";"48,50";"0,00";"64,20";"-15,70";"-24,5";"0,00";"-15,70";"-17,57";"0,000000";"0,000000";"0,000";"0,000";"0,000";"0,000"
"-148852,98";"MERCEARIA \ SOBREMESAS \ DOCE - COMPOTA DOCE - COM \ COMPOTA VIDRO";"0,000";"21,000";"0,000";"90,000";"-69,000";"-76,7";"0,02";"0,00";"0,00";"267,15";"0,00";"875,45";"-608,30";"-69,5";"0,04";"-608,30";"-501,46";"0,000000";"0,000000";"0,000";"0,000";"0,000";"0,000"
"-148241,90";"MERCEARIA \ SOBREMESAS \ DOCE - COMPOTA DOCE - COM \ DOCE BARRA";"0,000";"126,000";"0,000";"35,000";"91,000";"260,0";"-0,03";"0,00";"0,00";"905,12";"0,00";"294,05";"611,08";"207,8";"-0,04";"611,08";"576,84";"0,000000";"0,000000";"0,000";"0,000";"0,000";"0,000"
"-148212,73";"MERCEARIA \ SOBREMESAS \ FERMENTOS \ FERMENTO BIOLOGICO";"0,000";"26,000";"0,000";"0,000";"26,000";"";"-0,01";"0,00";"0,00";"29,17";"0,00";"0,00";"29,17";"";"0,00";"29,12";"23,25";"0,000000";"0,000000";"0,000";"0,000";"0,000";"0,000"
"-148318,22";"MERCEARIA \ SOBREMESAS \ FERMENTOS \ FERMENTO PO";"0,000";"14,000";"0,000";"103,000";"-89,000";"-86,4";"0,03";"0,00";"0,00";"48,42";"0,00";"153,91";"-105,49";"-68,5";"0,01";"-101,44";"-80,79";"0,000000";"0,000000";"0,000";"0,000";"0,000";"0,000"
"-148321,27";"MERCEARIA \ SOBREMESAS \ FLAN \ FLAN";"0,000";"0,000";"0,000";"1,000";"-1,000";"-100,0";"0,00";"0,00";"0,00";"0,00";"0,00";"3,05";"-3,05";"-100,0";"0,00";"-3,05";"-2,44";"0,000000";"0,000000";"0,000";"0,000";"0,000";"0,000"
"-148310,89";"MERCEARIA \ SOBREMESAS \ GELATINA \ GELATINA LIGHT-DIET-COLAG";"0,000";"13,000";"0,000";"8,000";"5,000";"62,5";"0,00";"0,00";"0,00";"30,81";"0,00";"20,43";"10,38";"50,8";"0,00";"10,38";"8,35";"0,000000";"0,000000";"0,000";"0,000";"0,000";"0,000"
"-148711,66";"MERCEARIA \ SOBREMESAS \ GELATINA \ GELATINA TRADICIONAL";"0,000";"50,000";"0,000";"325,000";"-275,000";"-84,6";"0,10";"0,00";"0,00";"82,05";"0,00";"482,82";"-400,77";"-83,0";"0,03";"-400,73";"-319,85";"0,000000";"0,000000";"0,000";"0,000";"0,000";"0,000"
"-149372,66";"MERCEARIA \ SOBREMESAS \ GELEIAS \ GELEIA DE FRUTAS";"0,000";"37,000";"0,000";"106,000";"-69,000";"-65,1";"0,02";"0,00";"0,00";"644,21";"0,00";"1.305,22";"-661,00";"-50,6";"0,04";"-661,00";"-664,20";"0,000000";"0,000000";"0,000";"0,000";"0,000";"0,000"
"-149348,82";"MERCEARIA \ SOBREMESAS \ GELEIAS \ GELEIA DE MOCOTO";"0,000";"69,000";"0,000";"64,000";"5,000";"7,8";"0,00";"0,00";"0,00";"220,56";"0,00";"196,73";"23,84";"12,1";"0,00";"23,84";"19,87";"0,000000";"0,000000";"0,000";"0,000";"0,000";"0,000"
"-149390,16";"MERCEARIA \ SOBREMESAS \ GRANULADOS \ GRANULADOS";"0,000";"2,000";"0,000";"10,000";"-8,000";"-80,0";"0,00";"0,00";"0,00";"10,20";"0,00";"51,54";"-41,34";"-80,2";"0,00";"-41,34";"-37,72";"0,000000";"0,000000";"0,000";"0,000";"0,000";"0,000"
"-146482,02";"MERCEARIA \ SOBREMESAS \ LEITE CONDESADO \ LEITE CONDENSADO LATA";"0,000";"356,000";"0,000";"5,000";"351,000";"7.020,0";"-0,12";"0,00";"0,00";"2.947,09";"0,00";"38,94";"2.908,14";"7.467,6";"-0,18";"2.908,14";"2.268,35";"0,000000";"0,000000";"0,000";"0,000";"0,000";"0,000"
"-147096,82";"MERCEARIA \ SOBREMESAS \ LEITE CONDESADO \ LEITE CONDENSADO TP";"0,000";"3,000";"0,000";"145,000";"-142,000";"-97,9";"0,05";"0,00";"0,00";"16,41";"0,00";"631,22";"-614,80";"-97,4";"0,04";"-614,61";"-479,39";"0,000000";"0,000000";"0,000";"0,000";"0,000";"0,000"
"-147038,32";"MERCEARIA \ SOBREMESAS \ MARIA MOLE \ MARIA MOLE";"0,000";"16,000";"0,000";"0,000";"16,000";"";"-0,01";"0,00";"0,00";"58,50";"0,00";"0,00";"58,50";"";"0,00";"58,50";"46,72";"0,000000";"0,000000";"0,000";"0,000";"0,000";"0,000"
"-147116,14";"MERCEARIA \ SOBREMESAS \ MISTURAS \ MIST P.BOLO TRADICIONAL";"0,000";"95,000";"0,000";"113,000";"-18,000";"-15,9";"0,01";"0,00";"0,00";"407,62";"0,00";"485,44";"-77,82";"-16,0";"0,00";"-77,82";"-71,35";"0,000000";"0,000000";"0,000";"0,000";"0,000";"0,000"
"-147161,40";"MERCEARIA \ SOBREMESAS \ MISTURAS \ POS PARA SORVETE- MOUSSE";"0,000";"7,000";"0,000";"13,000";"-6,000";"-46,2";"0,00";"0,00";"0,00";"54,70";"0,00";"99,96";"-45,26";"-45,3";"0,00";"-45,26";"-35,07";"0,000000";"0,000000";"0,000";"0,000";"0,000";"0,000"
"-147239,19";"MERCEARIA \ SOBREMESAS \ PUDIM \ PUDIM";"0,000";"0,000";"0,000";"23,000";"-23,000";"-100,0";"0,01";"0,00";"0,00";"0,00";"0,00";"77,79";"-77,79";"-100,0";"0,00";"-77,79";"-62,06";"0,000000";"0,000000";"0,000";"0,000";"0,000";"0,000"
"-147282,64";"MERCEARIA \ SOBREMESAS \ SOBREMESAS \ SOBREMESAS";"0,000";"0,000";"0,000";"8,000";"-8,000";"-100,0";"0,00";"0,00";"0,00";"0,00";"0,00";"43,45";"-43,45";"-100,0";"0,00";"-43,45";"-30,75";"0,000000";"0,000000";"0,000";"0,000";"0,000";"0,000"
"-323167,79";"NAO REVENDA \ MATERIA PRIMA \ MATERIA PRIMA \ MATERIA PRIMA";"0,000";"105.839,612";"0,000";"20.475,686";"85.363,926";"416,9";"-29,64";"0,00";"0,00";"105.559,98";"0,00";"281.445,13";"-175.885,15";"-62,5";"11,14";"-175.969,21";"-140.869,16";"0,000000";"0,000000";"0,000";"0,000";"0,000";"0,000"
"-323082,30";"NAO REVENDA \ MATERIA PRIMA \ MATERIA PRIMA \ PRODUTO MATERIA PRIMA";"0,000";"110,000";"0,000";"3,000";"107,000";"3.566,7";"-0,04";"0,00";"0,00";"426,94";"0,00";"341,45";"85,49";"25,0";"-0,01";"85,49";"71,89";"0,000000";"0,000000";"0,000";"0,000";"0,000";"0,000"
"-323394,60";"NAO REVENDA \ USO E CONSUMO \ EMBALAGEM \ EMBALAGEM";"0,000";"0,000";"0,000";"2,000";"-2,000";"-100,0";"0,00";"0,00";"0,00";"0,00";"0,00";"312,30";"-312,30";"-100,0";"0,02";"-312,30";"-312,30";"0,000000";"0,000000";"0,000";"0,000";"0,000";"0,000"
"-338584,98";"PERECIVEIS \ ACOUGUE \ AVES \ CORTE FRANGO CONG";"0,000";"2.833,720";"0,000";"4.370,656";"-1.536,936";"-35,2";"0,53";"0,00";"0,00";"31.861,34";"0,00";"47.051,72";"-15.190,38";"-32,3";"0,96";"-15.184,24";"-14.072,91";"0,000000";"0,000000";"0,000";"0,000";"0,000";"0,000"
"-364224,60";"PERECIVEIS \ ACOUGUE \ AVES \ CORTE FRANGO CONG GRANEL";"0,000";"3.119,947";"0,000";"5.129,423";"-2.009,476";"-39,2";"0,70";"0,00";"0,00";"21.515,17";"0,00";"47.154,79";"-25.639,62";"-54,4";"1,62";"-25.660,87";"-23.864,72";"0,000000";"0,000000";"0,000";"0,000";"0,000";"0,000"
"-365468,02";"PERECIVEIS \ ACOUGUE \ AVES \ CORTE FRANGO RESFRIADO";"0,000";"29,839";"0,000";"399,136";"-369,297";"-92,5";"0,13";"0,00";"0,00";"68,52";"0,00";"1.311,95";"-1.243,42";"-94,8";"0,08";"-1.244,92";"-1.157,78";"0,000000";"0,000000";"0,000";"0,000";"0,000";"0,000"
"-370815,25";"PERECIVEIS \ ACOUGUE \ AVES \ FRANGO INTEIRO";"0,000";"264,944";"0,000";"669,358";"-404,414";"-60,4";"0,14";"0,00";"0,00";"2.748,30";"0,00";"8.095,53";"-5.347,23";"-66,1";"0,34";"-5.347,23";"-4.343,95";"0,000000";"0,000000";"0,000";"0,000";"0,000";"0,000"
"-381068,99";"PERECIVEIS \ ACOUGUE \ AVES \ MIUDOS DE FRANGO";"0,000";"4.144,249";"0,000";"1.725,526";"2.418,723";"140,2";"-0,84";"0,00";"0,00";"9.024,70";"0,00";"19.278,44";"-10.253,74";"-53,2";"0,65";"-10.324,88";"-9.513,50";"0,000000";"0,000000";"0,000";"0,000";"0,000";"0,000"
"-380975,63";"PERECIVEIS \ ACOUGUE \ AVES \ PERU INTEIRO";"0,000";"3,000";"0,000";"0,000";"3,000";"";"0,00";"0,00";"0,00";"93,36";"0,00";"0,00";"93,36";"";"-0,01";"93,36";"72,82";"0,000000";"0,000000";"0,000";"0,000";"0,000";"0,000"
"-388971,28";"PERECIVEIS \ ACOUGUE \ BOVINO \ BOVINOS PREMIUM";"0,000";"69,698";"0,000";"206,360";"-136,662";"-66,2";"0,05";"0,00";"0,00";"1.173,50";"0,00";"9.169,15";"-7.995,65";"-87,2";"0,51";"-7.995,65";"-7.435,99";"0,000000";"0,000000";"0,000";"0,000";"0,000";"0,000"
"-164680,82";"PERECIVEIS \ ACOUGUE \ BOVINO \ DIANTEIRO BOVINO";"0,000";"35.207,988";"0,000";"28.850,095";"6.357,893";"22,0";"-2,21";"0,00";"0,00";"1.054.559,14";"0,00";"830.268,67";"224.290,46";"27,0";"-14,20";"220.640,40";"205.225,69";"0,000000";"0,000000";"0,000";"0,000";"0,000";"0,000"
"-142730,67";"PERECIVEIS \ ACOUGUE \ BOVINO \ MIUDOS BOVINO";"0,000";"3.181,522";"0,000";"1.316,015";"1.865,507";"141,8";"-0,65";"0,00";"0,00";"36.123,63";"0,00";"14.173,48";"21.950,15";"154,9";"-1,39";"21.962,39";"20.425,12";"0,000000";"0,000000";"0,000";"0,000";"0,000";"0,000"
"-588101,80";"PERECIVEIS \ ACOUGUE \ BOVINO \ TRASEIRO BOVINO";"0,000";"16.532,638";"0,000";"81.917,650";"-65.385,012";"-79,8";"22,70";"0,00";"0,00";"613.233,83";"0,00";"1.058.604,96";"-445.371,13";"-42,1";"28,21";"-441.749,74";"-410.099,48";"0,000000";"0,000000";"0,000";"0,000";"0,000";"0,000"
"-588206,22";"PERECIVEIS \ ACOUGUE \ LINGUICAS \ LINGUICA COSTELA";"0,000";"5,000";"0,000";"15,000";"-10,000";"-66,7";"0,00";"0,00";"0,00";"60,24";"0,00";"164,66";"-104,42";"-63,4";"0,01";"-104,42";"-89,39";"0,000000";"0,000000";"0,000";"0,000";"0,000";"0,000"
"-590703,55";"PERECIVEIS \ ACOUGUE \ LINGUICAS \ LINGUICA FRANGO";"0,000";"121,597";"0,000";"363,227";"-241,630";"-66,5";"0,08";"0,00";"0,00";"1.203,42";"0,00";"3.700,75";"-2.497,33";"-67,5";"0,16";"-2.495,09";"-2.293,34";"0,000000";"0,000000";"0,000";"0,000";"0,000";"0,000"
"-601101,12";"PERECIVEIS \ ACOUGUE \ LINGUICAS \ LINGUICA PERNIL";"0,000";"264,449";"0,000";"967,530";"-703,081";"-72,7";"0,24";"0,00";"0,00";"3.583,90";"0,00";"13.981,47";"-10.397,57";"-74,4";"0,66";"-10.397,54";"-9.593,89";"0,000000";"0,000000";"0,000";"0,000";"0,000";"0,000"
"-605359,45";"PERECIVEIS \ ACOUGUE \ LINGUICAS \ LINGUICA SUINA-MISTA";"0,000";"1.183,971";"0,000";"1.639,511";"-455,540";"-27,8";"0,16";"0,00";"0,00";"14.332,28";"0,00";"18.590,62";"-4.258,33";"-22,9";"0,27";"-4.264,11";"-3.935,37";"0,000000";"0,000000";"0,000";"0,000";"0,000";"0,000"
"-608268,38";"PERECIVEIS \ ACOUGUE \ LINGUICAS \ LINGUICA TOSCANA CHURRASC";"0,000";"144,000";"0,000";"362,000";"-218,000";"-60,2";"0,08";"0,00";"0,00";"1.950,42";"0,00";"4.859,34";"-2.908,93";"-59,9";"0,18";"-2.909,43";"-2.684,67";"0,000000";"0,000000";"0,000";"0,000";"0,000";"0,000"
"-613448,88";"PERECIVEIS \ ACOUGUE \ SALSICHAS-SALSICHAO \ SALSICHAS-SALSICHAO";"0,000";"235,734";"0,000";"972,005";"-736,271";"-75,7";"0,26";"0,00";"0,00";"1.685,25";"0,00";"6.865,75";"-5.180,50";"-75,5";"0,33";"-5.180,64";"-4.787,62";"0,000000";"0,000000";"0,000";"0,000";"0,000";"0,000"
"-708814,49";"PERECIVEIS \ ACOUGUE \ SUINOS \ SUINOS CONGELADOS";"0,000";"5.417,468";"0,000";"10.126,320";"-4.708,852";"-46,5";"1,63";"0,00";"0,00";"55.149,53";"0,00";"150.515,14";"-95.365,61";"-63,4";"6,04";"-95.485,15";"-88.699,05";"0,000000";"0,000000";"0,000";"0,000";"0,000";"0,000"
"-664349,69";"PERECIVEIS \ ACOUGUE \ SUINOS \ SUINOS RESFRIADOS";"0,000";"8.601,645";"0,000";"4.352,615";"4.249,030";"97,6";"-1,48";"0,00";"0,00";"87.385,21";"0,00";"42.920,41";"44.464,80";"103,6";"-2,82";"41.571,76";"38.661,41";"0,000000";"0,000000";"0,000";"0,000";"0,000";"0,000"
"-673625,12";"PERECIVEIS \ CONGELADO \ EMPANADOS \ EMPANADOS";"0,000";"552,000";"0,000";"1.639,000";"-1.087,000";"-66,3";"0,38";"0,00";"0,00";"4.596,92";"0,00";"13.872,35";"-9.275,43";"-66,9";"0,59";"-9.272,93";"-9.170,81";"0,000000";"0,000000";"0,000";"0,000";"0,000";"0,000"
"-674460,08";"PERECIVEIS \ CONGELADO \ EMPANADOS \ STEAK";"0,000";"411,000";"0,000";"937,000";"-526,000";"-56,1";"0,18";"0,00";"0,00";"597,76";"0,00";"1.432,72";"-834,96";"-58,3";"0,05";"-834,32";"-834,26";"0,000000";"0,000000";"0,000";"0,000";"0,000";"0,000"
"-677120,69";"PERECIVEIS \ CONGELADO \ FRUTAS CONGELADAS \ FRUTAS CONGELADAS";"0,000";"14,000";"0,000";"232,000";"-218,000";"-94,0";"0,08";"0,00";"0,00";"159,70";"0,00";"2.820,31";"-2.660,61";"-94,3";"0,17";"-2.660,14";"-2.660,14";"0,000000";"0,000000";"0,000";"0,000";"0,000";"0,000"
"-677136,27";"PERECIVEIS \ CONGELADO \ FRUTAS CONGELADAS \ POLPAS DE FRUTAS";"0,000";"73,000";"0,000";"71,000";"2,000";"2,8";"0,00";"0,00";"0,00";"516,50";"0,00";"532,08";"-15,58";"-2,9";"0,00";"-15,58";"-15,58";"0,000000";"0,000000";"0,000";"0,000";"0,000";"0,000"
"-677818,79";"PERECIVEIS \ CONGELADO \ GELO \ GELO FILTRADO";"0,000";"62,000";"0,000";"153,000";"-91,000";"-59,5";"0,03";"0,00";"0,00";"464,94";"0,00";"1.147,45";"-682,52";"-59,5";"0,04";"-682,52";"-599,32";"0,000000";"0,000000";"0,000";"0,000";"0,000";"0,000"
"-682630,34";"PERECIVEIS \ CONGELADO \ LANCHES PRONTOS CONGELADO \ HAMBURGUER";"0,000";"1.016,000";"0,000";"1.530,000";"-514,000";"-33,6";"0,18";"0,00";"0,00";"2.011,68";"0,00";"6.823,24";"-4.811,55";"-70,5";"0,30";"-4.811,57";"-4.782,94";"0,000000";"0,000000";"0,000";"0,000";"0,000";"0,000"
"-683711,85";"PERECIVEIS \ CONGELADO \ LANCHES PRONTOS CONGELADO \ PAO DE QUEIJO";"0,000";"272,000";"0,000";"414,000";"-142,000";"-34,3";"0,05";"0,00";"0,00";"2.768,36";"0,00";"3.849,87";"-1.081,51";"-28,1";"0,07";"-1.084,27";"-893,78";"0,000000";"0,000000";"0,000";"0,000";"0,000";"0,000"
"-684901,24";"PERECIVEIS \ CONGELADO \ LANCHES PRONTOS CONGELADO \ PIZZA";"0,000";"83,000";"0,000";"173,000";"-90,000";"-52,0";"0,03";"0,00";"0,00";"1.104,59";"0,00";"2.293,98";"-1.189,39";"-51,8";"0,08";"-1.189,39";"-1.189,01";"0,000000";"0,000000";"0,000";"0,000";"0,000";"0,000"
"-685431,84";"PERECIVEIS \ CONGELADO \ LANCHES PRONTOS CONGELADO \ SALGADOS CONGELADOS";"0,000";"25,000";"0,000";"71,000";"-46,000";"-64,8";"0,02";"0,00";"0,00";"362,50";"0,00";"893,10";"-530,60";"-59,4";"0,03";"-530,60";"-471,07";"0,000000";"0,000000";"0,000";"0,000";"0,000";"0,000"
"-686215,82";"PERECIVEIS \ CONGELADO \ LANCHES PRONTOS CONGELADO \ SANDUICHE";"0,000";"37,000";"0,000";"169,000";"-132,000";"-78,1";"0,05";"0,00";"0,00";"217,71";"0,00";"1.001,69";"-783,98";"-78,3";"0,05";"-784,00";"-778,83";"0,000000";"0,000000";"0,000";"0,000";"0,000";"0,000"
"-688103,64";"PERECIVEIS \ CONGELADO \ PRATOS PRONTOS - SEMI-PRO \ ALMONDEGA - KIBE- BIFE";"0,000";"73,000";"0,000";"204,000";"-131,000";"-64,2";"0,05";"0,00";"0,00";"924,62";"0,00";"2.812,44";"-1.887,82";"-67,1";"0,12";"-1.887,64";"-1.899,35";"0,000000";"0,000000";"0,000";"0,000";"0,000";"0,000"
"-688815,49";"PERECIVEIS \ CONGELADO \ PRATOS PRONTOS - SEMI-PRO \ BOLINHO DE BACALHAU";"0,000";"10,000";"0,000";"52,000";"-42,000";"-80,8";"0,01";"0,00";"0,00";"169,50";"0,00";"881,35";"-711,85";"-80,8";"0,05";"-711,85";"-711,85";"0,000000";"0,000000";"0,000";"0,000";"0,000";"0,000"
"-689119,68";"PERECIVEIS \ CONGELADO \ PRATOS PRONTOS - SEMI-PRO \ PRATOS PRONTOS ESCONDIDIN";"0,000";"9,000";"0,000";"33,000";"-24,000";"-72,7";"0,01";"0,00";"0,00";"118,38";"0,00";"422,57";"-304,19";"-72,0";"0,02";"-304,19";"-240,35";"0,000000";"0,000000";"0,000";"0,000";"0,000";"0,000"
"-690713,42";"PERECIVEIS \ CONGELADO \ PRATOS PRONTOS - SEMI-PRO \ PRATOS PRONTOS ESPECIAIS";"0,000";"155,000";"0,000";"277,000";"-122,000";"-44,0";"0,04";"0,00";"0,00";"869,66";"0,00";"2.463,40";"-1.593,74";"-64,7";"0,10";"-1.593,74";"-1.327,57";"0,000000";"0,000000";"0,000";"0,000";"0,000";"0,000"
"-692648,86";"PERECIVEIS \ CONGELADO \ PRATOS PRONTOS - SEMI-PRO \ PRATOS PRONTOS LASANHA";"0,000";"221,000";"0,000";"366,000";"-145,000";"-39,6";"0,05";"0,00";"0,00";"2.379,86";"0,00";"4.315,29";"-1.935,44";"-44,9";"0,12";"-1.935,40";"-1.935,40";"0,000000";"0,000000";"0,000";"0,000";"0,000";"0,000"
"-692990,24";"PERECIVEIS \ CONGELADO \ PRATOS PRONTOS - SEMI-PRO \ PRATOS PRONTOS LEGUMES";"0,000";"8,000";"0,000";"43,000";"-35,000";"-81,4";"0,01";"0,00";"0,00";"82,78";"0,00";"424,16";"-341,38";"-80,5";"0,02";"-341,38";"-262,51";"0,000000";"0,000000";"0,000";"0,000";"0,000";"0,000"
"-694933,62";"PERECIVEIS \ CONGELADO \ PRATOS PRONTOS - SEMI-PRO \ PRATOS PRONTOS MASSAS";"0,000";"116,000";"0,000";"356,000";"-240,000";"-67,4";"0,08";"0,00";"0,00";"921,81";"0,00";"2.865,19";"-1.943,38";"-67,8";"0,12";"-1.943,06";"-1.943,06";"0,000000";"0,000000";"0,000";"0,000";"0,000";"0,000"
"-695578,32";"PERECIVEIS \ CONGELADO \ PRATOS PRONTOS - SEMI-PRO \ PRATOS PRONTOS YAKISOBA";"0,000";"0,000";"0,000";"40,000";"-40,000";"-100,0";"0,01";"0,00";"0,00";"0,00";"0,00";"644,70";"-644,70";"-100,0";"0,04";"-644,70";"-644,70";"0,000000";"0,000000";"0,000";"0,000";"0,000";"0,000"
"-695866,04";"PERECIVEIS \ CONGELADO \ PRATOS PRONTOS - SEMI-PRO \ TORTAS - QUICHES";"0,000";"3,000";"0,000";"22,000";"-19,000";"-86,4";"0,01";"0,00";"0,00";"44,37";"0,00";"332,09";"-287,72";"-86,6";"0,02";"-287,72";"-280,93";"0,000000";"0,000000";"0,000";"0,000";"0,000";"0,000"
"-695892,91";"PERECIVEIS \ CONGELADO \ PRATOS PRONTOS - SEMI-PRO \ WAFFLE";"0,000";"41,000";"0,000";"47,000";"-6,000";"-12,8";"0,00";"0,00";"0,00";"425,32";"0,00";"452,18";"-26,87";"-5,9";"0,00";"-26,87";"-26,80";"0,000000";"0,000000";"0,000";"0,000";"0,000";"0,000"
"-695734,67";"PERECIVEIS \ CONGELADO \ SORVETES - PICOLE - ACAI \ ACAI";"0,000";"49,000";"0,000";"37,000";"12,000";"32,4";"0,00";"0,00";"0,00";"611,60";"0,00";"453,36";"158,24";"34,9";"-0,01";"158,24";"169,52";"0,000000";"0,000000";"0,000";"0,000";"0,000";"0,000"
"-697396,06";"PERECIVEIS \ CONGELADO \ SORVETES - PICOLE - ACAI \ PACK - PICOLE";"0,000";"94,000";"0,000";"346,000";"-252,000";"-72,8";"0,09";"0,00";"0,00";"736,07";"0,00";"2.397,46";"-1.661,39";"-69,3";"0,11";"-1.661,39";"-1.344,78";"0,000000";"0,000000";"0,000";"0,000";"0,000";"0,000"
"-701032,57";"PERECIVEIS \ CONGELADO \ SORVETES - PICOLE - ACAI \ SORVETES";"0,000";"244,000";"0,000";"506,000";"-262,000";"-51,8";"0,09";"0,00";"0,00";"4.352,96";"0,00";"7.989,47";"-3.636,51";"-45,5";"0,23";"-3.636,22";"-2.615,26";"0,000000";"0,000000";"0,000";"0,000";"0,000";"0,000"
"-705591,30";"PERECIVEIS \ CONGELADO \ VEGETAIS CONGELADOS \ BATATA FRITA CONGELADA";"0,000";"253,000";"0,000";"616,000";"-363,000";"-58,9";"0,13";"0,00";"0,00";"2.507,71";"0,00";"7.066,44";"-4.558,73";"-64,5";"0,29";"-4.556,67";"-3.558,01";"0,000000";"0,000000";"0,000";"0,000";"0,000";"0,000"
"-705689,50";"PERECIVEIS \ CONGELADO \ VEGETAIS CONGELADOS \ VEGETAIS CONGELADOS";"0,000";"251,000";"0,000";"209,000";"42,000";"20,1";"-0,01";"0,00";"0,00";"1.447,65";"0,00";"1.545,85";"-98,20";"-6,4";"0,01";"-80,76";"-28,75";"0,000000";"0,000000";"0,000";"0,000";"0,000";"0,000"
"-706893,00";"PERECIVEIS \ FLV \ ALHO \ ALHO EMBALADO";"0,000";"43,000";"0,000";"227,000";"-184,000";"-81,1";"0,06";"0,00";"0,00";"287,93";"0,00";"1.491,43";"-1.203,50";"-80,7";"0,08";"-1.203,76";"-1.119,49";"0,000000";"0,000000";"0,000";"0,000";"0,000";"0,000"
"-720350,24";"PERECIVEIS \ FLV \ ALHO \ ALHO GRANEL";"0,000";"70,522";"0,000";"1.064,354";"-993,832";"-93,4";"0,35";"0,00";"0,00";"968,25";"0,00";"14.425,49";"-13.457,24";"-93,3";"0,85";"-13.474,87";"-12.531,63";"0,000000";"0,000000";"0,000";"0,000";"0,000";"0,000"
"-724469,06";"PERECIVEIS \ FLV \ ESPECIARIAS \ ESPECIARIAS";"0,000";"80,005";"0,000";"212,059";"-132,054";"-62,3";"0,05";"0,00";"0,00";"1.670,39";"0,00";"5.789,20";"-4.118,82";"-71,1";"0,26";"-4.118,82";"-3.152,37";"0,000000";"0,000000";"0,000";"0,000";"0,000";"0,000"
"-742295,24";"PERECIVEIS \ FLV \ FRUTAS \ FRUTAS EMBALADAS";"0,000";"570,500";"0,000";"3.406,800";"-2.836,300";"-83,3";"0,98";"0,00";"0,00";"3.731,61";"0,00";"21.557,79";"-17.826,18";"-82,7";"1,13";"-17.779,25";"-17.779,25";"0,000000";"0,000000";"0,000";"0,000";"0,000";"0,000"
"-890379,41";"PERECIVEIS \ FLV \ FRUTAS \ FRUTAS FRESCAS GRANEL";"0,000";"9.274,472";"0,000";"43.354,519";"-34.080,047";"-78,6";"11,83";"0,00";"0,00";"52.609,14";"0,00";"200.693,31";"-148.084,17";"-73,8";"9,38";"-147.942,70";"-147.455,84";"0,000000";"0,000000";"0,000";"0,000";"0,000";"0,000"
"-890320,27";"PERECIVEIS \ FLV \ FRUTAS \ FRUTAS PROCESSADAS";"0,000";"9,484";"0,000";"1,562";"7,922";"507,2";"0,00";"0,00";"0,00";"69,58";"0,00";"10,43";"59,14";"567,0";"0,00";"59,14";"59,14";"0,000000";"0,000000";"0,000";"0,000";"0,000";"0,000"
"-890430,32";"PERECIVEIS \ FLV \ FRUTAS \ POLPA FRUTA";"0,000";"0,000";"0,000";"4,944";"-4,944";"-100,0";"0,00";"0,00";"0,00";"0,00";"0,00";"110,05";"-110,05";"-100,0";"0,01";"-110,05";"-110,05";"0,000000";"0,000000";"0,000";"0,000";"0,000";"0,000"
"-890066,02";"PERECIVEIS \ FLV \ HIGIENIZADOR DE FLV \ HIGIENIZADOR DE FLV";"0,000";"51,000";"0,000";"8,000";"43,000";"537,5";"-0,01";"0,00";"0,00";"430,60";"0,00";"66,30";"364,30";"549,4";"-0,02";"364,30";"290,93";"0,000000";"0,000000";"0,000";"0,000";"0,000";"0,000"
"-889484,86";"PERECIVEIS \ FLV \ HIGIENIZADOR DE FLV \ HIGIENIZADOR DE FLV LIQUI";"0,000";"107,000";"0,000";"23,000";"84,000";"365,2";"-0,03";"0,00";"0,00";"734,34";"0,00";"153,18";"581,16";"379,4";"-0,04";"618,10";"485,76";"0,000000";"0,000000";"0,000";"0,000";"0,000";"0,000"
"-1099583,44";"PERECIVEIS \ FLV \ LEGUMES \ LEGUMES COMUM";"0,000";"2.723,552";"0,000";"37.282,616";"-34.559,064";"-92,7";"12,00";"0,00";"0,00";"11.639,80";"0,00";"221.738,38";"-210.098,58";"-94,8";"13,31";"-210.409,53";"-210.409,53";"0,000000";"0,000000";"0,000";"0,000";"0,000";"0,000"
"-1100626,51";"PERECIVEIS \ FLV \ LEGUMES \ LEGUMES EMBALADOS";"0,000";"614,910";"0,000";"567,396";"47,514";"8,4";"-0,02";"0,00";"0,00";"1.174,63";"0,00";"2.217,71";"-1.043,07";"-47,0";"0,07";"-1.039,42";"-1.039,42";"0,000000";"0,000000";"0,000";"0,000";"0,000";"0,000"
"-1100983,19";"PERECIVEIS \ FLV \ LEGUMES \ LEGUMES PROCESSADOS";"0,000";"143,580";"0,000";"65,688";"77,892";"118,6";"-0,03";"0,00";"0,00";"4,00";"0,00";"360,68";"-356,68";"-98,9";"0,02";"-356,68";"-356,68";"0,000000";"0,000000";"0,000";"0,000";"0,000";"0,000"
"-1100713,19";"PERECIVEIS \ FLV \ ORIENTAIS E BROTOS \ COGUMELOS IN NATURA";"0,000";"30,000";"0,000";"1,000";"29,000";"2.900,0";"-0,01";"0,00";"0,00";"280,00";"0,00";"10,00";"270,00";"2.700,0";"-0,02";"270,00";"266,30";"0,000000";"0,000000";"0,000";"0,000";"0,000";"0,000"
"-1101804,63";"PERECIVEIS \ FLV \ OVOS \ OVOS BRANCOS";"0,000";"441,000";"0,000";"437,000";"4,000";"0,9";"0,00";"0,00";"0,00";"3.601,62";"0,00";"4.693,06";"-1.091,44";"-23,3";"0,07";"-1.075,89";"-1.075,89";"0,000000";"0,000000";"0,000";"0,000";"0,000";"0,000"
"-1102372,20";"PERECIVEIS \ FLV \ OVOS \ OVOS CAIPIRAS";"0,000";"39,000";"0,000";"86,000";"-47,000";"-54,7";"0,02";"0,00";"0,00";"378,68";"0,00";"946,25";"-567,57";"-60,0";"0,04";"-568,81";"-568,81";"0,000000";"0,000000";"0,000";"0,000";"0,000";"0,000"
"-1102848,70";"PERECIVEIS \ FLV \ OVOS \ OVOS CODORNA";"0,000";"1,000";"0,000";"82,000";"-81,000";"-98,8";"0,03";"0,00";"0,00";"6,00";"0,00";"482,50";"-476,50";"-98,8";"0,03";"-476,56";"-476,56";"0,000000";"0,000000";"0,000";"0,000";"0,000";"0,000"
"-1103619,64";"PERECIVEIS \ FLV \ OVOS \ OVOS VERMELHOS";"0,000";"78,000";"0,000";"143,000";"-65,000";"-45,5";"0,02";"0,00";"0,00";"614,02";"0,00";"1.384,96";"-770,94";"-55,7";"0,05";"-770,83";"-770,83";"0,000000";"0,000000";"0,000";"0,000";"0,000";"0,000"
"-1103619,64";"PERECIVEIS \ FLV \ PROCESSADOS \ AGUA COCO";"0,000";"0,000";"0,000";"11,000";"-11,000";"-100,0";"0,00";"0,00";"0,00";"0,00";"0,00";"0,00";"0,00";"";"0,00";"0,00";"0,00";"0,000000";"0,000000";"0,000";"0,000";"0,000";"0,000"
"-1103283,44";"PERECIVEIS \ FLV \ PROCESSADOS \ SALADAS PRONTAS";"0,000";"18,490";"0,000";"7,018";"11,472";"163,5";"0,00";"0,00";"0,00";"515,30";"0,00";"179,11";"336,20";"187,7";"-0,02";"332,66";"332,66";"0,000000";"0,000000";"0,000";"0,000";"0,000";"0,000"
"-1103656,16";"PERECIVEIS \ FLV \ PROCESSADOS \ SUCOS";"0,000";"87,000";"0,000";"139,000";"-52,000";"-37,4";"0,02";"0,00";"0,00";"591,08";"0,00";"963,81";"-372,72";"-38,7";"0,02";"-372,46";"-372,46";"0,000000";"0,000000";"0,000";"0,000";"0,000";"0,000"
"-1207399,90";"PERECIVEIS \ FLV \ VERDURAS \ VERDURAS COMUM";"0,000";"2.132,474";"0,000";"46.781,451";"-44.648,977";"-95,4";"15,50";"0,00";"0,00";"7.097,82";"0,00";"110.841,56";"-103.743,74";"-93,6";"6,57";"-103.623,83";"-103.623,83";"0,000000";"0,000000";"0,000";"0,000";"0,000";"0,000"
"-1209284,88";"PERECIVEIS \ FLV \ VERDURAS \ VERDURAS HIDROPONICO";"0,000";"808,000";"0,000";"1.533,000";"-725,000";"-47,3";"0,25";"0,00";"0,00";"1.932,00";"0,00";"3.816,98";"-1.884,98";"-49,4";"0,12";"-1.884,98";"-1.884,98";"0,000000";"0,000000";"0,000";"0,000";"0,000";"0,000"
"-1209284,88";"PERECIVEIS \ FLV \ VERDURAS \ VERDURAS ORGANICAS";"0,000";"96,000";"0,000";"96,000";"0,000";"0,0";"0,00";"0,00";"0,00";"0,00";"0,00";"0,00";"0,00";"";"0,00";"0,00";"0,00";"0,000000";"0,000000";"0,000";"0,000";"0,000";"0,000"
"-1210868,63";"PERECIVEIS \ FLV \ VERDURAS \ VERDURAS PROCESSADAS";"0,000";"102,752";"0,000";"407,570";"-304,818";"-74,8";"0,11";"0,00";"0,00";"0,00";"0,00";"1.583,75";"-1.583,75";"-100,0";"0,10";"-1.583,75";"-1.583,75";"0,000000";"0,000000";"0,000";"0,000";"0,000";"0,000"
"-1211665,62";"PERECIVEIS \ LATICINIOS \ BEBIDAS REFRIGERADAS \ AGUA COCO";"0,000";"85,000";"0,000";"216,000";"-131,000";"-60,6";"0,05";"0,00";"0,00";"787,09";"0,00";"1.584,08";"-796,99";"-50,3";"0,05";"-796,98";"-731,70";"0,000000";"0,000000";"0,000";"0,000";"0,000";"0,000"
"-1213236,35";"PERECIVEIS \ LATICINIOS \ BEBIDAS REFRIGERADAS \ BEBIDAS REFRIG SUCOS";"0,000";"180,000";"0,000";"337,000";"-157,000";"-46,6";"0,05";"0,00";"0,00";"1.783,52";"0,00";"3.354,25";"-1.570,73";"-46,8";"0,10";"-1.576,87";"-1.442,03";"0,000000";"0,000000";"0,000";"0,000";"0,000";"0,000"
"-1213352,55";"PERECIVEIS \ LATICINIOS \ BEBIDAS REFRIGERADAS \ BEBIDAS REFRIG SUPLEMENTO";"0,000";"0,000";"0,000";"28,000";"-28,000";"-100,0";"0,01";"0,00";"0,00";"0,00";"0,00";"116,20";"-116,20";"-100,0";"0,01";"-116,20";"-82,25";"0,000000";"0,000000";"0,000";"0,000";"0,000";"0,000"
"-1213286,77";"PERECIVEIS \ LATICINIOS \ CONDIMENTOS-TEMPEROS \ CONDIMENTOS-TEMPEROS";"0,000";"17,464";"0,000";"14,130";"3,334";"23,6";"0,00";"0,00";"0,00";"363,50";"0,00";"297,72";"65,78";"22,1";"0,00";"65,78";"52,85";"0,000000";"0,000000";"0,000";"0,000";"0,000";"0,000"
"-1213358,89";"PERECIVEIS \ LATICINIOS \ CONSERVAS GRANEL \ ALCAPARRAS CONSERV GRANEL";"0,000";"0,000";"0,000";"2,309";"-2,309";"-100,0";"0,00";"0,00";"0,00";"0,00";"0,00";"72,12";"-72,12";"-100,0";"0,00";"-72,12";"-56,06";"0,000000";"0,000000";"0,000";"0,000";"0,000";"0,000"
"-1215211,30";"PERECIVEIS \ LATICINIOS \ CONSERVAS GRANEL \ AZEITONAS CONSERV GRANEL";"0,000";"123,910";"0,000";"187,520";"-63,610";"-33,9";"0,02";"0,00";"0,00";"2.992,03";"0,00";"4.844,44";"-1.852,41";"-38,2";"0,12";"-1.847,72";"-1.402,82";"0,000000";"0,000000";"0,000";"0,000";"0,000";"0,000"
"-1215187,32";"PERECIVEIS \ LATICINIOS \ CONSERVAS GRANEL \ CEBOLINHA CONSERV GRANEL";"0,000";"3,691";"0,000";"2,742";"0,949";"34,6";"0,00";"0,00";"0,00";"94,17";"0,00";"70,19";"23,98";"34,2";"0,00";"23,98";"16,97";"0,000000";"0,000000";"0,000";"0,000";"0,000";"0,000"
"-1215505,43";"PERECIVEIS \ LATICINIOS \ CONSERVAS GRANEL \ CHAMPIGNON";"0,000";"12,158";"0,000";"23,763";"-11,605";"-48,8";"0,00";"0,00";"0,00";"321,09";"0,00";"639,20";"-318,11";"-49,8";"0,02";"-318,11";"-239,49";"0,000000";"0,000000";"0,000";"0,000";"0,000";"0,000"
"-1216688,88";"PERECIVEIS \ LATICINIOS \ CONSERVAS GRANEL \ OVO CODORNA CONSERV GRANE";"0,000";"52,084";"0,000";"119,696";"-67,612";"-56,5";"0,02";"0,00";"0,00";"1.198,02";"0,00";"2.381,48";"-1.183,45";"-49,7";"0,07";"-1.184,24";"-923,71";"0,000000";"0,000000";"0,000";"0,000";"0,000";"0,000"
"-1216684,55";"PERECIVEIS \ LATICINIOS \ CONSERVAS GRANEL \ PEPINO CONSERV GRANEL";"0,000";"2,400";"0,000";"2,056";"0,344";"16,7";"0,00";"0,00";"0,00";"30,23";"0,00";"25,90";"4,33";"16,7";"0,00";"4,33";"3,38";"0,000000";"0,000000";"0,000";"0,000";"0,000";"0,000"
"-1216620,57";"PERECIVEIS \ LATICINIOS \ CONSERVAS GRANEL \ PIMENTA CONSERV GRANEL";"0,000";"2,801";"0,000";"0,000";"2,801";"";"0,00";"0,00";"0,00";"63,98";"0,00";"0,00";"63,98";"";"0,00";"63,98";"45,29";"0,000000";"0,000000";"0,000";"0,000";"0,000";"0,000"
"-1216862,08";"PERECIVEIS \ LATICINIOS \ CONSERVAS GRANEL \ TOMATE SECO CONSERV GRANE";"0,000";"11,510";"0,000";"19,972";"-8,462";"-42,4";"0,00";"0,00";"0,00";"283,80";"0,00";"525,31";"-241,51";"-46,0";"0,02";"-241,51";"-164,59";"0,000000";"0,000000";"0,000";"0,000";"0,000";"0,000"
"-1216966,34";"PERECIVEIS \ LATICINIOS \ CONSERVAS GRANEL \ TREMOCOS CONSERV GRANEL";"0,000";"6,799";"0,000";"12,408";"-5,609";"-45,2";"0,00";"0,00";"0,00";"116,19";"0,00";"220,45";"-104,26";"-47,3";"0,01";"-104,26";"-73,80";"0,000000";"0,000000";"0,000";"0,000";"0,000";"0,000"
"-1218847,11";"PERECIVEIS \ LATICINIOS \ DOCES GRANEL \ DOCES CREMOSOS";"0,000";"151,711";"0,000";"313,116";"-161,405";"-51,5";"0,06";"0,00";"0,00";"1.300,00";"0,00";"3.180,77";"-1.880,77";"-59,1";"0,12";"-1.880,58";"-1.371,28";"0,000000";"0,000000";"0,000";"0,000";"0,000";"0,000"
"-1219499,91";"PERECIVEIS \ LATICINIOS \ DOCES GRANEL \ DOCES EM CALDAS GRANEL";"0,000";"11,357";"0,000";"26,105";"-14,748";"-56,5";"0,01";"0,00";"0,00";"313,60";"0,00";"966,40";"-652,80";"-67,5";"0,04";"-652,80";"-454,45";"0,000000";"0,000000";"0,000";"0,000";"0,000";"0,000"
"-1220209,11";"PERECIVEIS \ LATICINIOS \ DOCES GRANEL \ DOCES EM CORTE";"0,000";"187,602";"0,000";"231,776";"-44,174";"-19,1";"0,02";"0,00";"0,00";"2.812,07";"0,00";"3.521,27";"-709,20";"-20,1";"0,04";"-701,14";"-524,92";"0,000000";"0,000000";"0,000";"0,000";"0,000";"0,000"
"-1219895,80";"PERECIVEIS \ LATICINIOS \ FONDUE \ FONDUE";"0,000";"14,000";"0,000";"1,000";"13,000";"1.300,0";"0,00";"0,00";"0,00";"335,16";"0,00";"21,85";"313,31";"1.433,9";"-0,02";"313,31";"252,17";"0,000000";"0,000000";"0,000";"0,000";"0,000";"0,000"
"-1222577,29";"PERECIVEIS \ LATICINIOS \ FRIOS - EMBUTIDOS \ BACON";"0,000";"0,000";"0,000";"178,000";"-178,000";"-100,0";"0,06";"0,00";"0,00";"0,00";"0,00";"2.681,49";"-2.681,49";"-100,0";"0,17";"-2.681,49";"-2.091,56";"0,000000";"0,000000";"0,000";"0,000";"0,000";"0,000"
"-1223391,67";"PERECIVEIS \ LATICINIOS \ FRIOS - EMBUTIDOS \ COPA LOMBO";"0,000";"0,808";"0,000";"91,000";"-90,192";"-99,1";"0,03";"0,00";"0,00";"52,48";"0,00";"866,86";"-814,38";"-93,9";"0,05";"-814,38";"-753,65";"0,000000";"0,000000";"0,000";"0,000";"0,000";"0,000"
"-1225489,39";"PERECIVEIS \ LATICINIOS \ FRIOS - EMBUTIDOS \ EMBUTIDOS DE FRANGO";"0,000";"4,370";"0,000";"63,026";"-58,656";"-93,1";"0,02";"0,00";"0,00";"140,43";"0,00";"2.238,15";"-2.097,72";"-93,7";"0,13";"-2.097,72";"-1.956,29";"0,000000";"0,000000";"0,000";"0,000";"0,000";"0,000"
"-1235077,67";"PERECIVEIS \ LATICINIOS \ FRIOS - EMBUTIDOS \ EMBUTIDOS DE PERU";"0,000";"72,607";"0,000";"369,378";"-296,771";"-80,3";"0,10";"0,00";"0,00";"3.186,86";"0,00";"12.775,14";"-9.588,28";"-75,1";"0,61";"-9.588,27";"-9.586,28";"0,000000";"0,000000";"0,000";"0,000";"0,000";"0,000"
"-1235666,54";"PERECIVEIS \ LATICINIOS \ FRIOS - EMBUTIDOS \ FILE MIGNON";"0,000";"28,546";"0,000";"58,353";"-29,807";"-51,1";"0,01";"0,00";"0,00";"592,21";"0,00";"1.181,08";"-588,87";"-49,9";"0,04";"-588,87";"-588,87";"0,000000";"0,000000";"0,000";"0,000";"0,000";"0,000"
"-1235524,43";"PERECIVEIS \ LATICINIOS \ FRIOS - EMBUTIDOS \ FRANGO DEFUMADO";"0,000";"3,084";"0,000";"0,000";"3,084";"";"0,00";"0,00";"0,00";"142,11";"0,00";"0,00";"142,11";"";"-0,01";"142,11";"142,11";"0,000000";"0,000000";"0,000";"0,000";"0,000";"0,000"
"-1234009,22";"PERECIVEIS \ LATICINIOS \ FRIOS - EMBUTIDOS \ LINGUICAS";"0,000";"86,000";"0,000";"22,000";"64,000";"290,9";"-0,02";"0,00";"0,00";"1.676,03";"0,00";"160,82";"1.515,21";"942,2";"-0,10";"1.515,21";"1.407,69";"0,000000";"0,000000";"0,000";"0,000";"0,000";"0,000"
"-1234914,52";"PERECIVEIS \ LATICINIOS \ FRIOS - EMBUTIDOS \ LOMBO CANADENSE";"0,000";"33,535";"0,000";"102,319";"-68,784";"-67,2";"0,02";"0,00";"0,00";"969,94";"0,00";"1.875,24";"-905,30";"-48,3";"0,06";"-905,30";"-877,12";"0,000000";"0,000000";"0,000";"0,000";"0,000";"0,000"
"-1249530,89";"PERECIVEIS \ LATICINIOS \ FRIOS - EMBUTIDOS \ MORTADELA";"0,000";"722,071";"0,000";"1.913,341";"-1.191,270";"-62,3";"0,41";"0,00";"0,00";"7.407,76";"0,00";"22.024,13";"-14.616,37";"-66,4";"0,93";"-14.622,41";"-13.570,37";"0,000000";"0,000000";"0,000";"0,000";"0,000";"0,000"
"-1230484,06";"PERECIVEIS \ LATICINIOS \ FRIOS - EMBUTIDOS \ PRESUNTO";"0,000";"2.062,973";"0,000";"1.062,807";"1.000,166";"94,1";"-0,35";"0,00";"0,00";"37.449,02";"0,00";"18.402,19";"19.046,83";"103,5";"-1,21";"19.046,89";"19.422,56";"0,000000";"0,000000";"0,000";"0,000";"0,000";"0,000"
"-1246101,14";"PERECIVEIS \ LATICINIOS \ FRIOS - EMBUTIDOS \ SALAME";"0,000";"68,129";"0,000";"952,819";"-884,690";"-92,8";"0,31";"0,00";"0,00";"1.712,09";"0,00";"17.329,16";"-15.617,08";"-90,1";"0,99";"-15.616,94";"-15.268,98";"0,000000";"0,000000";"0,000";"0,000";"0,000";"0,000"
"-1252495,55";"PERECIVEIS \ LATICINIOS \ FRIOS - EMBUTIDOS \ SALSICHA - SALSICHAO";"0,000";"95,355";"0,000";"939,430";"-844,075";"-89,8";"0,29";"0,00";"0,00";"728,03";"0,00";"7.122,44";"-6.394,41";"-89,8";"0,40";"-6.393,90";"-5.864,37";"0,000000";"0,000000";"0,000";"0,000";"0,000";"0,000"
"-1252507,08";"PERECIVEIS \ LATICINIOS \ FRIOS - EMBUTIDOS \ TABUA DE FRIOS";"0,000";"0,000";"0,000";"0,200";"-0,200";"-100,0";"0,00";"0,00";"0,00";"0,00";"0,00";"11,53";"-11,53";"-100,0";"0,00";"-11,53";"-9,26";"0,000000";"0,000000";"0,000";"0,000";"0,000";"0,000"
"-1253921,40";"PERECIVEIS \ LATICINIOS \ FRIOS - EMBUTIDOS \ TENDER";"0,000";"13,175";"0,000";"50,511";"-37,336";"-73,9";"0,01";"0,00";"0,00";"406,49";"0,00";"1.820,81";"-1.414,32";"-77,7";"0,09";"-1.414,32";"-1.319,51";"0,000000";"0,000000";"0,000";"0,000";"0,000";"0,000"
"-1255799,59";"PERECIVEIS \ LATICINIOS \ FRUTAS SECAS-CRISTALIZADA \ APERITIVOS-SNACKS";"0,000";"63,440";"0,000";"196,461";"-133,021";"-67,7";"0,05";"0,00";"0,00";"1.824,36";"0,00";"3.702,56";"-1.878,19";"-50,7";"0,12";"-1.878,19";"-1.355,07";"0,000000";"0,000000";"0,000";"0,000";"0,000";"0,000"
"-1256227,78";"PERECIVEIS \ LATICINIOS \ FRUTAS SECAS-CRISTALIZADA \ FRUTAS CRISTALIZADAS";"0,000";"7,740";"0,000";"43,674";"-35,934";"-82,3";"0,01";"0,00";"0,00";"95,55";"0,00";"523,74";"-428,19";"-81,8";"0,03";"-428,19";"-303,27";"0,000000";"0,000000";"0,000";"0,000";"0,000";"0,000"
"-1260225,32";"PERECIVEIS \ LATICINIOS \ FRUTAS SECAS-CRISTALIZADA \ FRUTAS SECAS";"0,000";"163,890";"0,000";"281,070";"-117,180";"-41,7";"0,04";"0,00";"0,00";"7.003,79";"0,00";"11.001,33";"-3.997,54";"-36,3";"0,25";"-3.997,34";"-3.257,13";"0,000000";"0,000000";"0,000";"0,000";"0,000";"0,000"
"-1260236,68";"PERECIVEIS \ LATICINIOS \ GORDUROSOS \ BANHA";"0,000";"28,000";"0,000";"30,000";"-2,000";"-6,7";"0,00";"0,00";"0,00";"253,75";"0,00";"265,11";"-11,36";"-4,3";"0,00";"-11,36";"-5,28";"0,000000";"0,000000";"0,000";"0,000";"0,000";"0,000"
"-1260213,96";"PERECIVEIS \ LATICINIOS \ GORDUROSOS \ CHANTILLY";"0,000";"1,000";"0,000";"0,000";"1,000";"";"0,00";"0,00";"0,00";"22,72";"0,00";"0,00";"22,72";"";"0,00";"22,72";"16,08";"0,000000";"0,000000";"0,000";"0,000";"0,000";"0,000"
"-1260483,04";"PERECIVEIS \ LATICINIOS \ GORDUROSOS \ GORDURA VEG HIDROGENADA";"0,000";"2,000";"0,000";"34,000";"-32,000";"-94,1";"0,01";"0,00";"0,00";"16,47";"0,00";"285,54";"-269,08";"-94,2";"0,02";"-269,08";"-202,45";"0,000000";"0,000000";"0,000";"0,000";"0,000";"0,000"
"-1266769,92";"PERECIVEIS \ LATICINIOS \ GORDUROSOS \ MANTEIGA";"0,000";"602,000";"0,000";"1.245,000";"-643,000";"-51,6";"0,22";"0,00";"0,00";"5.956,42";"0,00";"12.243,30";"-6.286,88";"-51,3";"0,40";"-6.291,91";"-5.036,53";"0,000000";"0,000000";"0,000";"0,000";"0,000";"0,000"
"-1269266,53";"PERECIVEIS \ LATICINIOS \ GORDUROSOS \ MARGARINA";"0,000";"949,000";"0,000";"1.262,000";"-313,000";"-24,8";"0,11";"0,00";"0,00";"5.931,23";"0,00";"8.427,84";"-2.496,61";"-29,6";"0,16";"-2.497,90";"-2.348,02";"0,000000";"0,000000";"0,000";"0,000";"0,000";"0,000"
"-1268215,89";"PERECIVEIS \ LATICINIOS \ IOGURTE \ BEBIDA LACTEA";"0,000";"654,000";"0,000";"406,000";"248,000";"61,1";"-0,09";"0,00";"0,00";"2.961,79";"0,00";"1.911,15";"1.050,64";"55,0";"-0,07";"1.055,05";"1.055,05";"0,000000";"0,000000";"0,000";"0,000";"0,000";"0,000"
"-1273396,12";"PERECIVEIS \ LATICINIOS \ IOGURTE \ IOGURTE";"0,000";"1.720,000";"0,000";"3.156,000";"-1.436,000";"-45,5";"0,50";"0,00";"0,00";"10.950,46";"0,00";"16.130,69";"-5.180,23";"-32,1";"0,33";"-5.153,89";"-4.214,46";"0,000000";"0,000000";"0,000";"0,000";"0,000";"0,000"
"-1273894,21";"PERECIVEIS \ LATICINIOS \ IOGURTE \ IOGURTE GREGO";"0,000";"701,000";"0,000";"924,000";"-223,000";"-24,1";"0,08";"0,00";"0,00";"2.633,52";"0,00";"3.131,61";"-498,09";"-15,9";"0,03";"-498,03";"-396,62";"0,000000";"0,000000";"0,000";"0,000";"0,000";"0,000"
"-1274840,81";"PERECIVEIS \ LATICINIOS \ IOGURTE \ IOGURTE NATURAL";"0,000";"525,000";"0,000";"760,000";"-235,000";"-30,9";"0,08";"0,00";"0,00";"1.734,05";"0,00";"2.680,65";"-946,60";"-35,3";"0,06";"-951,72";"-772,70";"0,000000";"0,000000";"0,000";"0,000";"0,000";"0,000"
"-1279568,42";"PERECIVEIS \ LATICINIOS \ IOGURTE \ LEITE FERMENTADO";"0,000";"447,000";"0,000";"959,000";"-512,000";"-53,4";"0,18";"0,00";"0,00";"3.031,98";"0,00";"7.759,58";"-4.727,61";"-60,9";"0,30";"-4.725,37";"-3.718,72";"0,000000";"0,000000";"0,000";"0,000";"0,000";"0,000"
"-1279942,88";"PERECIVEIS \ LATICINIOS \ IOGURTE \ PETIT SUISSE";"0,000";"211,000";"0,000";"256,000";"-45,000";"-17,6";"0,02";"0,00";"0,00";"885,74";"0,00";"1.260,19";"-374,46";"-29,7";"0,02";"-373,30";"-291,54";"0,000000";"0,000000";"0,000";"0,000";"0,000";"0,000"
"-1280144,82";"PERECIVEIS \ LATICINIOS \ MASSAS RESFRIADAS \ MASSA LASANHA";"0,000";"2,000";"0,000";"38,000";"-36,000";"-94,7";"0,01";"0,00";"0,00";"13,88";"0,00";"215,82";"-201,94";"-93,6";"0,01";"-201,94";"-198,03";"0,000000";"0,000000";"0,000";"0,000";"0,000";"0,000"
"-1280347,69";"PERECIVEIS \ LATICINIOS \ MASSAS RESFRIADAS \ MASSA NHOQUE";"0,000";"4,000";"0,000";"25,000";"-21,000";"-84,0";"0,01";"0,00";"0,00";"38,15";"0,00";"241,02";"-202,87";"-84,2";"0,01";"-202,87";"-178,53";"0,000000";"0,000000";"0,000";"0,000";"0,000";"0,000"
"-1280326,93";"PERECIVEIS \ LATICINIOS \ MASSAS RESFRIADAS \ MASSA PIZZA";"0,000";"13,000";"0,000";"9,000";"4,000";"44,4";"0,00";"0,00";"0,00";"80,36";"0,00";"59,61";"20,76";"34,8";"0,00";"20,76";"23,82";"0,000000";"0,000000";"0,000";"0,000";"0,000";"0,000"
"-1280357,10";"PERECIVEIS \ LATICINIOS \ MASSAS RESFRIADAS \ MASSA RECHEADA";"0,000";"161,000";"0,000";"162,000";"-1,000";"-0,6";"0,00";"0,00";"0,00";"1.551,97";"0,00";"1.582,14";"-30,17";"-1,9";"0,00";"-29,78";"-29,78";"0,000000";"0,000000";"0,000";"0,000";"0,000";"0,000"
"-1281198,14";"PERECIVEIS \ LATICINIOS \ MASSAS RESFRIADAS \ MASSAS DE PASTEL";"0,000";"223,000";"0,000";"401,000";"-178,000";"-44,4";"0,06";"0,00";"0,00";"917,60";"0,00";"1.758,65";"-841,04";"-47,8";"0,05";"-841,82";"-841,82";"0,000000";"0,000000";"0,000";"0,000";"0,000";"0,000"
"-1280989,27";"PERECIVEIS \ LATICINIOS \ MASSAS RESFRIADAS \ MASSAS ESPECIAIS RESFRI";"0,000";"40,000";"0,000";"16,000";"24,000";"150,0";"-0,01";"0,00";"0,00";"358,76";"0,00";"149,89";"208,87";"139,4";"-0,01";"208,87";"185,08";"0,000000";"0,000000";"0,000";"0,000";"0,000";"0,000"
"-1281577,63";"PERECIVEIS \ LATICINIOS \ PAO RECH- PAO DE ALHO \ PAO DE ALHO";"0,000";"147,000";"0,000";"226,000";"-79,000";"-35,0";"0,03";"0,00";"0,00";"920,49";"0,00";"1.508,85";"-588,36";"-39,0";"0,04";"-587,74";"-541,81";"0,000000";"0,000000";"0,000";"0,000";"0,000";"0,000"
"-1282680,19";"PERECIVEIS \ LATICINIOS \ PASTAS - PATE - MOLHO \ PATE";"0,000";"124,380";"0,000";"379,234";"-254,854";"-67,2";"0,09";"0,00";"0,00";"537,92";"0,00";"1.640,48";"-1.102,56";"-67,2";"0,07";"-1.102,57";"-1.063,13";"0,000000";"0,000000";"0,000";"0,000";"0,000";"0,000"
"-1283416,67";"PERECIVEIS \ LATICINIOS \ QUEIJOS \ CREAM CHEESE";"0,000";"35,000";"0,000";"110,000";"-75,000";"-68,2";"0,03";"0,00";"0,00";"291,91";"0,00";"1.028,40";"-736,48";"-71,6";"0,05";"-736,48";"-629,53";"0,000000";"0,000000";"0,000";"0,000";"0,000";"0,000"
"-1283563,09";"PERECIVEIS \ LATICINIOS \ QUEIJOS \ CREMES";"0,000";"146,000";"0,000";"165,000";"-19,000";"-11,5";"0,01";"0,00";"0,00";"614,75";"0,00";"761,18";"-146,42";"-19,2";"0,01";"-146,39";"-95,12";"0,000000";"0,000000";"0,000";"0,000";"0,000";"0,000"
"-1283563,09";"PERECIVEIS \ LATICINIOS \ QUEIJOS \ QUEIJO AZUL";"0,000";"0,000";"0,000";"5,500";"-5,500";"-100,0";"0,00";"0,00";"0,00";"0,00";"0,00";"0,00";"0,00";"";"0,00";"0,00";"0,00";"0,000000";"0,000000";"0,000";"0,000";"0,000";"0,000"
"-1283844,66";"PERECIVEIS \ LATICINIOS \ QUEIJOS \ QUEIJO BRIE";"0,000";"0,394";"0,000";"7,546";"-7,152";"-94,8";"0,00";"0,00";"0,00";"24,31";"0,00";"305,88";"-281,57";"-92,1";"0,02";"-281,57";"-224,86";"0,000000";"0,000000";"0,000";"0,000";"0,000";"0,000"
"-1284870,27";"PERECIVEIS \ LATICINIOS \ QUEIJOS \ QUEIJO COALHO";"0,000";"64,117";"0,000";"106,348";"-42,231";"-39,7";"0,01";"0,00";"0,00";"2.244,25";"0,00";"3.269,87";"-1.025,61";"-31,4";"0,06";"-1.025,61";"-846,44";"0,000000";"0,000000";"0,000";"0,000";"0,000";"0,000"
"-1284953,43";"PERECIVEIS \ LATICINIOS \ QUEIJOS \ QUEIJO COTTAGE";"0,000";"13,000";"0,000";"22,000";"-9,000";"-40,9";"0,00";"0,00";"0,00";"118,84";"0,00";"202,00";"-83,16";"-41,2";"0,01";"-83,16";"-73,18";"0,000000";"0,000000";"0,000";"0,000";"0,000";"0,000"
"-1287193,34";"PERECIVEIS \ LATICINIOS \ QUEIJOS \ QUEIJO GORGONZOLA";"0,000";"12,585";"0,000";"51,215";"-38,630";"-75,4";"0,01";"0,00";"0,00";"717,40";"0,00";"2.957,31";"-2.239,91";"-75,7";"0,14";"-2.239,91";"-1.738,44";"0,000000";"0,000000";"0,000";"0,000";"0,000";"0,000"
"-1287360,56";"PERECIVEIS \ LATICINIOS \ QUEIJOS \ QUEIJO GOUDA";"0,000";"6,000";"0,000";"24,000";"-18,000";"-75,0";"0,01";"0,00";"0,00";"54,05";"0,00";"221,28";"-167,22";"-75,6";"0,01";"-165,56";"-118,14";"0,000000";"0,000000";"0,000";"0,000";"0,000";"0,000"
"-1287582,71";"PERECIVEIS \ LATICINIOS \ QUEIJOS \ QUEIJO GRUYERE";"0,000";"0,000";"0,000";"15,000";"-15,000";"-100,0";"0,01";"0,00";"0,00";"0,00";"0,00";"222,15";"-222,15";"-100,0";"0,01";"-222,15";"-157,25";"0,000000";"0,000000";"0,000";"0,000";"0,000";"0,000"
"-1307169,60";"PERECIVEIS \ LATICINIOS \ QUEIJOS \ QUEIJO MINAS";"0,000";"533,118";"0,000";"1.054,508";"-521,390";"-49,4";"0,18";"0,00";"0,00";"14.082,89";"0,00";"33.669,78";"-19.586,89";"-58,2";"1,24";"-19.599,03";"-16.926,37";"0,000000";"0,000000";"0,000";"0,000";"0,000";"0,000"
"-1357883,57";"PERECIVEIS \ LATICINIOS \ QUEIJOS \ QUEIJO MUCARELA";"0,000";"704,903";"0,000";"2.315,677";"-1.610,774";"-69,6";"0,56";"0,00";"0,00";"20.318,65";"0,00";"71.032,62";"-50.713,97";"-71,4";"3,21";"-50.683,26";"-39.532,94";"0,000000";"0,000000";"0,000";"0,000";"0,000";"0,000"
"-1364289,05";"PERECIVEIS \ LATICINIOS \ QUEIJOS \ QUEIJO PARMESAO";"0,000";"445,976";"0,000";"1.261,861";"-815,885";"-64,7";"0,28";"0,00";"0,00";"2.686,44";"0,00";"9.091,91";"-6.405,48";"-70,5";"0,41";"-6.410,58";"-5.153,82";"0,000000";"0,000000";"0,000";"0,000";"0,000";"0,000"
"-1385413,22";"PERECIVEIS \ LATICINIOS \ QUEIJOS \ QUEIJO PRATO";"0,000";"231,177";"0,000";"934,687";"-703,510";"-75,3";"0,24";"0,00";"0,00";"6.213,51";"0,00";"27.337,68";"-21.124,17";"-77,3";"1,34";"-21.121,13";"-17.625,71";"0,000000";"0,000000";"0,000";"0,000";"0,000";"0,000"
"-1387163,20";"PERECIVEIS \ LATICINIOS \ QUEIJOS \ QUEIJO PROCESSADO";"0,000";"106,000";"0,000";"327,000";"-221,000";"-67,6";"0,08";"0,00";"0,00";"725,18";"0,00";"2.475,16";"-1.749,98";"-70,7";"0,11";"-1.749,96";"-1.474,23";"0,000000";"0,000000";"0,000";"0,000";"0,000";"0,000"
"-1390697,23";"PERECIVEIS \ LATICINIOS \ QUEIJOS \ QUEIJO PROVOLONE";"0,000";"33,048";"0,000";"113,448";"-80,400";"-70,9";"0,03";"0,00";"0,00";"1.415,25";"0,00";"4.949,28";"-3.534,03";"-71,4";"0,22";"-3.527,78";"-2.827,27";"0,000000";"0,000000";"0,000";"0,000";"0,000";"0,000"
"-1390697,23";"PERECIVEIS \ LATICINIOS \ QUEIJOS \ QUEIJO REINO";"0,000";"3,302";"0,000";"3,000";"0,302";"10,1";"0,00";"0,00";"0,00";"0,00";"0,00";"0,00";"0,00";"";"0,00";"0,00";"0,00";"0,000000";"0,000000";"0,000";"0,000";"0,000";"0,000"
"-1390683,38";"PERECIVEIS \ LATICINIOS \ QUEIJOS \ QUEIJO SUICO";"0,000";"0,200";"0,000";"0,000";"0,200";"";"0,00";"0,00";"0,00";"13,85";"0,00";"0,00";"13,85";"";"0,00";"13,85";"11,06";"0,000000";"0,000000";"0,000";"0,000";"0,000";"0,000"
"-1391290,71";"PERECIVEIS \ LATICINIOS \ QUEIJOS \ QUEIJOS ESPECIAIS";"0,000";"50,902";"0,000";"77,481";"-26,579";"-34,3";"0,01";"0,00";"0,00";"1.872,85";"0,00";"2.480,18";"-607,33";"-24,5";"0,04";"-607,33";"-486,06";"0,000000";"0,000000";"0,000";"0,000";"0,000";"0,000"
"-1391744,42";"PERECIVEIS \ LATICINIOS \ QUEIJOS \ QUEIJOS TIPO RICOTAS";"0,000";"28,283";"0,000";"53,750";"-25,467";"-47,4";"0,01";"0,00";"0,00";"439,34";"0,00";"893,05";"-453,71";"-50,8";"0,03";"-453,71";"-387,80";"0,000000";"0,000000";"0,000";"0,000";"0,000";"0,000"
"-1396751,88";"PERECIVEIS \ LATICINIOS \ QUEIJOS \ REQUEIJAO";"0,000";"518,880";"0,000";"1.073,653";"-554,773";"-51,7";"0,19";"0,00";"0,00";"4.240,30";"0,00";"9.247,76";"-5.007,46";"-54,1";"0,32";"-5.009,73";"-4.171,97";"0,000000";"0,000000";"0,000";"0,000";"0,000";"0,000"
"-1396680,82";"PERECIVEIS \ LATICINIOS \ ROTISSERIE \ ROTISSERIE";"0,000";"6,000";"0,000";"2,000";"4,000";"200,0";"0,00";"0,00";"0,00";"103,39";"0,00";"32,34";"71,06";"219,7";"0,00";"71,06";"55,42";"0,000000";"0,000000";"0,000";"0,000";"0,000";"0,000"
"-1398095,93";"PERECIVEIS \ LATICINIOS \ SOBREMESA REFRIGERADA \ SOBREM REFRIG FLAN PUDIM";"0,000";"163,000";"0,000";"695,000";"-532,000";"-76,5";"0,18";"0,00";"0,00";"668,16";"0,00";"2.083,27";"-1.415,11";"-67,9";"0,09";"-1.414,09";"-1.086,92";"0,000000";"0,000000";"0,000";"0,000";"0,000";"0,000"
"-1398680,92";"PERECIVEIS \ LATICINIOS \ SOBREMESA REFRIGERADA \ SOBREM REFRIG LACTEA";"0,000";"182,000";"0,000";"308,000";"-126,000";"-40,9";"0,04";"0,00";"0,00";"995,27";"0,00";"1.580,26";"-584,99";"-37,0";"0,04";"-585,10";"-426,15";"0,000000";"0,000000";"0,000";"0,000";"0,000";"0,000"
"-1398633,54";"PERECIVEIS \ LATICINIOS \ SOBREMESA REFRIGERADA \ SOBREM REFRIG QUEIJO";"0,000";"117,000";"0,000";"93,000";"24,000";"25,8";"-0,01";"0,00";"0,00";"230,59";"0,00";"183,21";"47,38";"25,9";"0,00";"47,38";"36,94";"0,000000";"0,000000";"0,000";"0,000";"0,000";"0,000"
"-1399687,89";"PERECIVEIS \ LEITES \ BEBIDA LACTEA UHT \ BEB LACTEA UHT CHOCOLATE";"0,000";"580,000";"0,000";"1.399,000";"-819,000";"-58,5";"0,28";"0,00";"0,00";"1.276,18";"0,00";"2.330,53";"-1.054,35";"-45,2";"0,07";"-1.054,37";"-1.054,37";"0,000000";"0,000000";"0,000";"0,000";"0,000";"0,000"
"-1402597,38";"PERECIVEIS \ LEITES \ BEBIDA LACTEA UHT \ BEB LACTEA UHT ESPECIAL";"0,000";"319,000";"0,000";"741,000";"-422,000";"-57,0";"0,15";"0,00";"0,00";"1.445,19";"0,00";"4.354,68";"-2.909,49";"-66,8";"0,18";"-2.910,44";"-2.910,44";"0,000000";"0,000000";"0,000";"0,000";"0,000";"0,000"
"-1402659,85";"PERECIVEIS \ LEITES \ BEBIDA LACTEA UHT \ BEB LACTEA UHT SABORES";"0,000";"2,000";"0,000";"13,000";"-11,000";"-84,6";"0,00";"0,00";"0,00";"11,27";"0,00";"73,75";"-62,47";"-84,7";"0,00";"-62,47";"-62,47";"0,000000";"0,000000";"0,000";"0,000";"0,000";"0,000"
"-1402808,63";"PERECIVEIS \ LEITES \ COALHADA \ COALHADA";"0,000";"41,000";"0,000";"93,000";"-52,000";"-55,9";"0,02";"0,00";"0,00";"115,14";"0,00";"263,93";"-148,78";"-56,4";"0,01";"-148,78";"-116,05";"0,000000";"0,000000";"0,000";"0,000";"0,000";"0,000"
"-1402815,49";"PERECIVEIS \ LEITES \ LEITES \ LEITE A2A2";"0,000";"0,000";"0,000";"1,000";"-1,000";"-100,0";"0,00";"0,00";"0,00";"0,00";"0,00";"6,86";"-6,86";"-100,0";"0,00";"-6,86";"-5,35";"0,000000";"0,000000";"0,000";"0,000";"0,000";"0,000"
"-1404365,16";"PERECIVEIS \ LEITES \ LEITES \ LEITE UHT DESNAT E SEMI";"0,000";"436,000";"0,000";"757,000";"-321,000";"-42,4";"0,11";"0,00";"0,00";"1.875,51";"0,00";"3.425,18";"-1.549,67";"-45,2";"0,10";"-1.549,67";"-1.208,74";"0,000000";"0,000000";"0,000";"0,000";"0,000";"0,000"
"-1404329,61";"PERECIVEIS \ LEITES \ LEITES \ LEITE UHT ESPECIAIS";"0,000";"25,000";"0,000";"17,000";"8,000";"47,1";"0,00";"0,00";"0,00";"129,36";"0,00";"93,81";"35,55";"37,9";"0,00";"35,55";"27,73";"0,000000";"0,000000";"0,000";"0,000";"0,000";"0,000"
"-1414431,73";"PERECIVEIS \ LEITES \ LEITES \ LEITE UHT INTEGRAL";"0,000";"764,000";"0,000";"3.066,000";"-2.302,000";"-75,1";"0,80";"0,00";"0,00";"3.326,25";"0,00";"13.428,37";"-10.102,12";"-75,2";"0,64";"-10.123,05";"-7.895,98";"0,000000";"0,000000";"0,000";"0,000";"0,000";"0,000"
"-1415886,48";"PERECIVEIS \ LEITES \ LEITES \ LEITE UHT ZERO LACTOSE";"0,000";"286,000";"0,000";"597,000";"-311,000";"-52,1";"0,11";"0,00";"0,00";"1.578,32";"0,00";"3.033,07";"-1.454,75";"-48,0";"0,09";"-1.454,48";"-1.134,51";"0,000000";"0,000000";"0,000";"0,000";"0,000";"0,000"
"-1415954,80";"PERECIVEIS \ PADARIA \ LANCHONETE \ DOCE";"0,000";"2,000";"0,000";"6,998";"-4,998";"-71,4";"0,00";"0,00";"0,00";"0,00";"0,00";"68,32";"-68,32";"-100,0";"0,00";"-68,32";"-57,31";"0,000000";"0,000000";"0,000";"0,000";"0,000";"0,000"
"-1419633,44";"PERECIVEIS \ PADARIA \ LANCHONETE \ SALGADINHOS LANCHONETE";"0,000";"3,310";"0,000";"114,049";"-110,739";"-97,1";"0,04";"0,00";"0,00";"64,99";"0,00";"3.743,63";"-3.678,64";"-98,3";"0,23";"-3.678,44";"-3.338,20";"0,000000";"0,000000";"0,000";"0,000";"0,000";"0,000"
"-1424522,52";"PERECIVEIS \ PADARIA \ LANCHONETE \ SALGADOS LANCHONETE";"0,000";"22,651";"0,000";"131,712";"-109,061";"-82,8";"0,04";"0,00";"0,00";"738,98";"0,00";"5.628,07";"-4.889,08";"-86,9";"0,31";"-4.885,18";"-3.920,47";"0,000000";"0,000000";"0,000";"0,000";"0,000";"0,000"
"-1424808,62";"PERECIVEIS \ PADARIA \ LANCHONETE \ SANDUICHES LANCHONETE";"0,000";"1,779";"0,000";"23,530";"-21,751";"-92,4";"0,01";"0,00";"0,00";"22,98";"0,00";"309,08";"-286,10";"-92,6";"0,02";"-286,75";"-267,93";"0,000000";"0,000000";"0,000";"0,000";"0,000";"0,000"
"-1430305,15";"PERECIVEIS \ PADARIA \ PADARIA FABRICACAO \ BISCOITOS FP";"0,000";"92,205";"0,000";"291,529";"-199,324";"-68,4";"0,07";"0,00";"0,00";"2.358,14";"0,00";"7.854,67";"-5.496,53";"-70,0";"0,35";"-5.496,53";"-4.828,07";"0,000000";"0,000000";"0,000";"0,000";"0,000";"0,000"
"-1448029,86";"PERECIVEIS \ PADARIA \ PADARIA FABRICACAO \ BOLO FP";"0,000";"361,174";"0,000";"1.456,375";"-1.095,201";"-75,2";"0,38";"0,00";"0,00";"4.863,71";"0,00";"22.588,42";"-17.724,71";"-78,5";"1,12";"-17.718,32";"-13.814,92";"0,000000";"0,000000";"0,000";"0,000";"0,000";"0,000"
"-1448513,54";"PERECIVEIS \ PADARIA \ PADARIA FABRICACAO \ BOMBA FP";"0,000";"0,000";"0,000";"19,122";"-19,122";"-100,0";"0,01";"0,00";"0,00";"0,00";"0,00";"483,68";"-483,68";"-100,0";"0,03";"-483,68";"-355,74";"0,000000";"0,000000";"0,000";"0,000";"0,000";"0,000"
"-1452052,53";"PERECIVEIS \ PADARIA \ PADARIA FABRICACAO \ BRIOCHE";"0,000";"51,063";"0,000";"227,505";"-176,442";"-77,6";"0,06";"0,00";"0,00";"1.053,84";"0,00";"4.592,83";"-3.538,99";"-77,1";"0,22";"-3.539,47";"-3.117,21";"0,000000";"0,000000";"0,000";"0,000";"0,000";"0,000"
"-1453699,74";"PERECIVEIS \ PADARIA \ PADARIA FABRICACAO \ BROA FP";"0,000";"30,107";"0,000";"142,990";"-112,883";"-78,9";"0,04";"0,00";"0,00";"405,58";"0,00";"2.052,80";"-1.647,21";"-80,2";"0,10";"-1.646,50";"-1.346,67";"0,000000";"0,000000";"0,000";"0,000";"0,000";"0,000"
"-1466309,42";"PERECIVEIS \ PADARIA \ PADARIA FABRICACAO \ CAKE FP";"0,000";"68,406";"0,000";"598,509";"-530,103";"-88,6";"0,18";"0,00";"0,00";"1.731,51";"0,00";"14.341,19";"-12.609,68";"-87,9";"0,80";"-12.608,92";"-9.855,01";"0,000000";"0,000000";"0,000";"0,000";"0,000";"0,000"
"-1466648,65";"PERECIVEIS \ PADARIA \ PADARIA FABRICACAO \ CAVACA FP";"0,000";"14,476";"0,000";"32,424";"-17,948";"-55,4";"0,01";"0,00";"0,00";"269,32";"0,00";"608,55";"-339,23";"-55,7";"0,02";"-339,14";"-268,46";"0,000000";"0,000000";"0,000";"0,000";"0,000";"0,000"
"-1467142,08";"PERECIVEIS \ PADARIA \ PADARIA FABRICACAO \ COLOMBA DE CHOCOLATE FP";"0,000";"0,000";"0,000";"22,474";"-22,474";"-100,0";"0,01";"0,00";"0,00";"0,00";"0,00";"493,43";"-493,43";"-100,0";"0,03";"-493,43";"-361,36";"0,000000";"0,000000";"0,000";"0,000";"0,000";"0,000"
"-1467227,31";"PERECIVEIS \ PADARIA \ PADARIA FABRICACAO \ COLOMBA DE FRUTAS FP";"0,000";"1,278";"0,000";"5,790";"-4,512";"-77,9";"0,00";"0,00";"0,00";"24,24";"0,00";"109,47";"-85,23";"-77,9";"0,01";"-85,22";"-63,55";"0,000000";"0,000000";"0,000";"0,000";"0,000";"0,000"
"-1471751,87";"PERECIVEIS \ PADARIA \ PADARIA FABRICACAO \ DOCES FP";"0,000";"125,316";"0,000";"320,508";"-195,192";"-60,9";"0,07";"0,00";"0,00";"2.248,98";"0,00";"6.773,54";"-4.524,56";"-66,8";"0,29";"-4.524,54";"-3.592,93";"0,000000";"0,000000";"0,000";"0,000";"0,000";"0,000"
"-1468346,89";"PERECIVEIS \ PADARIA \ PADARIA FABRICACAO \ FARINHA DE ROSCA FP";"0,000";"858,780";"0,000";"44,506";"814,274";"1.829,6";"-0,28";"0,00";"0,00";"3.600,60";"0,00";"195,62";"3.404,98";"1.740,6";"-0,22";"3.404,98";"3.374,44";"0,000000";"0,000000";"0,000";"0,000";"0,000";"0,000"
"-1470292,34";"PERECIVEIS \ PADARIA \ PADARIA FABRICACAO \ FOCACCIA FP";"0,000";"10,052";"0,000";"104,532";"-94,480";"-90,4";"0,03";"0,00";"0,00";"201,26";"0,00";"2.146,70";"-1.945,45";"-90,6";"0,12";"-1.938,58";"-1.573,71";"0,000000";"0,000000";"0,000";"0,000";"0,000";"0,000"
"-1470004,40";"PERECIVEIS \ PADARIA \ PADARIA FABRICACAO \ MASSA P.PIZZA FP";"0,000";"294,000";"0,000";"92,000";"202,000";"219,6";"-0,07";"0,00";"0,00";"418,02";"0,00";"130,08";"287,94";"221,3";"-0,02";"287,91";"257,94";"0,000000";"0,000000";"0,000";"0,000";"0,000";"0,000"
"-1472349,30";"PERECIVEIS \ PADARIA \ PADARIA FABRICACAO \ PAES DOCES FP";"0,000";"68,942";"0,000";"233,178";"-164,236";"-70,4";"0,06";"0,00";"0,00";"1.015,67";"0,00";"3.360,57";"-2.344,90";"-69,8";"0,15";"-2.344,55";"-1.938,98";"0,000000";"0,000000";"0,000";"0,000";"0,000";"0,000"
"-1478904,38";"PERECIVEIS \ PADARIA \ PADARIA FABRICACAO \ PAES ESPECIAIS FP";"0,000";"180,104";"0,000";"685,176";"-505,072";"-73,7";"0,18";"0,00";"0,00";"2.420,81";"0,00";"8.975,88";"-6.555,08";"-73,0";"0,42";"-6.554,36";"-5.424,04";"0,000000";"0,000000";"0,000";"0,000";"0,000";"0,000"
"-1479205,94";"PERECIVEIS \ PADARIA \ PADARIA FABRICACAO \ PANETONES DE CHOCOLATE FP";"0,000";"157,000";"0,000";"207,000";"-50,000";"-24,2";"0,02";"0,00";"0,00";"940,99";"0,00";"1.242,56";"-301,56";"-24,3";"0,02";"-301,56";"-227,04";"0,000000";"0,000000";"0,000";"0,000";"0,000";"0,000"
"-1479057,47";"PERECIVEIS \ PADARIA \ PADARIA FABRICACAO \ PANETONES DE FRUTAS FP";"0,000";"136,000";"0,000";"103,000";"33,000";"32,0";"-0,01";"0,00";"0,00";"609,11";"0,00";"460,64";"148,47";"32,2";"-0,01";"148,47";"117,10";"0,000000";"0,000000";"0,000";"0,000";"0,000";"0,000"
"-1479079,90";"PERECIVEIS \ PADARIA \ PADARIA FABRICACAO \ PANETONES SALGADOS FP";"0,000";"0,000";"0,000";"0,719";"-0,719";"-100,0";"0,00";"0,00";"0,00";"0,00";"0,00";"22,43";"-22,43";"-100,0";"0,00";"-22,43";"-19,57";"0,000000";"0,000000";"0,000";"0,000";"0,000";"0,000"
"-1479966,07";"PERECIVEIS \ PADARIA \ PADARIA FABRICACAO \ PAO AUSTRALIANO FP";"0,000";"13,898";"0,000";"73,923";"-60,025";"-81,2";"0,02";"0,00";"0,00";"203,32";"0,00";"1.089,49";"-886,17";"-81,3";"0,06";"-886,17";"-820,70";"0,000000";"0,000000";"0,000";"0,000";"0,000";"0,000"
"-1481105,55";"PERECIVEIS \ PADARIA \ PADARIA FABRICACAO \ PAO BAGUETE";"0,000";"16,183";"0,000";"102,865";"-86,682";"-84,3";"0,03";"0,00";"0,00";"211,87";"0,00";"1.351,35";"-1.139,48";"-84,3";"0,07";"-1.139,48";"-1.026,20";"0,000000";"0,000000";"0,000";"0,000";"0,000";"0,000"
"-1486017,50";"PERECIVEIS \ PADARIA \ PADARIA FABRICACAO \ PAO BATATA FP";"0,000";"11,602";"0,000";"287,012";"-275,410";"-96,0";"0,10";"0,00";"0,00";"207,81";"0,00";"5.119,76";"-4.911,95";"-95,9";"0,31";"-4.911,37";"-4.265,06";"0,000000";"0,000000";"0,000";"0,000";"0,000";"0,000"
"-1486718,86";"PERECIVEIS \ PADARIA \ PADARIA FABRICACAO \ PAO BISNAGUINHA FP";"0,000";"156,000";"0,000";"392,260";"-236,260";"-60,2";"0,08";"0,00";"0,00";"459,84";"0,00";"1.161,20";"-701,36";"-60,4";"0,04";"-701,06";"-605,31";"0,000000";"0,000000";"0,000";"0,000";"0,000";"0,000"
"-1486838,84";"PERECIVEIS \ PADARIA \ PADARIA FABRICACAO \ PAO FORMA INTEGRAL FP";"0,000";"15,000";"0,000";"36,000";"-21,000";"-58,3";"0,01";"0,00";"0,00";"86,60";"0,00";"206,58";"-119,98";"-58,1";"0,01";"-118,73";"-109,64";"0,000000";"0,000000";"0,000";"0,000";"0,000";"0,000"
"-1485858,87";"PERECIVEIS \ PADARIA \ PADARIA FABRICACAO \ PAO FORMA TRADICIONAL";"0,000";"442,871";"0,000";"132,000";"310,871";"235,5";"-0,11";"0,00";"0,00";"1.394,34";"0,00";"414,38";"979,97";"236,5";"-0,06";"980,04";"836,43";"0,000000";"0,000000";"0,000";"0,000";"0,000";"0,000"
"-1480780,95";"PERECIVEIS \ PADARIA \ PADARIA FABRICACAO \ PAO FRANCES FP";"0,000";"2.249,268";"0,000";"645,217";"1.604,051";"248,6";"-0,56";"0,00";"0,00";"7.540,80";"0,00";"2.462,89";"5.077,92";"206,2";"-0,32";"5.077,92";"5.043,16";"0,000000";"0,000000";"0,000";"0,000";"0,000";"0,000"
"-1481385,39";"PERECIVEIS \ PADARIA \ PADARIA FABRICACAO \ PAO HAMBURGUER FP";"0,000";"338,000";"0,000";"536,550";"-198,550";"-37,0";"0,07";"0,00";"0,00";"1.014,72";"0,00";"1.619,16";"-604,44";"-37,3";"0,04";"-604,36";"-508,22";"0,000000";"0,000000";"0,000";"0,000";"0,000";"0,000"
"-1481702,79";"PERECIVEIS \ PADARIA \ PADARIA FABRICACAO \ PAO HOT DOG FP";"0,000";"464,000";"0,000";"667,000";"-203,000";"-30,4";"0,07";"0,00";"0,00";"1.107,78";"0,00";"1.425,19";"-317,40";"-22,3";"0,02";"-316,96";"-271,39";"0,000000";"0,000000";"0,000";"0,000";"0,000";"0,000"
"-1492252,77";"PERECIVEIS \ PADARIA \ PADARIA FABRICACAO \ PAO QUEIJO FP";"0,000";"119,890";"0,000";"546,011";"-426,121";"-78,0";"0,15";"0,00";"0,00";"4.018,30";"0,00";"14.568,28";"-10.549,98";"-72,4";"0,67";"-10.549,98";"-8.425,26";"0,000000";"0,000000";"0,000";"0,000";"0,000";"0,000"
"-1492260,60";"PERECIVEIS \ PADARIA \ PADARIA FABRICACAO \ PAO RABANADA FP";"0,000";"0,512";"0,000";"2,445";"-1,933";"-79,1";"0,00";"0,00";"0,00";"2,05";"0,00";"9,88";"-7,83";"-79,3";"0,00";"-7,83";"-7,52";"0,000000";"0,000000";"0,000";"0,000";"0,000";"0,000"
"-1492261,21";"PERECIVEIS \ PADARIA \ PADARIA FABRICACAO \ PAO SACADURA FP";"0,000";"0,000";"0,000";"1,686";"-1,686";"-100,0";"0,00";"0,00";"0,00";"0,00";"0,00";"0,61";"-0,61";"-100,0";"0,00";"-0,61";"-0,60";"0,000000";"0,000000";"0,000";"0,000";"0,000";"0,000"
"-1492680,69";"PERECIVEIS \ PADARIA \ PADARIA FABRICACAO \ PAO SOVADO FP";"0,000";"6,722";"0,000";"31,502";"-24,780";"-78,7";"0,01";"0,00";"0,00";"113,91";"0,00";"533,39";"-419,48";"-78,6";"0,03";"-419,48";"-372,80";"0,000000";"0,000000";"0,000";"0,000";"0,000";"0,000"
"-1492851,58";"PERECIVEIS \ PADARIA \ PADARIA FABRICACAO \ PAO SUICO FP";"0,000";"46,401";"0,000";"65,933";"-19,532";"-29,6";"0,01";"0,00";"0,00";"404,66";"0,00";"575,55";"-170,89";"-29,7";"0,01";"-170,89";"-148,28";"0,000000";"0,000000";"0,000";"0,000";"0,000";"0,000"
"-1491440,77";"PERECIVEIS \ PADARIA \ PADARIA FABRICACAO \ PIZZA RECHEADA FP";"0,000";"164,068";"0,000";"89,025";"75,043";"84,3";"-0,03";"0,00";"0,00";"3.216,46";"0,00";"1.805,65";"1.410,81";"78,1";"-0,09";"1.431,68";"1.153,44";"0,000000";"0,000000";"0,000";"0,000";"0,000";"0,000"
"-1491790,48";"PERECIVEIS \ PADARIA \ PADARIA FABRICACAO \ ROCAMBOLE";"0,000";"8,101";"0,000";"23,252";"-15,151";"-65,2";"0,01";"0,00";"0,00";"172,09";"0,00";"521,80";"-349,71";"-67,0";"0,02";"-349,71";"-252,83";"0,000000";"0,000000";"0,000";"0,000";"0,000";"0,000"
"-1496791,61";"PERECIVEIS \ PADARIA \ PADARIA FABRICACAO \ SALGADOS FP";"0,000";"27,508";"0,000";"192,069";"-164,561";"-85,7";"0,06";"0,00";"0,00";"824,69";"0,00";"5.825,82";"-5.001,13";"-85,8";"0,32";"-5.000,76";"-4.092,99";"0,000000";"0,000000";"0,000";"0,000";"0,000";"0,000"
"-1496805,07";"PERECIVEIS \ PADARIA \ PADARIA FABRICACAO \ TORRADA FP";"0,000";"19,857";"0,000";"24,499";"-4,642";"-18,9";"0,00";"0,00";"0,00";"175,30";"0,00";"188,76";"-13,46";"-7,1";"0,00";"-13,68";"-15,79";"0,000000";"0,000000";"0,000";"0,000";"0,000";"0,000"
"-1501029,04";"PERECIVEIS \ PADARIA \ PADARIA FABRICACAO \ TORTAS FP";"0,000";"192,096";"0,000";"325,536";"-133,440";"-41,0";"0,05";"0,00";"0,00";"4.368,64";"0,00";"8.592,61";"-4.223,97";"-49,2";"0,27";"-4.221,75";"-3.107,75";"0,000000";"0,000000";"0,000";"0,000";"0,000";"0,000"
"-1501837,90";"PERECIVEIS \ PADARIA \ PADARIA INDUSTRIALIZADA \ BISCOITOS IND";"0,000";"45,688";"0,000";"74,316";"-28,628";"-38,5";"0,01";"0,00";"0,00";"1.318,14";"0,00";"2.127,00";"-808,86";"-38,0";"0,05";"-808,86";"-734,69";"0,000000";"0,000000";"0,000";"0,000";"0,000";"0,000"
"-1504071,57";"PERECIVEIS \ PADARIA \ PADARIA INDUSTRIALIZADA \ BOLO IND";"0,000";"1.960,000";"0,000";"2.733,000";"-773,000";"-28,3";"0,27";"0,00";"0,00";"5.724,99";"0,00";"7.958,66";"-2.233,67";"-28,1";"0,14";"-2.233,15";"-2.071,43";"0,000000";"0,000000";"0,000";"0,000";"0,000";"0,000"
"-1504071,57";"PERECIVEIS \ PADARIA \ PADARIA INDUSTRIALIZADA \ BRIOCHE IND";"0,000";"7,000";"0,000";"7,000";"0,000";"0,0";"0,00";"0,00";"0,00";"84,72";"0,00";"84,72";"0,00";"0,0";"0,00";"0,00";"0,00";"0,000000";"0,000000";"0,000";"0,000";"0,000";"0,000"
"-1504169,82";"PERECIVEIS \ PADARIA \ PADARIA INDUSTRIALIZADA \ COLOMBA CHOCOLATE";"0,000";"0,000";"0,000";"15,000";"-15,000";"-100,0";"0,01";"0,00";"0,00";"0,00";"0,00";"98,25";"-98,25";"-100,0";"0,01";"-98,25";"-78,46";"0,000000";"0,000000";"0,000";"0,000";"0,000";"0,000"
"-1504193,82";"PERECIVEIS \ PADARIA \ PADARIA INDUSTRIALIZADA \ COLOMBA FRUTAS";"0,000";"6,000";"0,000";"6,000";"0,000";"0,0";"0,00";"0,00";"0,00";"35,94";"0,00";"59,94";"-24,00";"-40,0";"0,00";"-24,00";"-19,17";"0,000000";"0,000000";"0,000";"0,000";"0,000";"0,000"
"-1504193,82";"PERECIVEIS \ PADARIA \ PADARIA INDUSTRIALIZADA \ DOCES IND";"0,000";"3,000";"0,000";"3,000";"0,000";"0,0";"0,00";"0,00";"0,00";"30,18";"0,00";"30,18";"0,00";"0,0";"0,00";"0,00";"0,00";"0,000000";"0,000000";"0,000";"0,000";"0,000";"0,000"
"-1504116,14";"PERECIVEIS \ PADARIA \ PADARIA INDUSTRIALIZADA \ PAES ESPECIAIS";"0,000";"17,000";"0,000";"9,000";"8,000";"88,9";"0,00";"0,00";"0,00";"159,43";"0,00";"81,76";"77,68";"95,0";"0,00";"77,67";"79,99";"0,000000";"0,000000";"0,000";"0,000";"0,000";"0,000"
"-1504181,21";"PERECIVEIS \ PADARIA \ PADARIA INDUSTRIALIZADA \ PANETONES DE CHOCOLATE IN";"0,000";"0,000";"0,000";"3,000";"-3,000";"-100,0";"0,00";"0,00";"0,00";"0,00";"0,00";"65,07";"-65,07";"-100,0";"0,00";"-65,07";"-51,96";"0,000000";"0,000000";"0,000";"0,000";"0,000";"0,000"
"-1504179,41";"PERECIVEIS \ PADARIA \ PADARIA INDUSTRIALIZADA \ PANETONES DE FRUTAS IND";"0,000";"1,000";"0,000";"1,000";"0,000";"0,0";"0,00";"0,00";"0,00";"11,21";"0,00";"9,41";"1,80";"19,1";"0,00";"1,80";"1,44";"0,000000";"0,000000";"0,000";"0,000";"0,000";"0,000"
"-1504187,86";"PERECIVEIS \ PADARIA \ PADARIA INDUSTRIALIZADA \ PAO AUSTRALIANO IND";"0,000";"7,000";"0,000";"8,000";"-1,000";"-12,5";"0,00";"0,00";"0,00";"59,15";"0,00";"67,60";"-8,45";"-12,5";"0,00";"-8,45";"-7,67";"0,000000";"0,000000";"0,000";"0,000";"0,000";"0,000"
"-1504176,85";"PERECIVEIS \ PADARIA \ PADARIA INDUSTRIALIZADA \ PAO BISNAGUINHA IND";"0,000";"317,000";"0,000";"300,000";"17,000";"5,7";"-0,01";"0,00";"0,00";"2.067,28";"0,00";"2.056,28";"11,01";"0,5";"0,00";"10,73";"9,57";"0,000000";"0,000000";"0,000";"0,000";"0,000";"0,000"
"-1504053,93";"PERECIVEIS \ PADARIA \ PADARIA INDUSTRIALIZADA \ PAO CEBOLA IND";"0,000";"55,000";"0,000";"34,000";"21,000";"61,8";"-0,01";"0,00";"0,00";"326,08";"0,00";"203,15";"122,92";"60,5";"-0,01";"119,51";"109,93";"0,000000";"0,000000";"0,000";"0,000";"0,000";"0,000"
"-1503942,32";"PERECIVEIS \ PADARIA \ PADARIA INDUSTRIALIZADA \ PAO DE BATATA IND";"0,000";"40,000";"0,000";"22,000";"18,000";"81,8";"-0,01";"0,00";"0,00";"237,63";"0,00";"126,02";"111,61";"88,6";"-0,01";"109,27";"100,53";"0,000000";"0,000000";"0,000";"0,000";"0,000";"0,000"
"-1504077,31";"PERECIVEIS \ PADARIA \ PADARIA INDUSTRIALIZADA \ PAO DE CENOURA IND";"0,000";"10,000";"0,000";"33,000";"-23,000";"-69,7";"0,01";"0,00";"0,00";"57,11";"0,00";"192,10";"-134,99";"-70,3";"0,01";"-135,06";"-124,24";"0,000000";"0,000000";"0,000";"0,000";"0,000";"0,000"
"-1503983,62";"PERECIVEIS \ PADARIA \ PADARIA INDUSTRIALIZADA \ PAO DE COCO IND";"0,000";"19,000";"0,000";"9,000";"10,000";"111,1";"0,00";"0,00";"0,00";"178,01";"0,00";"84,32";"93,69";"111,1";"-0,01";"93,69";"86,19";"0,000000";"0,000000";"0,000";"0,000";"0,000";"0,000"
"-1503511,65";"PERECIVEIS \ PADARIA \ PADARIA INDUSTRIALIZADA \ PAO DE FORMA INTEGRAL IND";"0,000";"621,000";"0,000";"565,000";"56,000";"9,9";"-0,02";"0,00";"0,00";"5.135,33";"0,00";"4.663,36";"471,97";"10,1";"-0,03";"468,92";"434,15";"0,000000";"0,000000";"0,000";"0,000";"0,000";"0,000"
"-1503645,06";"PERECIVEIS \ PADARIA \ PADARIA INDUSTRIALIZADA \ PAO DE FORMA TRADIC IND";"0,000";"783,000";"0,000";"801,000";"-18,000";"-2,2";"0,01";"0,00";"0,00";"5.358,89";"0,00";"5.492,31";"-133,41";"-2,4";"0,01";"-133,55";"-117,85";"0,000000";"0,000000";"0,000";"0,000";"0,000";"0,000"
"-1503816,25";"PERECIVEIS \ PADARIA \ PADARIA INDUSTRIALIZADA \ PAO DE MILHO IND";"0,000";"53,000";"0,000";"78,000";"-25,000";"-32,1";"0,01";"0,00";"0,00";"401,00";"0,00";"572,18";"-171,19";"-29,9";"0,01";"-171,18";"-157,47";"0,000000";"0,000000";"0,000";"0,000";"0,000";"0,000"
"-1504401,53";"PERECIVEIS \ PADARIA \ PADARIA INDUSTRIALIZADA \ PAO EGG SPONGE IND";"0,000";"5,000";"0,000";"56,000";"-51,000";"-91,1";"0,02";"0,00";"0,00";"57,38";"0,00";"642,67";"-585,28";"-91,1";"0,04";"-585,28";"-538,42";"0,000000";"0,000000";"0,000";"0,000";"0,000";"0,000"
"-1504207,14";"PERECIVEIS \ PADARIA \ PADARIA INDUSTRIALIZADA \ PAO FOLHA IND";"0,000";"58,000";"0,000";"49,000";"9,000";"18,4";"0,00";"0,00";"0,00";"568,64";"0,00";"374,25";"194,39";"51,9";"-0,01";"189,31";"195,71";"0,000000";"0,000000";"0,000";"0,000";"0,000";"0,000"
"-1504366,06";"PERECIVEIS \ PADARIA \ PADARIA INDUSTRIALIZADA \ PAO HAMBURGUER IND";"0,000";"59,000";"0,000";"66,000";"-7,000";"-10,6";"0,00";"0,00";"0,00";"438,18";"0,00";"597,10";"-158,92";"-26,6";"0,01";"-158,92";"-146,13";"0,000000";"0,000000";"0,000";"0,000";"0,000";"0,000"
"-1504318,84";"PERECIVEIS \ PADARIA \ PADARIA INDUSTRIALIZADA \ PAO HOT DOG IND";"0,000";"40,000";"0,000";"32,000";"8,000";"25,0";"0,00";"0,00";"0,00";"277,92";"0,00";"230,69";"47,22";"20,5";"0,00";"47,22";"43,26";"0,000000";"0,000000";"0,000";"0,000";"0,000";"0,000"
"-1504334,89";"PERECIVEIS \ PADARIA \ PADARIA INDUSTRIALIZADA \ PAO MULTIGRAOS IND";"0,000";"0,000";"0,000";"1,000";"-1,000";"-100,0";"0,00";"0,00";"0,00";"0,00";"0,00";"16,05";"-16,05";"-100,0";"0,00";"-16,05";"-14,74";"0,000000";"0,000000";"0,000";"0,000";"0,000";"0,000"
"-1503734,23";"PERECIVEIS \ PADARIA \ PADARIA INDUSTRIALIZADA \ PAO SIRIO IND";"0,000";"258,000";"0,000";"209,000";"49,000";"23,4";"-0,02";"0,00";"0,00";"2.926,64";"0,00";"2.325,99";"600,66";"25,8";"-0,04";"600,66";"551,97";"0,000000";"0,000000";"0,000";"0,000";"0,000";"0,000"
"-1503709,64";"PERECIVEIS \ PADARIA \ PADARIA INDUSTRIALIZADA \ PAO SOVADO IND";"0,000";"11,000";"0,000";"7,000";"4,000";"57,1";"0,00";"0,00";"0,00";"79,03";"0,00";"54,44";"24,59";"45,2";"0,00";"24,59";"22,62";"0,000000";"0,000000";"0,000";"0,000";"0,000";"0,000"
"-1506132,71";"PERECIVEIS \ PADARIA \ PADARIA INDUSTRIALIZADA \ SALGADOS";"0,000";"0,000";"0,000";"71,014";"-71,014";"-100,0";"0,02";"0,00";"0,00";"0,00";"0,00";"2.423,07";"-2.423,07";"-100,0";"0,15";"-2.423,07";"-2.198,91";"0,000000";"0,000000";"0,000";"0,000";"0,000";"0,000"
"-1506228,31";"PERECIVEIS \ PADARIA \ PADARIA INDUSTRIALIZADA \ TAPIOCA";"0,000";"5,000";"0,000";"16,000";"-11,000";"-68,8";"0,00";"0,00";"0,00";"43,64";"0,00";"139,24";"-95,60";"-68,7";"0,01";"-95,60";"-67,67";"0,000000";"0,000000";"0,000";"0,000";"0,000";"0,000"
"-1506345,80";"PERECIVEIS \ PEIXARIA \ CRUSTACEOS \ CRUSTACEOS";"0,000";"5,000";"0,000";"23,000";"-18,000";"-78,3";"0,01";"0,00";"0,00";"29,12";"0,00";"146,62";"-117,49";"-80,1";"0,01";"-117,49";"-118,31";"0,000000";"0,000000";"0,000";"0,000";"0,000";"0,000"
"-1506803,25";"PERECIVEIS \ PEIXARIA \ MOLUSCOS \ MOLUSCOS";"0,000";"0,000";"0,000";"10,000";"-10,000";"-100,0";"0,00";"0,00";"0,00";"0,00";"0,00";"457,45";"-457,45";"-100,0";"0,03";"-457,45";"-356,81";"0,000000";"0,000000";"0,000";"0,000";"0,000";"0,000"
"-1508861,03";"PERECIVEIS \ PEIXARIA \ PEIXES \ PEIXE FILE";"0,000";"119,527";"0,000";"269,871";"-150,344";"-55,7";"0,05";"0,00";"0,00";"2.484,70";"0,00";"4.542,48";"-2.057,78";"-45,3";"0,13";"-2.058,08";"-1.914,03";"0,000000";"0,000000";"0,000";"0,000";"0,000";"0,000"
"-1508861,03";"PERECIVEIS \ PEIXARIA \ PEIXES \ PEIXE INTEIRO";"0,000";"2,000";"0,000";"2,000";"0,000";"0,0";"0,00";"0,00";"0,00";"0,00";"0,00";"0,00";"0,00";"";"0,00";"0,00";"0,00";"0,000000";"0,000000";"0,000";"0,000";"0,000";"0,000"
"-1510402,10";"PERECIVEIS \ PEIXARIA \ PEIXES \ PEIXE POSTA";"0,000";"17,000";"0,000";"47,000";"-30,000";"-63,8";"0,01";"0,00";"0,00";"311,63";"0,00";"1.852,70";"-1.541,07";"-83,2";"0,10";"-1.541,07";"-1.357,64";"0,000000";"0,000000";"0,000";"0,000";"0,000";"0,000"
"-1514476,06";"PERECIVEIS \ SALGADOS \ BACALHAU \ BACALHAU";"0,000";"34,800";"0,000";"73,726";"-38,926";"-52,8";"0,01";"0,00";"0,00";"3.771,62";"0,00";"7.845,58";"-4.073,96";"-51,9";"0,26";"-4.073,96";"-3.580,90";"0,000000";"0,000000";"0,000";"0,000";"0,000";"0,000"
"-1514476,06";"PERECIVEIS \ SALGADOS \ BACALHAU \ BACALHAU DESSALGADO";"0,000";"0,000";"0,000";"10,000";"-10,000";"-100,0";"0,00";"0,00";"0,00";"0,00";"0,00";"0,00";"0,00";"";"0,00";"0,00";"0,00";"0,000000";"0,000000";"0,000";"0,000";"0,000";"0,000"
"-1522402,46";"PERECIVEIS \ SALGADOS \ BACALHAU \ PEIXE TIPO BACALHAU";"0,000";"48,960";"0,000";"223,541";"-174,581";"-78,1";"0,06";"0,00";"0,00";"2.615,84";"0,00";"10.542,24";"-7.926,40";"-75,2";"0,50";"-7.926,40";"-6.967,30";"0,000000";"0,000000";"0,000";"0,000";"0,000";"0,000"
"-1537453,90";"PERECIVEIS \ SALGADOS \ BACON \ BACON BARRIGA";"0,000";"330,976";"0,000";"873,417";"-542,441";"-62,1";"0,19";"0,00";"0,00";"7.663,54";"0,00";"22.714,98";"-15.051,44";"-66,3";"0,95";"-15.057,81";"-11.943,13";"0,000000";"0,000000";"0,000";"0,000";"0,000";"0,000"
"-1537242,29";"PERECIVEIS \ SALGADOS \ BACON \ BACON PALETA";"0,000";"9,204";"0,000";"0,000";"9,204";"";"0,00";"0,00";"0,00";"211,61";"0,00";"0,00";"211,61";"";"-0,01";"211,61";"165,05";"0,000000";"0,000000";"0,000";"0,000";"0,000";"0,000"
"-1540347,17";"PERECIVEIS \ SALGADOS \ BACON \ BACON PERNIL";"0,000";"146,527";"0,000";"294,035";"-147,508";"-50,2";"0,05";"0,00";"0,00";"3.223,35";"0,00";"6.328,23";"-3.104,88";"-49,1";"0,20";"-3.104,91";"-2.421,83";"0,000000";"0,000000";"0,000";"0,000";"0,000";"0,000"
"-1546337,79";"PERECIVEIS \ SALGADOS \ CHARQUE \ CHARQUE DIANTEIRO";"0,000";"305,065";"0,000";"791,381";"-486,316";"-61,5";"0,17";"0,00";"0,00";"7.173,56";"0,00";"13.164,18";"-5.990,62";"-45,5";"0,38";"-6.068,54";"-5.314,42";"0,000000";"0,000000";"0,000";"0,000";"0,000";"0,000"
"-1553588,97";"PERECIVEIS \ SALGADOS \ CHARQUE \ CHARQUE LAGARTO";"0,000";"110,364";"0,000";"319,143";"-208,779";"-65,4";"0,07";"0,00";"0,00";"3.295,42";"0,00";"10.546,60";"-7.251,18";"-68,8";"0,46";"-7.206,49";"-6.702,03";"0,000000";"0,000000";"0,000";"0,000";"0,000";"0,000"
"-1556900,39";"PERECIVEIS \ SALGADOS \ CHARQUE \ CHARQUE PONTA DE AGULHA";"0,000";"87,238";"0,000";"247,153";"-159,915";"-64,7";"0,06";"0,00";"0,00";"2.291,64";"0,00";"5.603,05";"-3.311,42";"-59,1";"0,21";"-3.333,70";"-3.100,34";"0,000000";"0,000000";"0,000";"0,000";"0,000";"0,000"
"-1559835,40";"PERECIVEIS \ SALGADOS \ CHARQUE \ CHARQUE TRASEIRO";"0,000";"54,000";"0,000";"184,000";"-130,000";"-70,7";"0,05";"0,00";"0,00";"1.274,27";"0,00";"4.209,28";"-2.935,01";"-69,7";"0,19";"-2.935,01";"-2.729,56";"0,000000";"0,000000";"0,000";"0,000";"0,000";"0,000"
"-1560542,36";"PERECIVEIS \ SALGADOS \ INGREDIENTES P.FEIJOADA \ INGREDIENTES FEIJOADA";"0,000";"16,000";"0,000";"60,000";"-44,000";"-73,3";"0,02";"0,00";"0,00";"78,39";"0,00";"785,35";"-706,96";"-90,0";"0,04";"-706,92";"-551,40";"0,000000";"0,000000";"0,000";"0,000";"0,000";"0,000"
"-1560147,46";"PERECIVEIS \ SALGADOS \ LINGUICAS DEFUMADAS \ LINGUICA CALABRESA";"0,000";"866,981";"0,000";"946,044";"-79,063";"-8,4";"0,03";"0,00";"0,00";"11.973,57";"0,00";"11.578,67";"394,90";"3,4";"-0,03";"394,52";"398,72";"0,000000";"0,000000";"0,000";"0,000";"0,000";"0,000"
"-1562340,65";"PERECIVEIS \ SALGADOS \ LINGUICAS DEFUMADAS \ LINGUICA FINA MISTA";"0,000";"524,265";"0,000";"979,058";"-454,793";"-46,5";"0,16";"0,00";"0,00";"6.991,64";"0,00";"9.184,83";"-2.193,19";"-23,9";"0,14";"-2.191,40";"-1.926,99";"0,000000";"0,000000";"0,000";"0,000";"0,000";"0,000"
"-1563358,21";"PERECIVEIS \ SALGADOS \ LINGUICAS DEFUMADAS \ LINGUICA PAIO";"0,000";"124,562";"0,000";"181,299";"-56,737";"-31,3";"0,02";"0,00";"0,00";"1.653,56";"0,00";"2.671,12";"-1.017,56";"-38,1";"0,06";"-1.017,75";"-943,56";"0,000000";"0,000000";"0,000";"0,000";"0,000";"0,000"
"-1564216,28";"PERECIVEIS \ SALGADOS \ LINGUICAS DEFUMADAS \ LINGUICA PERNIL DEFUMADA";"0,000";"0,000";"0,000";"62,000";"-62,000";"-100,0";"0,02";"0,00";"0,00";"0,00";"0,00";"858,07";"-858,07";"-100,0";"0,05";"-858,07";"-798,00";"0,000000";"0,000000";"0,000";"0,000";"0,000";"0,000"
"-1565350,49";"PERECIVEIS \ SALGADOS \ LINGUICAS DEFUMADAS \ LINGUICA PORTUGUESA";"0,000";"80,351";"0,000";"177,076";"-96,725";"-54,6";"0,03";"0,00";"0,00";"820,58";"0,00";"1.954,78";"-1.134,21";"-58,0";"0,07";"-1.134,21";"-1.054,82";"0,000000";"0,000000";"0,000";"0,000";"0,000";"0,000"
"-1570422,05";"PERECIVEIS \ SALGADOS \ LINGUICAS DEFUMADAS \ LINGUICA SUINA";"0,000";"156,111";"0,000";"965,480";"-809,369";"-83,8";"0,28";"0,00";"0,00";"1.184,86";"0,00";"6.256,42";"-5.071,56";"-81,1";"0,32";"-5.077,39";"-4.706,22";"0,000000";"0,000000";"0,000";"0,000";"0,000";"0,000"
"-1570954,33";"PERECIVEIS \ SALGADOS \ SUINO DEFUMADO \ COPA SUINA DEFUMADA";"0,000";"11,678";"0,000";"15,752";"-4,074";"-25,9";"0,00";"0,00";"0,00";"0,00";"0,00";"532,28";"-532,28";"-100,0";"0,03";"-532,28";"-415,18";"0,000000";"0,000000";"0,000";"0,000";"0,000";"0,000"
"-1572337,00";"PERECIVEIS \ SALGADOS \ SUINO DEFUMADO \ COSTELA SUINA DEFUMADA";"0,000";"25,365";"0,000";"63,328";"-37,963";"-59,9";"0,01";"0,00";"0,00";"747,63";"0,00";"2.130,30";"-1.382,67";"-64,9";"0,09";"-1.382,67";"-1.078,49";"0,000000";"0,000000";"0,000";"0,000";"0,000";"0,000"
"-1573630,03";"PERECIVEIS \ SALGADOS \ SUINO DEFUMADO \ LOMBO SUINO DEFUMADO";"0,000";"16,641";"0,000";"55,482";"-38,841";"-70,0";"0,01";"0,00";"0,00";"553,97";"0,00";"1.847,00";"-1.293,03";"-70,0";"0,08";"-1.293,03";"-1.008,55";"0,000000";"0,000000";"0,000";"0,000";"0,000";"0,000"
"-1573929,34";"PERECIVEIS \ SALGADOS \ SUINO SALGADO \ CHISPE SUINO SALG";"0,000";"131,752";"0,000";"158,462";"-26,710";"-16,9";"0,01";"0,00";"0,00";"1.280,96";"0,00";"1.580,27";"-299,31";"-18,9";"0,02";"-296,01";"-230,89";"0,000000";"0,000000";"0,000";"0,000";"0,000";"0,000"
"-1570567,60";"PERECIVEIS \ SALGADOS \ SUINO SALGADO \ COSTELA SUINA SALG";"0,000";"299,638";"0,000";"117,340";"182,298";"155,4";"-0,06";"0,00";"0,00";"5.875,20";"0,00";"2.513,46";"3.361,74";"133,7";"-0,21";"3.361,75";"2.623,02";"0,000000";"0,000000";"0,000";"0,000";"0,000";"0,000"
"-1570935,81";"PERECIVEIS \ SALGADOS \ SUINO SALGADO \ GARGANTA SUINA SALG";"0,000";"100,450";"0,000";"134,449";"-33,999";"-25,3";"0,01";"0,00";"0,00";"1.055,59";"0,00";"1.423,80";"-368,21";"-25,9";"0,02";"-368,22";"-287,21";"0,000000";"0,000000";"0,000";"0,000";"0,000";"0,000"
"-1572490,42";"PERECIVEIS \ SALGADOS \ SUINO SALGADO \ LOMBO SUINO SALG";"0,000";"82,070";"0,000";"159,321";"-77,251";"-48,5";"0,03";"0,00";"0,00";"1.495,29";"0,00";"3.049,90";"-1.554,61";"-51,0";"0,10";"-1.554,61";"-1.212,60";"0,000000";"0,000000";"0,000";"0,000";"0,000";"0,000"
"-1573091,60";"PERECIVEIS \ SALGADOS \ SUINO SALGADO \ ORELHA SALG";"0,000";"50,385";"0,000";"115,497";"-65,112";"-56,4";"0,02";"0,00";"0,00";"463,13";"0,00";"1.064,31";"-601,18";"-56,5";"0,04";"-601,81";"-469,41";"0,000000";"0,000000";"0,000";"0,000";"0,000";"0,000"
"-1577601,62";"PERECIVEIS \ SALGADOS \ SUINO SALGADO \ PONTA COSTELA SUINA SALG";"0,000";"63,640";"0,000";"400,343";"-336,703";"-84,1";"0,12";"0,00";"0,00";"858,87";"0,00";"5.368,89";"-4.510,02";"-84,0";"0,29";"-4.510,02";"-3.517,82";"0,000000";"0,000000";"0,000";"0,000";"0,000";"0,000"
"-1578971,54";"PERECIVEIS \ SALGADOS \ SUINO SALGADO \ RABINHO SUINO SALG";"0,000";"18,163";"0,000";"87,307";"-69,144";"-79,2";"0,02";"0,00";"0,00";"359,45";"0,00";"1.729,36";"-1.369,92";"-79,2";"0,09";"-1.369,92";"-1.068,54";"0,000000";"0,000000";"0,000";"0,000";"0,000";"0,000"
