"%Acm. Dif.Vlr.";"Nível 4";"Qtd Entrada Compra";"Qtd Entrada Outras";"Qtd Saída Venda";"Qtd Saída Outras";"Qtd Diferenca";"% Dif.s/ Qtd Saída";"%Partic. Tot.Dif.";"Vlr Entrada Compra";"Vlr Entrada Compra(Liquido)";"Vlr Entrada Outras";"Vlr Saída Venda";"Vlr Saída Outras";"Vlr Diferenca";"% Vlr.s/ Vlr Saída";"%Partic. Tot.Dif.";"Valor Custo Bruto";"Valor Custo Líquido";"Vlr. Entrada Verba Sell In";"Vlr. Saída Verba Sell In";"Valor IBS MUN Créd. Entrada";"Valor IBS UF Créd. Entrada";"Valor CBS Créd. Entrada";"Valor IS Créd. Entrada"
"-13,02";"MERCEARIA NAO ALIMENTOS \ BAZAR \ ARMARINHO \ ACESSORIOS ARMARINHO";"0,000";"6,000";"0,000";"9,000";"-3,000";"-33,3";"0,00";"0,00";"0,00";"19,44";"0,00";"32,46";"-13,02";"-40,1";"0,00";"-13,02";"-9,83";"0,000000";"0,000000";"0,000";"0,000";"0,000";"0,000"
"-81,11";"MERCEARIA NAO ALIMENTOS \ BAZAR \ BOLSAS E SACOLAS \ BOLSA TERMICA";"0,000";"1,000";"0,000";"15,000";"-14,000";"-93,3";"0,00";"0,00";"0,00";"4,63";"0,00";"72,72";"-68,09";"-93,6";"0,00";"-68,09";"-53,10";"0,000000";"0,000000";"0,000";"0,000";"0,000";"0,000"
"-16010,85";"MERCEARIA NAO ALIMENTOS \ BAZAR \ BOLSAS E SACOLAS \ SACOLA RECICLAVEL";"0,000";"103.286,000";"0,000";"282.211,000";"-178.925,000";"-63,4";"45,19";"0,00";"0,00";"9.816,60";"0,00";"25.746,34";"-15.929,74";"-61,9";"0,64";"-15.929,25";"-12.280,82";"0,000000";"0,000000";"0,000";"0,000";"0,000";"0,000"
"-15985,87";"MERCEARIA NAO ALIMENTOS \ BAZAR \ BOLSAS E SACOLAS \ SACOLA RETORNAVEL";"0,000";"14,000";"0,000";"7,000";"7,000";"100,0";"0,00";"0,00";"0,00";"50,39";"0,00";"25,41";"24,98";"98,3";"0,00";"24,98";"20,46";"0,000000";"0,000000";"0,000";"0,000";"0,000";"0,000"
"-15987,24";"MERCEARIA NAO ALIMENTOS \ BAZAR \ CALCADOS \ GRAXAS";"0,000";"1,000";"0,000";"1,000";"0,000";"0,0";"0,00";"0,00";"0,00";"11,25";"0,00";"12,62";"-1,37";"-10,9";"0,00";"-1,37";"-1,22";"0,000000";"0,000000";"0,000";"0,000";"0,000";"0,000"
"-16343,97";"MERCEARIA NAO ALIMENTOS \ BAZAR \ CALCADOS \ SANDALIAS";"0,000";"21,000";"0,000";"37,000";"-16,000";"-43,2";"0,00";"0,00";"0,00";"205,96";"0,00";"562,69";"-356,73";"-63,4";"0,01";"-356,73";"-283,65";"0,000000";"0,000000";"0,000";"0,000";"0,000";"0,000"
"-16346,79";"MERCEARIA NAO ALIMENTOS \ BAZAR \ CHURRASCO \ ACESSORIOS CHURRASCO";"0,000";"0,000";"0,000";"1,000";"-1,000";"-100,0";"0,00";"0,00";"0,00";"0,00";"0,00";"2,82";"-2,82";"-100,0";"0,00";"-2,82";"-1,94";"0,000000";"0,000000";"0,000";"0,000";"0,000";"0,000"
"-16397,58";"MERCEARIA NAO ALIMENTOS \ BAZAR \ CHURRASCO \ CARVAO";"0,000";"2,000";"0,000";"6,000";"-4,000";"-66,7";"0,00";"0,00";"0,00";"21,21";"0,00";"72,00";"-50,79";"-70,5";"0,00";"-50,79";"-34,42";"0,000000";"0,000000";"0,000";"0,000";"0,000";"0,000"
"-16407,30";"MERCEARIA NAO ALIMENTOS \ BAZAR \ CHURRASCO \ ESPETO";"0,000";"0,000";"0,000";"2,000";"-2,000";"-100,0";"0,00";"0,00";"0,00";"0,00";"0,00";"9,72";"-9,72";"-100,0";"0,00";"-9,72";"-6,68";"0,000000";"0,000000";"0,000";"0,000";"0,000";"0,000"
"-16412,78";"MERCEARIA NAO ALIMENTOS \ BAZAR \ CHURRASCO \ PALITOS";"0,000";"0,000";"0,000";"1,000";"-1,000";"-100,0";"0,00";"0,00";"0,00";"0,00";"0,00";"5,48";"-5,48";"-100,0";"0,00";"-5,48";"-3,77";"0,000000";"0,000000";"0,000";"0,000";"0,000";"0,000"
"-16177,29";"MERCEARIA NAO ALIMENTOS \ BAZAR \ DESCARTAVEIS \ ALUMINIO";"0,000";"125,000";"0,000";"20,000";"105,000";"525,0";"-0,03";"0,00";"0,00";"385,29";"0,00";"149,80";"235,49";"157,2";"-0,01";"235,49";"181,74";"0,000000";"0,000000";"0,000";"0,000";"0,000";"0,000"
"-16152,86";"MERCEARIA NAO ALIMENTOS \ BAZAR \ DESCARTAVEIS \ CANUDOS";"0,000";"14,000";"0,000";"1,000";"13,000";"1.300,0";"0,00";"0,00";"0,00";"26,31";"0,00";"1,88";"24,43";"1.300,0";"0,00";"24,43";"17,44";"0,000000";"0,000000";"0,000";"0,000";"0,000";"0,000"
"-9868,05";"MERCEARIA NAO ALIMENTOS \ BAZAR \ DESCARTAVEIS \ COPOS-TULIPAS";"0,000";"645,000";"0,000";"6,000";"639,000";"10.650,0";"-0,16";"0,00";"0,00";"6.314,96";"0,00";"30,15";"6.284,81";"20.846,2";"-0,25";"6.284,81";"4.497,47";"0,000000";"0,000000";"0,000";"0,000";"0,000";"0,000"
"-9373,49";"MERCEARIA NAO ALIMENTOS \ BAZAR \ DESCARTAVEIS \ FILMES PLASTICOS";"0,000";"149,000";"0,000";"45,000";"104,000";"231,1";"-0,03";"0,00";"0,00";"737,47";"0,00";"242,91";"494,56";"203,6";"-0,02";"494,56";"395,03";"0,000000";"0,000000";"0,000";"0,000";"0,000";"0,000"
"-9019,54";"MERCEARIA NAO ALIMENTOS \ BAZAR \ DESCARTAVEIS \ FILTROS";"0,000";"123,000";"0,000";"9,000";"114,000";"1.266,7";"-0,03";"0,00";"0,00";"384,14";"0,00";"30,19";"353,95";"1.172,4";"-0,01";"353,95";"332,18";"0,000000";"0,000000";"0,000";"0,000";"0,000";"0,000"
"-9009,98";"MERCEARIA NAO ALIMENTOS \ BAZAR \ DESCARTAVEIS \ FORMAS";"0,000";"1,000";"0,000";"0,000";"1,000";"";"0,00";"0,00";"0,00";"9,56";"0,00";"0,00";"9,56";"";"0,00";"9,56";"8,68";"0,000000";"0,000000";"0,000";"0,000";"0,000";"0,000"
"-9058,62";"MERCEARIA NAO ALIMENTOS \ BAZAR \ DESCARTAVEIS \ FOSFOROS";"0,000";"0,000";"0,000";"16,000";"-16,000";"-100,0";"0,00";"0,00";"0,00";"0,00";"0,00";"48,64";"-48,64";"-100,0";"0,00";"-48,64";"-38,44";"0,000000";"0,000000";"0,000";"0,000";"0,000";"0,000"
"-9413,55";"MERCEARIA NAO ALIMENTOS \ BAZAR \ DESCARTAVEIS \ GUARDANAPOS";"0,000";"135,000";"0,000";"173,000";"-38,000";"-22,0";"0,01";"0,00";"0,00";"395,08";"0,00";"750,01";"-354,93";"-47,3";"0,01";"-354,93";"-327,57";"0,000000";"0,000000";"0,000";"0,000";"0,000";"0,000"
"-9374,32";"MERCEARIA NAO ALIMENTOS \ BAZAR \ DESCARTAVEIS \ KIT DESCARTAVEL";"0,000";"15,000";"0,000";"2,000";"13,000";"650,0";"0,00";"0,00";"0,00";"56,00";"0,00";"16,78";"39,23";"233,8";"0,00";"39,23";"36,45";"0,000000";"0,000000";"0,000";"0,000";"0,000";"0,000"
"-9386,92";"MERCEARIA NAO ALIMENTOS \ BAZAR \ DESCARTAVEIS \ PALITOS";"0,000";"0,000";"0,000";"22,000";"-22,000";"-100,0";"0,01";"0,00";"0,00";"0,00";"0,00";"12,60";"-12,60";"-100,0";"0,00";"-12,60";"-9,74";"0,000000";"0,000000";"0,000";"0,000";"0,000";"0,000"
"-9257,44";"MERCEARIA NAO ALIMENTOS \ BAZAR \ DESCARTAVEIS \ PAPEL MANTEIGA";"0,000";"42,000";"0,000";"3,000";"39,000";"1.300,0";"-0,01";"0,00";"0,00";"139,68";"0,00";"10,20";"129,48";"1.269,9";"-0,01";"129,48";"92,83";"0,000000";"0,000000";"0,000";"0,000";"0,000";"0,000"
"-9176,77";"MERCEARIA NAO ALIMENTOS \ BAZAR \ DESCARTAVEIS \ PRATOS";"0,000";"54,000";"0,000";"34,000";"20,000";"58,8";"-0,01";"0,00";"0,00";"131,75";"0,00";"51,09";"80,67";"157,9";"0,00";"80,67";"73,68";"0,000000";"0,000000";"0,000";"0,000";"0,000";"0,000"
"-8796,42";"MERCEARIA NAO ALIMENTOS \ BAZAR \ DESCARTAVEIS \ SACOS";"0,000";"50,000";"0,000";"9,000";"41,000";"455,6";"-0,01";"0,00";"0,00";"444,10";"0,00";"63,74";"380,35";"596,7";"-0,02";"380,35";"273,59";"0,000000";"0,000000";"0,000";"0,000";"0,000";"0,000"
"-18318,37";"MERCEARIA NAO ALIMENTOS \ BAZAR \ DESCARTAVEIS \ SACOS PARA LIXO";"0,000";"105,000";"0,000";"1.646,000";"-1.541,000";"-93,6";"0,39";"0,00";"0,00";"600,45";"0,00";"10.122,40";"-9.521,95";"-94,1";"0,38";"-9.521,95";"-8.676,96";"0,000000";"0,000000";"0,000";"0,000";"0,000";"0,000"
"-18362,76";"MERCEARIA NAO ALIMENTOS \ BAZAR \ DESCARTAVEIS \ TALHERES DESCARTAVEIS";"0,000";"142,000";"0,000";"131,000";"11,000";"8,4";"0,00";"0,00";"0,00";"275,12";"0,00";"319,51";"-44,39";"-13,9";"0,00";"-44,39";"-40,70";"0,000000";"0,000000";"0,000";"0,000";"0,000";"0,000"
"-18552,24";"MERCEARIA NAO ALIMENTOS \ BAZAR \ DESCARTAVEIS \ TOALHAS DE PAPEL";"0,000";"43,000";"0,000";"107,000";"-64,000";"-59,8";"0,02";"0,00";"0,00";"177,52";"0,00";"367,00";"-189,48";"-51,6";"0,01";"-189,30";"-178,49";"0,000000";"0,000000";"0,000";"0,000";"0,000";"0,000"
"-18500,62";"MERCEARIA NAO ALIMENTOS \ BAZAR \ FERRAGENS \ ACESSORIOS DE FERRAGENS";"0,000";"12,000";"0,000";"4,000";"8,000";"200,0";"0,00";"0,00";"0,00";"75,82";"0,00";"24,20";"51,62";"213,3";"0,00";"51,62";"48,44";"0,000000";"0,000000";"0,000";"0,000";"0,000";"0,000"
"-18473,08";"MERCEARIA NAO ALIMENTOS \ BAZAR \ FESTAS \ BALOES";"0,000";"5,000";"0,000";"2,000";"3,000";"150,0";"0,00";"0,00";"0,00";"46,55";"0,00";"19,01";"27,54";"144,9";"0,00";"27,99";"19,62";"0,000000";"0,000000";"0,000";"0,000";"0,000";"0,000"
"-18473,10";"MERCEARIA NAO ALIMENTOS \ BAZAR \ FESTAS \ FAIXAS";"0,000";"1,000";"0,000";"1,000";"0,000";"0,0";"0,00";"0,00";"0,00";"3,46";"0,00";"3,48";"-0,02";"-0,5";"0,00";"-0,02";"0,06";"0,000000";"0,000000";"0,000";"0,000";"0,000";"0,000"
"-18479,48";"MERCEARIA NAO ALIMENTOS \ BAZAR \ FESTAS \ FOMINHAS-FUNDO";"0,000";"4,000";"0,000";"5,000";"-1,000";"-20,0";"0,00";"0,00";"0,00";"25,50";"0,00";"31,88";"-6,38";"-20,0";"0,00";"-6,38";"-4,55";"0,000000";"0,000000";"0,000";"0,000";"0,000";"0,000"
"-18936,82";"MERCEARIA NAO ALIMENTOS \ BAZAR \ FESTAS \ VELAS PARA FESTA";"0,000";"55,000";"0,000";"200,000";"-145,000";"-72,5";"0,04";"0,00";"0,00";"165,75";"0,00";"623,09";"-457,34";"-73,4";"0,02";"-457,33";"-318,74";"0,000000";"0,000000";"0,000";"0,000";"0,000";"0,000"
"-19143,54";"MERCEARIA NAO ALIMENTOS \ BAZAR \ LAVANDERIA \ ACESSORIOS LAVANDERIA";"0,000";"1,000";"0,000";"44,000";"-43,000";"-97,7";"0,01";"0,00";"0,00";"5,19";"0,00";"211,91";"-206,72";"-97,6";"0,01";"-206,72";"-150,64";"0,000000";"0,000000";"0,000";"0,000";"0,000";"0,000"
"-20770,12";"MERCEARIA NAO ALIMENTOS \ BAZAR \ LIMPEZA CASEIRA \ DESENTUPIDOR";"0,000";"2,000";"0,000";"110,000";"-108,000";"-98,2";"0,03";"0,00";"0,00";"33,32";"0,00";"1.659,90";"-1.626,58";"-98,0";"0,06";"-1.626,58";"-1.498,36";"0,000000";"0,000000";"0,000";"0,000";"0,000";"0,000"
"-23308,62";"MERCEARIA NAO ALIMENTOS \ BAZAR \ LIMPEZA CASEIRA \ ESCOVA";"0,000";"2,000";"0,000";"266,000";"-264,000";"-99,2";"0,07";"0,00";"0,00";"11,40";"0,00";"2.549,90";"-2.538,50";"-99,6";"0,10";"-2.538,50";"-2.026,93";"0,000000";"0,000000";"0,000";"0,000";"0,000";"0,000"
"-23387,22";"MERCEARIA NAO ALIMENTOS \ BAZAR \ LIMPEZA CASEIRA \ ESPONJAS - BUCHAS";"0,000";"64,000";"0,000";"89,000";"-25,000";"-28,1";"0,01";"0,00";"0,00";"215,35";"0,00";"293,95";"-78,60";"-26,7";"0,00";"-83,47";"-75,74";"0,000000";"0,000000";"0,000";"0,000";"0,000";"0,000"
"-23404,38";"MERCEARIA NAO ALIMENTOS \ BAZAR \ LIMPEZA CASEIRA \ FLANELAS";"0,000";"0,000";"0,000";"2,000";"-2,000";"-100,0";"0,00";"0,00";"0,00";"0,00";"0,00";"17,16";"-17,16";"-100,0";"0,00";"-17,16";"-13,52";"0,000000";"0,000000";"0,000";"0,000";"0,000";"0,000"
"-23226,35";"MERCEARIA NAO ALIMENTOS \ BAZAR \ LIMPEZA CASEIRA \ MOP";"0,000";"7,000";"0,000";"0,000";"7,000";"";"0,00";"0,00";"0,00";"178,03";"0,00";"0,00";"178,03";"";"-0,01";"178,03";"138,86";"0,000000";"0,000000";"0,000";"0,000";"0,000";"0,000"
"-23153,30";"MERCEARIA NAO ALIMENTOS \ BAZAR \ LIMPEZA CASEIRA \ PA DE LIXO";"0,000";"5,000";"0,000";"0,000";"5,000";"";"0,00";"0,00";"0,00";"73,05";"0,00";"0,00";"73,05";"";"0,00";"73,05";"52,99";"0,000000";"0,000000";"0,000";"0,000";"0,000";"0,000"
"-23123,36";"MERCEARIA NAO ALIMENTOS \ BAZAR \ LIMPEZA CASEIRA \ PANO";"0,000";"45,000";"0,000";"57,000";"-12,000";"-21,1";"0,00";"0,00";"0,00";"334,81";"0,00";"304,87";"29,94";"9,8";"0,00";"29,94";"27,54";"0,000000";"0,000000";"0,000";"0,000";"0,000";"0,000"
"-23082,47";"MERCEARIA NAO ALIMENTOS \ BAZAR \ LIMPEZA CASEIRA \ RODO";"0,000";"6,000";"0,000";"4,000";"2,000";"50,0";"0,00";"0,00";"0,00";"85,32";"0,00";"44,43";"40,89";"92,0";"0,00";"40,89";"33,44";"0,000000";"0,000000";"0,000";"0,000";"0,000";"0,000"
"-22895,79";"MERCEARIA NAO ALIMENTOS \ BAZAR \ LIMPEZA CASEIRA \ VASSOURAS";"0,000";"19,000";"0,000";"3,000";"16,000";"533,3";"0,00";"0,00";"0,00";"247,29";"0,00";"60,61";"186,68";"308,0";"-0,01";"186,68";"146,92";"0,000000";"0,000000";"0,000";"0,000";"0,000";"0,000"
"-22750,58";"MERCEARIA NAO ALIMENTOS \ BAZAR \ PAPELARIA \ FIGURINHAS";"0,000";"87,000";"0,000";"57,000";"30,000";"52,6";"-0,01";"0,00";"0,00";"421,08";"0,00";"275,87";"145,21";"52,6";"-0,01";"145,19";"145,19";"0,000000";"0,000000";"0,000";"0,000";"0,000";"0,000"
"-22864,67";"MERCEARIA NAO ALIMENTOS \ BAZAR \ UTIL CASA E ACESSORIOS \ ACESSORIOS CASA";"0,000";"0,000";"0,000";"17,000";"-17,000";"-100,0";"0,00";"0,00";"0,00";"0,00";"0,00";"114,09";"-114,09";"-100,0";"0,00";"-114,09";"-85,54";"0,000000";"0,000000";"0,000";"0,000";"0,000";"0,000"
"-22959,73";"MERCEARIA NAO ALIMENTOS \ BAZAR \ UTIL COZINHA \ ACESSORIOS COZINHA";"0,000";"21,000";"0,000";"30,000";"-9,000";"-30,0";"0,00";"0,00";"0,00";"190,66";"0,00";"285,72";"-95,06";"-33,3";"0,00";"-94,91";"-109,41";"0,000000";"0,000000";"0,000";"0,000";"0,000";"0,000"
"-23022,37";"MERCEARIA NAO ALIMENTOS \ BAZAR \ UTIL COZINHA \ CANECA";"0,000";"8,000";"0,000";"32,000";"-24,000";"-75,0";"0,01";"0,00";"0,00";"79,01";"0,00";"141,65";"-62,64";"-44,2";"0,00";"-62,64";"-56,86";"0,000000";"0,000000";"0,000";"0,000";"0,000";"0,000"
"-23125,65";"MERCEARIA NAO ALIMENTOS \ BAZAR \ UTIL COZINHA \ COPO";"0,000";"66,000";"0,000";"80,000";"-14,000";"-17,5";"0,00";"0,00";"0,00";"23,55";"0,00";"126,83";"-103,28";"-81,4";"0,00";"-103,28";"-95,16";"0,000000";"0,000000";"0,000";"0,000";"0,000";"0,000"
"-23125,65";"MERCEARIA NAO ALIMENTOS \ BAZAR \ UTIL COZINHA \ GARRAFA - JARRA";"0,000";"0,000";"0,000";"4,000";"-4,000";"-100,0";"0,00";"0,00";"0,00";"0,00";"0,00";"0,00";"0,00";"";"0,00";"-32,31";"-32,31";"0,000000";"0,000000";"0,000";"0,000";"0,000";"0,000"
"-23473,17";"MERCEARIA NAO ALIMENTOS \ BAZAR \ UTIL COZINHA \ TACA";"0,000";"19,000";"0,000";"47,000";"-28,000";"-59,6";"0,01";"0,00";"0,00";"271,32";"0,00";"618,84";"-347,52";"-56,2";"0,01";"-347,48";"-330,13";"0,000000";"0,000000";"0,000";"0,000";"0,000";"0,000"
"-23478,60";"MERCEARIA NAO ALIMENTOS \ BAZAR \ UTIL COZINHA \ TALHER";"0,000";"0,000";"0,000";"1,000";"-1,000";"-100,0";"0,00";"0,00";"0,00";"0,00";"0,00";"5,43";"-5,43";"-100,0";"0,00";"-5,43";"-4,18";"0,000000";"0,000000";"0,000";"0,000";"0,000";"0,000"
"-23484,65";"MERCEARIA NAO ALIMENTOS \ BAZAR \ UTIL COZINHA \ TIGELA";"0,000";"1,000";"0,000";"2,000";"-1,000";"-50,0";"0,00";"0,00";"0,00";"6,62";"0,00";"12,66";"-6,05";"-47,8";"0,00";"-6,05";"-6,00";"0,000000";"0,000000";"0,000";"0,000";"0,000";"0,000"
"-23415,51";"MERCEARIA NAO ALIMENTOS \ BAZAR \ UTILIDADES \ LAMPADA";"0,000";"28,000";"0,000";"7,000";"21,000";"300,0";"-0,01";"0,00";"0,00";"121,32";"0,00";"52,18";"69,14";"132,5";"0,00";"69,14";"62,75";"0,000000";"0,000000";"0,000";"0,000";"0,000";"0,000"
"-23766,33";"MERCEARIA NAO ALIMENTOS \ BAZAR \ UTILIDADES \ LUVA";"0,000";"3,000";"0,000";"22,000";"-19,000";"-86,4";"0,00";"0,00";"0,00";"27,64";"0,00";"378,46";"-350,82";"-92,7";"0,01";"-350,82";"-281,46";"0,000000";"0,000000";"0,000";"0,000";"0,000";"0,000"
"-23544,27";"MERCEARIA NAO ALIMENTOS \ BAZAR \ UTILIDADES \ PILHA E BATERIA";"0,000";"167,000";"0,000";"104,000";"63,000";"60,6";"-0,02";"0,00";"0,00";"1.279,67";"0,00";"1.057,61";"222,06";"21,0";"-0,01";"219,90";"170,68";"0,000000";"0,000000";"0,000";"0,000";"0,000";"0,000"
"-23705,98";"MERCEARIA NAO ALIMENTOS \ BAZAR \ UTILIDADES \ VELA";"0,000";"41,000";"0,000";"44,000";"-3,000";"-6,8";"0,00";"0,00";"0,00";"443,67";"0,00";"605,38";"-161,71";"-26,7";"0,01";"-158,05";"-112,93";"0,000000";"0,000000";"0,000";"0,000";"0,000";"0,000"
"-23637,51";"MERCEARIA NAO ALIMENTOS \ LIMPEZA \ BANHEIRO \ DESODORIZANTE SANITARIO";"0,000";"47,000";"0,000";"67,000";"-20,000";"-29,9";"0,01";"0,00";"0,00";"544,83";"0,00";"476,35";"68,47";"14,4";"0,00";"68,47";"90,23";"0,000000";"0,000000";"0,000";"0,000";"0,000";"0,000"
"-24239,70";"MERCEARIA NAO ALIMENTOS \ LIMPEZA \ BANHEIRO \ LIMPADORES DE BANHEIRO";"0,000";"22,000";"0,000";"86,000";"-64,000";"-74,4";"0,02";"0,00";"0,00";"282,89";"0,00";"885,08";"-602,19";"-68,0";"0,02";"-602,19";"-529,01";"0,000000";"0,000000";"0,000";"0,000";"0,000";"0,000"
"-24777,79";"MERCEARIA NAO ALIMENTOS \ LIMPEZA \ COZINHA \ DESENGORDURANTE";"0,000";"41,000";"0,000";"95,000";"-54,000";"-56,8";"0,01";"0,00";"0,00";"440,04";"0,00";"978,13";"-538,09";"-55,0";"0,02";"-538,56";"-515,64";"0,000000";"0,000000";"0,000";"0,000";"0,000";"0,000"
"-24993,37";"MERCEARIA NAO ALIMENTOS \ LIMPEZA \ COZINHA \ DESINFETANTE";"0,000";"2,000";"0,000";"27,000";"-25,000";"-92,6";"0,01";"0,00";"0,00";"16,64";"0,00";"232,23";"-215,58";"-92,8";"0,01";"-215,58";"-167,38";"0,000000";"0,000000";"0,000";"0,000";"0,000";"0,000"
"-28295,67";"MERCEARIA NAO ALIMENTOS \ LIMPEZA \ COZINHA \ DETERGENTE";"0,000";"596,000";"0,000";"2.529,000";"-1.933,000";"-76,4";"0,49";"0,00";"0,00";"1.139,60";"0,00";"4.441,90";"-3.302,30";"-74,3";"0,13";"-3.302,38";"-3.064,58";"0,000000";"0,000000";"0,000";"0,000";"0,000";"0,000"
"-28328,32";"MERCEARIA NAO ALIMENTOS \ LIMPEZA \ COZINHA \ KT LIMPADOR COZINHA";"0,000";"0,000";"0,000";"4,000";"-4,000";"-100,0";"0,00";"0,00";"0,00";"0,00";"0,00";"32,65";"-32,65";"-100,0";"0,00";"-32,65";"-31,94";"0,000000";"0,000000";"0,000";"0,000";"0,000";"0,000"
"-28325,30";"MERCEARIA NAO ALIMENTOS \ LIMPEZA \ COZINHA \ LIMPADOR";"0,000";"2,000";"0,000";"1,000";"1,000";"100,0";"0,00";"0,00";"0,00";"5,95";"0,00";"2,93";"3,02";"102,9";"0,00";"3,02";"2,77";"0,000000";"0,000000";"0,000";"0,000";"0,000";"0,000"
"-28361,42";"MERCEARIA NAO ALIMENTOS \ LIMPEZA \ COZINHA \ SABAO PASTOSO";"0,000";"0,000";"0,000";"9,000";"-9,000";"-100,0";"0,00";"0,00";"0,00";"0,00";"0,00";"36,12";"-36,12";"-100,0";"0,00";"-36,12";"-28,18";"0,000000";"0,000000";"0,000";"0,000";"0,000";"0,000"
"-28650,20";"MERCEARIA NAO ALIMENTOS \ LIMPEZA \ INSETICIDAS-REPELENTES \ INSETICIDA AEROSOL";"0,000";"0,000";"0,000";"26,000";"-26,000";"-100,0";"0,01";"0,00";"0,00";"0,00";"0,00";"288,78";"-288,78";"-100,0";"0,01";"-288,78";"-227,58";"0,000000";"0,000000";"0,000";"0,000";"0,000";"0,000"
"-28797,16";"MERCEARIA NAO ALIMENTOS \ LIMPEZA \ INSETICIDAS-REPELENTES \ INSETICIDA ELETRICO";"0,000";"0,000";"0,000";"3,000";"-3,000";"-100,0";"0,00";"0,00";"0,00";"0,00";"0,00";"146,96";"-146,96";"-100,0";"0,01";"-146,96";"-117,36";"0,000000";"0,000000";"0,000";"0,000";"0,000";"0,000"
"-28669,73";"MERCEARIA NAO ALIMENTOS \ LIMPEZA \ INSETICIDAS-REPELENTES \ INSETICIDA ISCA";"0,000";"12,000";"0,000";"2,000";"10,000";"500,0";"0,00";"0,00";"0,00";"171,81";"0,00";"44,38";"127,43";"287,2";"-0,01";"127,43";"101,00";"0,000000";"0,000000";"0,000";"0,000";"0,000";"0,000"
"-28738,59";"MERCEARIA NAO ALIMENTOS \ LIMPEZA \ INSETICIDAS-REPELENTES \ INSETICIDA LIQUIDO";"0,000";"7,000";"0,000";"11,000";"-4,000";"-36,4";"0,00";"0,00";"0,00";"124,72";"0,00";"193,58";"-68,86";"-35,6";"0,00";"-68,86";"-54,99";"0,000000";"0,000000";"0,000";"0,000";"0,000";"0,000"
"-28909,43";"MERCEARIA NAO ALIMENTOS \ LIMPEZA \ INSETICIDAS-REPELENTES \ KT REPELENTE";"0,000";"0,000";"0,000";"11,000";"-11,000";"-100,0";"0,00";"0,00";"0,00";"0,00";"0,00";"170,84";"-170,84";"-100,0";"0,01";"-170,84";"-136,44";"0,000000";"0,000000";"0,000";"0,000";"0,000";"0,000"
"-28885,38";"MERCEARIA NAO ALIMENTOS \ LIMPEZA \ INSETICIDAS-REPELENTES \ REPELENTE ELETRICO";"0,000";"2,000";"0,000";"1,000";"1,000";"100,0";"0,00";"0,00";"0,00";"36,70";"0,00";"12,65";"24,05";"190,0";"0,00";"24,05";"19,21";"0,000000";"0,000000";"0,000";"0,000";"0,000";"0,000"
"-30094,64";"MERCEARIA NAO ALIMENTOS \ LIMPEZA \ LIMPEZA GERAL \ AGUA SANITARIA";"0,000";"107,000";"0,000";"589,000";"-482,000";"-81,8";"0,12";"0,00";"0,00";"619,55";"0,00";"1.828,81";"-1.209,26";"-66,1";"0,05";"-1.209,27";"-1.159,37";"0,000000";"0,000000";"0,000";"0,000";"0,000";"0,000"
"-30141,96";"MERCEARIA NAO ALIMENTOS \ LIMPEZA \ LIMPEZA GERAL \ ALCOOL";"0,000";"20,000";"0,000";"33,000";"-13,000";"-39,4";"0,00";"0,00";"0,00";"146,95";"0,00";"194,27";"-47,32";"-24,4";"0,00";"-47,32";"-53,11";"0,000000";"0,000000";"0,000";"0,000";"0,000";"0,000"
"-30070,10";"MERCEARIA NAO ALIMENTOS \ LIMPEZA \ LIMPEZA GERAL \ ANTI MOFO - UMIDADE";"0,000";"16,000";"0,000";"4,000";"12,000";"300,0";"0,00";"0,00";"0,00";"105,88";"0,00";"34,02";"71,86";"211,3";"0,00";"72,82";"51,86";"0,000000";"0,000000";"0,000";"0,000";"0,000";"0,000"
"-30216,18";"MERCEARIA NAO ALIMENTOS \ LIMPEZA \ LIMPEZA GERAL \ AROMATIZANTE";"0,000";"0,000";"0,000";"15,000";"-15,000";"-100,0";"0,00";"0,00";"0,00";"0,00";"0,00";"146,08";"-146,08";"-100,0";"0,01";"-146,08";"-113,96";"0,000000";"0,000000";"0,000";"0,000";"0,000";"0,000"
"-30504,19";"MERCEARIA NAO ALIMENTOS \ LIMPEZA \ LIMPEZA GERAL \ CERA";"0,000";"35,000";"0,000";"62,000";"-27,000";"-43,5";"0,01";"0,00";"0,00";"357,56";"0,00";"645,57";"-288,01";"-44,6";"0,01";"-288,01";"-227,27";"0,000000";"0,000000";"0,000";"0,000";"0,000";"0,000"
"-30897,74";"MERCEARIA NAO ALIMENTOS \ LIMPEZA \ LIMPEZA GERAL \ CLORO";"0,000";"24,000";"0,000";"128,000";"-104,000";"-81,3";"0,03";"0,00";"0,00";"161,24";"0,00";"554,79";"-393,55";"-70,9";"0,02";"-390,32";"-386,95";"0,000000";"0,000000";"0,000";"0,000";"0,000";"0,000"
"-30521,19";"MERCEARIA NAO ALIMENTOS \ LIMPEZA \ LIMPEZA GERAL \ DESINFETANTE";"0,000";"360,000";"0,000";"567,000";"-207,000";"-36,5";"0,05";"0,00";"0,00";"3.183,90";"0,00";"2.807,35";"376,55";"13,4";"-0,02";"378,15";"386,13";"0,000000";"0,000000";"0,000";"0,000";"0,000";"0,000"
"-31943,23";"MERCEARIA NAO ALIMENTOS \ LIMPEZA \ LIMPEZA GERAL \ DESODORIZADOR-ODORIZADOR";"0,000";"65,000";"0,000";"147,000";"-82,000";"-55,8";"0,02";"0,00";"0,00";"851,73";"0,00";"2.273,77";"-1.422,04";"-62,5";"0,06";"-1.422,10";"-1.155,43";"0,000000";"0,000000";"0,000";"0,000";"0,000";"0,000"
"-31895,87";"MERCEARIA NAO ALIMENTOS \ LIMPEZA \ LIMPEZA GERAL \ DESOMIDIFICANTE-NAFTALINA";"0,000";"31,000";"0,000";"31,000";"0,000";"0,0";"0,00";"0,00";"0,00";"342,05";"0,00";"294,68";"47,36";"16,1";"0,00";"47,36";"34,42";"0,000000";"0,000000";"0,000";"0,000";"0,000";"0,000"
"-32469,96";"MERCEARIA NAO ALIMENTOS \ LIMPEZA \ LIMPEZA GERAL \ KT LIMPEZA";"0,000";"61,000";"0,000";"152,000";"-91,000";"-59,9";"0,02";"0,00";"0,00";"486,19";"0,00";"1.060,29";"-574,09";"-54,1";"0,02";"-574,09";"-581,20";"0,000000";"0,000000";"0,000";"0,000";"0,000";"0,000"
"-33948,68";"MERCEARIA NAO ALIMENTOS \ LIMPEZA \ LIMPEZA GERAL \ LIMPADOR MULTI USO";"0,000";"250,000";"0,000";"659,000";"-409,000";"-62,1";"0,10";"0,00";"0,00";"1.054,29";"0,00";"2.533,02";"-1.478,72";"-58,4";"0,06";"-1.478,54";"-1.356,92";"0,000000";"0,000000";"0,000";"0,000";"0,000";"0,000"
"-34278,87";"MERCEARIA NAO ALIMENTOS \ LIMPEZA \ LIMPEZA GERAL \ LIMPADOR PERFUMADO";"0,000";"150,000";"0,000";"221,000";"-71,000";"-32,1";"0,02";"0,00";"0,00";"629,97";"0,00";"960,16";"-330,19";"-34,4";"0,01";"-330,66";"-307,98";"0,000000";"0,000000";"0,000";"0,000";"0,000";"0,000"
"-34996,21";"MERCEARIA NAO ALIMENTOS \ LIMPEZA \ LIMPEZA GERAL \ LIMPADOR USO GERAL";"0,000";"39,000";"0,000";"97,000";"-58,000";"-59,8";"0,01";"0,00";"0,00";"343,97";"0,00";"1.061,31";"-717,34";"-67,6";"0,03";"-717,34";"-672,45";"0,000000";"0,000000";"0,000";"0,000";"0,000";"0,000"
"-34477,92";"MERCEARIA NAO ALIMENTOS \ LIMPEZA \ LIMPEZA GERAL \ LUSTRA MOVEIS";"0,000";"92,000";"0,000";"32,000";"60,000";"187,5";"-0,02";"0,00";"0,00";"710,01";"0,00";"191,71";"518,29";"270,3";"-0,02";"518,29";"410,87";"0,000000";"0,000000";"0,000";"0,000";"0,000";"0,000"
"-34503,47";"MERCEARIA NAO ALIMENTOS \ LIMPEZA \ LIMPEZA GERAL \ OLEOS";"0,000";"0,000";"0,000";"3,000";"-3,000";"-100,0";"0,00";"0,00";"0,00";"0,00";"0,00";"25,55";"-25,55";"-100,0";"0,00";"-25,50";"-20,82";"0,000000";"0,000000";"0,000";"0,000";"0,000";"0,000"
"-34533,11";"MERCEARIA NAO ALIMENTOS \ LIMPEZA \ LIMPEZA GERAL \ POLIDOR";"0,000";"0,000";"0,000";"1,000";"-1,000";"-100,0";"0,00";"0,00";"0,00";"0,00";"0,00";"29,64";"-29,64";"-100,0";"0,00";"-29,64";"-23,67";"0,000000";"0,000000";"0,000";"0,000";"0,000";"0,000"
"-34629,91";"MERCEARIA NAO ALIMENTOS \ LIMPEZA \ LIMPEZA GERAL \ REMOVEDOR";"0,000";"2,000";"0,000";"11,000";"-9,000";"-81,8";"0,00";"0,00";"0,00";"18,37";"0,00";"115,17";"-96,80";"-84,0";"0,00";"-96,80";"-90,84";"0,000000";"0,000000";"0,000";"0,000";"0,000";"0,000"
"-33461,72";"MERCEARIA NAO ALIMENTOS \ LIMPEZA \ LIMPEZA GERAL \ SAPONACEO";"0,000";"235,000";"0,000";"94,000";"141,000";"150,0";"-0,04";"0,00";"0,00";"2.104,17";"0,00";"935,98";"1.168,19";"124,8";"-0,05";"1.173,46";"929,86";"0,000000";"0,000000";"0,000";"0,000";"0,000";"0,000"
"-33447,45";"MERCEARIA NAO ALIMENTOS \ LIMPEZA \ LIMPEZA GERAL \ SOLVENTE";"0,000";"1,000";"0,000";"0,000";"1,000";"";"0,00";"0,00";"0,00";"14,27";"0,00";"0,00";"14,27";"";"0,00";"14,27";"11,69";"0,000000";"0,000000";"0,000";"0,000";"0,000";"0,000"
"-33553,44";"MERCEARIA NAO ALIMENTOS \ LIMPEZA \ ROUPAS \ AMACIANTE CONCENTRADO";"0,000";"91,000";"0,000";"195,000";"-104,000";"-53,3";"0,03";"0,00";"0,00";"1.080,32";"0,00";"1.186,31";"-105,99";"-8,9";"0,00";"-105,22";"-96,42";"0,000000";"0,000000";"0,000";"0,000";"0,000";"0,000"
"-33850,85";"MERCEARIA NAO ALIMENTOS \ LIMPEZA \ ROUPAS \ AMACIANTE DILUIDO";"0,000";"80,000";"0,000";"163,000";"-83,000";"-50,9";"0,02";"0,00";"0,00";"836,52";"0,00";"1.133,93";"-297,41";"-26,2";"0,01";"-297,41";"-294,15";"0,000000";"0,000000";"0,000";"0,000";"0,000";"0,000"
"-33725,48";"MERCEARIA NAO ALIMENTOS \ LIMPEZA \ ROUPAS \ ANTI UMIDADE";"0,000";"11,000";"0,000";"0,000";"11,000";"";"0,00";"0,00";"0,00";"125,37";"0,00";"0,00";"125,37";"";"0,00";"125,37";"125,37";"0,000000";"0,000000";"0,000";"0,000";"0,000";"0,000"
"-33434,52";"MERCEARIA NAO ALIMENTOS \ LIMPEZA \ ROUPAS \ FACILITADOR DE ROUPA";"0,000";"36,000";"0,000";"24,000";"12,000";"50,0";"0,00";"0,00";"0,00";"753,91";"0,00";"462,95";"290,96";"62,9";"-0,01";"290,96";"243,16";"0,000000";"0,000000";"0,000";"0,000";"0,000";"0,000"
"-33748,55";"MERCEARIA NAO ALIMENTOS \ LIMPEZA \ ROUPAS \ KIT ROUPAS";"0,000";"0,000";"0,000";"11,000";"-11,000";"-100,0";"0,00";"0,00";"0,00";"0,00";"0,00";"314,03";"-314,03";"-100,0";"0,01";"-314,03";"-295,18";"0,000000";"0,000000";"0,000";"0,000";"0,000";"0,000"
"-33741,94";"MERCEARIA NAO ALIMENTOS \ LIMPEZA \ ROUPAS \ SABAO BARRA";"0,000";"129,000";"0,000";"153,000";"-24,000";"-15,7";"0,01";"0,00";"0,00";"383,27";"0,00";"376,65";"6,61";"1,8";"0,00";"6,61";"-8,46";"0,000000";"0,000000";"0,000";"0,000";"0,000";"0,000"
"-30158,30";"MERCEARIA NAO ALIMENTOS \ LIMPEZA \ ROUPAS \ SABAO LIQUIDO";"0,000";"657,000";"0,000";"389,000";"268,000";"68,9";"-0,07";"0,00";"0,00";"10.266,00";"0,00";"6.682,36";"3.583,64";"53,6";"-0,14";"3.593,94";"3.553,79";"0,000000";"0,000000";"0,000";"0,000";"0,000";"0,000"
"-40947,62";"MERCEARIA NAO ALIMENTOS \ LIMPEZA \ ROUPAS \ SABAO PO";"0,000";"102,000";"0,000";"959,000";"-857,000";"-89,4";"0,22";"0,00";"0,00";"773,00";"0,00";"11.562,33";"-10.789,32";"-93,3";"0,43";"-10.760,45";"-9.931,48";"0,000000";"0,000000";"0,000";"0,000";"0,000";"0,000"
"-42186,15";"MERCEARIA NAO ALIMENTOS \ LIMPEZA \ ROUPAS \ TIRA MANCHAS-FERRUG-PELO";"0,000";"91,000";"0,000";"193,000";"-102,000";"-52,8";"0,03";"0,00";"0,00";"743,41";"0,00";"1.981,94";"-1.238,53";"-62,5";"0,05";"-1.238,53";"-1.107,47";"0,000000";"0,000000";"0,000";"0,000";"0,000";"0,000"
"-42694,21";"MERCEARIA NAO ALIMENTOS \ PERFUMARIA \ DEPILACO \ APARELHO BARBEAR";"0,000";"14,000";"0,000";"81,000";"-67,000";"-82,7";"0,02";"0,00";"0,00";"189,15";"0,00";"697,21";"-508,06";"-72,9";"0,02";"-508,07";"-500,56";"0,000000";"0,000000";"0,000";"0,000";"0,000";"0,000"
"-43651,24";"MERCEARIA NAO ALIMENTOS \ PERFUMARIA \ DEPILACO \ APARELHO DEPILAR";"0,000";"37,000";"0,000";"54,000";"-17,000";"-31,5";"0,00";"0,00";"0,00";"358,61";"0,00";"1.315,63";"-957,03";"-72,7";"0,04";"-957,03";"-875,80";"0,000000";"0,000000";"0,000";"0,000";"0,000";"0,000"
"-43670,39";"MERCEARIA NAO ALIMENTOS \ PERFUMARIA \ DEPILACO \ BALSAMO";"0,000";"0,000";"0,000";"1,000";"-1,000";"-100,0";"0,00";"0,00";"0,00";"0,00";"0,00";"19,15";"-19,15";"-100,0";"0,00";"-19,15";"-19,15";"0,000000";"0,000000";"0,000";"0,000";"0,000";"0,000"
"-44176,86";"MERCEARIA NAO ALIMENTOS \ PERFUMARIA \ DEPILACO \ CARGAS-LAMINAS";"0,000";"0,000";"0,000";"21,000";"-21,000";"-100,0";"0,01";"0,00";"0,00";"0,00";"0,00";"506,47";"-506,47";"-100,0";"0,02";"-506,47";"-484,64";"0,000000";"0,000000";"0,000";"0,000";"0,000";"0,000"
"-44181,37";"MERCEARIA NAO ALIMENTOS \ PERFUMARIA \ FARMACIA \ AGUA OXIGENADA";"0,000";"0,000";"0,000";"3,000";"-3,000";"-100,0";"0,00";"0,00";"0,00";"0,00";"0,00";"4,51";"-4,51";"-100,0";"0,00";"-4,51";"-4,51";"0,000000";"0,000000";"0,000";"0,000";"0,000";"0,000"
"-44188,90";"MERCEARIA NAO ALIMENTOS \ PERFUMARIA \ FARMACIA \ ALGODAO";"0,000";"2,000";"0,000";"6,000";"-4,000";"-66,7";"0,00";"0,00";"0,00";"6,00";"0,00";"13,53";"-7,53";"-55,7";"0,00";"-7,53";"-5,98";"0,000000";"0,000000";"0,000";"0,000";"0,000";"0,000"
"-44165,97";"MERCEARIA NAO ALIMENTOS \ PERFUMARIA \ FARMACIA \ CREME";"0,000";"1,000";"0,000";"0,000";"1,000";"";"0,00";"0,00";"0,00";"22,93";"0,00";"0,00";"22,93";"";"0,00";"22,93";"22,93";"0,000000";"0,000000";"0,000";"0,000";"0,000";"0,000"
"-44184,41";"MERCEARIA NAO ALIMENTOS \ PERFUMARIA \ FARMACIA \ CURATIVO";"0,000";"0,000";"0,000";"2,000";"-2,000";"-100,0";"0,00";"0,00";"0,00";"0,00";"0,00";"18,44";"-18,44";"-100,0";"0,00";"-18,44";"-17,28";"0,000000";"0,000000";"0,000";"0,000";"0,000";"0,000"
"-44604,51";"MERCEARIA NAO ALIMENTOS \ PERFUMARIA \ FARMACIA \ HASTE FLEXIVEL";"0,000";"9,000";"0,000";"306,000";"-297,000";"-97,1";"0,08";"0,00";"0,00";"37,31";"0,00";"457,42";"-420,10";"-91,8";"0,02";"-420,10";"-383,81";"0,000000";"0,000000";"0,000";"0,000";"0,000";"0,000"
"-44647,61";"MERCEARIA NAO ALIMENTOS \ PERFUMARIA \ FARMACIA \ PRESERVATIVOS";"0,000";"0,000";"0,000";"2,000";"-2,000";"-100,0";"0,00";"0,00";"0,00";"0,00";"0,00";"43,10";"-43,10";"-100,0";"0,00";"-43,10";"-39,11";"0,000000";"0,000000";"0,000";"0,000";"0,000";"0,000"
"-46139,68";"MERCEARIA NAO ALIMENTOS \ PERFUMARIA \ FRALDA INFANTIL \ FRALDAS DESCART INFANTIL";"0,000";"17,000";"0,000";"45,000";"-28,000";"-62,2";"0,01";"0,00";"0,00";"1.113,75";"0,00";"2.605,82";"-1.492,07";"-57,3";"0,06";"-1.492,07";"-1.383,62";"0,000000";"0,000000";"0,000";"0,000";"0,000";"0,000"
"-47148,72";"MERCEARIA NAO ALIMENTOS \ PERFUMARIA \ HIGIENE INTIMA \ ABSORVENTE";"0,000";"66,000";"0,000";"250,000";"-184,000";"-73,6";"0,05";"0,00";"0,00";"392,15";"0,00";"1.401,19";"-1.009,04";"-72,0";"0,04";"-1.009,04";"-935,97";"0,000000";"0,000000";"0,000";"0,000";"0,000";"0,000"
"-47120,07";"MERCEARIA NAO ALIMENTOS \ PERFUMARIA \ HIGIENE INTIMA \ PROTETOR INTIMO";"0,000";"18,000";"0,000";"18,000";"0,000";"0,0";"0,00";"0,00";"0,00";"260,43";"0,00";"231,78";"28,65";"12,4";"0,00";"28,65";"25,39";"0,000000";"0,000000";"0,000";"0,000";"0,000";"0,000"
"-48969,60";"MERCEARIA NAO ALIMENTOS \ PERFUMARIA \ HIGIENE ORAL \ CREME-GEL DENTAL";"0,000";"664,000";"0,000";"727,000";"-63,000";"-8,7";"0,02";"0,00";"0,00";"4.529,87";"0,00";"6.379,41";"-1.849,53";"-29,0";"0,07";"-1.847,90";"-1.714,11";"0,000000";"0,000000";"0,000";"0,000";"0,000";"0,000"
"-49982,72";"MERCEARIA NAO ALIMENTOS \ PERFUMARIA \ HIGIENE ORAL \ ENXAGUANTE BUCAL";"0,000";"6,000";"0,000";"68,000";"-62,000";"-91,2";"0,02";"0,00";"0,00";"91,64";"0,00";"1.104,77";"-1.013,12";"-91,7";"0,04";"-1.013,01";"-1.013,01";"0,000000";"0,000000";"0,000";"0,000";"0,000";"0,000"
"-49089,14";"MERCEARIA NAO ALIMENTOS \ PERFUMARIA \ HIGIENE ORAL \ ESCOVA DENTAL";"0,000";"138,000";"0,000";"27,000";"111,000";"411,1";"-0,03";"0,00";"0,00";"1.203,31";"0,00";"309,73";"893,58";"288,5";"-0,04";"893,59";"864,09";"0,000000";"0,000000";"0,000";"0,000";"0,000";"0,000"
"-48966,23";"MERCEARIA NAO ALIMENTOS \ PERFUMARIA \ HIGIENE ORAL \ FIO E FITA DENTAL";"0,000";"7,000";"0,000";"1,000";"6,000";"600,0";"0,00";"0,00";"0,00";"135,11";"0,00";"12,20";"122,91";"1.007,8";"0,00";"122,91";"122,91";"0,000000";"0,000000";"0,000";"0,000";"0,000";"0,000"
"-49549,14";"MERCEARIA NAO ALIMENTOS \ PERFUMARIA \ LENCOS-TOALHA \ LENCO PAPEL";"0,000";"0,000";"0,000";"151,000";"-151,000";"-100,0";"0,04";"0,00";"0,00";"0,00";"0,00";"582,91";"-582,91";"-100,0";"0,02";"-582,91";"-582,63";"0,000000";"0,000000";"0,000";"0,000";"0,000";"0,000"
"-49443,44";"MERCEARIA NAO ALIMENTOS \ PERFUMARIA \ LENCOS-TOALHA \ LENCO-TOALHA UMEDECIDO";"0,000";"22,000";"0,000";"12,000";"10,000";"83,3";"0,00";"0,00";"0,00";"265,42";"0,00";"159,72";"105,70";"66,2";"0,00";"105,70";"105,70";"0,000000";"0,000000";"0,000";"0,000";"0,000";"0,000"
"-49498,07";"MERCEARIA NAO ALIMENTOS \ PERFUMARIA \ LINHA CAPILAR \ CONDICIONADOR";"0,000";"21,000";"0,000";"27,000";"-6,000";"-22,2";"0,00";"0,00";"0,00";"291,38";"0,00";"346,02";"-54,63";"-15,8";"0,00";"-54,63";"-54,63";"0,000000";"0,000000";"0,000";"0,000";"0,000";"0,000"
"-49504,14";"MERCEARIA NAO ALIMENTOS \ PERFUMARIA \ LINHA CAPILAR \ CREME HIDRATACAO";"0,000";"8,000";"0,000";"8,000";"0,000";"0,0";"0,00";"0,00";"0,00";"54,49";"0,00";"60,57";"-6,07";"-10,0";"0,00";"-6,07";"-6,07";"0,000000";"0,000000";"0,000";"0,000";"0,000";"0,000"
"-49831,71";"MERCEARIA NAO ALIMENTOS \ PERFUMARIA \ LINHA CAPILAR \ CREME PENTEAR";"0,000";"17,000";"0,000";"62,000";"-45,000";"-72,6";"0,01";"0,00";"0,00";"184,28";"0,00";"511,85";"-327,57";"-64,0";"0,01";"-327,57";"-327,57";"0,000000";"0,000000";"0,000";"0,000";"0,000";"0,000"
"-49882,81";"MERCEARIA NAO ALIMENTOS \ PERFUMARIA \ LINHA CAPILAR \ FINALIZACAO";"0,000";"0,000";"0,000";"2,000";"-2,000";"-100,0";"0,00";"0,00";"0,00";"0,00";"0,00";"51,10";"-51,10";"-100,0";"0,00";"-51,10";"-51,10";"0,000000";"0,000000";"0,000";"0,000";"0,000";"0,000"
"-50046,12";"MERCEARIA NAO ALIMENTOS \ PERFUMARIA \ LINHA CAPILAR \ GEL E FIXADOR";"0,000";"0,000";"0,000";"14,000";"-14,000";"-100,0";"0,00";"0,00";"0,00";"0,00";"0,00";"163,31";"-163,31";"-100,0";"0,01";"-163,31";"-163,31";"0,000000";"0,000000";"0,000";"0,000";"0,000";"0,000"
"-50810,34";"MERCEARIA NAO ALIMENTOS \ PERFUMARIA \ LINHA CAPILAR \ KIT CAPILAR";"0,000";"54,000";"0,000";"106,000";"-52,000";"-49,1";"0,01";"0,00";"0,00";"666,61";"0,00";"1.430,83";"-764,22";"-53,4";"0,03";"-764,22";"-764,22";"0,000000";"0,000000";"0,000";"0,000";"0,000";"0,000"
"-51405,81";"MERCEARIA NAO ALIMENTOS \ PERFUMARIA \ LINHA CAPILAR \ MASCARA CAPILAR";"0,000";"0,000";"0,000";"25,000";"-25,000";"-100,0";"0,01";"0,00";"0,00";"0,00";"0,00";"595,47";"-595,47";"-100,0";"0,02";"-595,47";"-595,47";"0,000000";"0,000000";"0,000";"0,000";"0,000";"0,000"
"-51510,15";"MERCEARIA NAO ALIMENTOS \ PERFUMARIA \ LINHA CAPILAR \ OLEO CAPILAR";"0,000";"1,000";"0,000";"10,000";"-9,000";"-90,0";"0,00";"0,00";"0,00";"6,22";"0,00";"110,56";"-104,34";"-94,4";"0,00";"-104,34";"-104,34";"0,000000";"0,000000";"0,000";"0,000";"0,000";"0,000"
"-51604,83";"MERCEARIA NAO ALIMENTOS \ PERFUMARIA \ LINHA CAPILAR \ PO DESCOLORANTE";"0,000";"0,000";"0,000";"36,000";"-36,000";"-100,0";"0,01";"0,00";"0,00";"0,00";"0,00";"94,68";"-94,68";"-100,0";"0,00";"-94,68";"-94,68";"0,000000";"0,000000";"0,000";"0,000";"0,000";"0,000"
"-52515,21";"MERCEARIA NAO ALIMENTOS \ PERFUMARIA \ LINHA CAPILAR \ SHAMPOO";"0,000";"66,000";"0,000";"148,000";"-82,000";"-55,4";"0,02";"0,00";"0,00";"717,25";"0,00";"1.627,63";"-910,38";"-55,9";"0,04";"-910,38";"-910,38";"0,000000";"0,000000";"0,000";"0,000";"0,000";"0,000"
"-52503,26";"MERCEARIA NAO ALIMENTOS \ PERFUMARIA \ LINHA CAPILAR \ TINTURA";"0,000";"5,000";"0,000";"4,000";"1,000";"25,0";"0,00";"0,00";"0,00";"43,47";"0,00";"31,52";"11,95";"37,9";"0,00";"11,95";"11,95";"0,000000";"0,000000";"0,000";"0,000";"0,000";"0,000"
"-52376,33";"MERCEARIA NAO ALIMENTOS \ PERFUMARIA \ LINHA CAPILAR \ TRATAMENTO CAPILAR";"0,000";"15,000";"0,000";"6,000";"9,000";"150,0";"0,00";"0,00";"0,00";"220,70";"0,00";"93,77";"126,93";"135,4";"-0,01";"126,93";"126,93";"0,000000";"0,000000";"0,000";"0,000";"0,000";"0,000"
"-52405,57";"MERCEARIA NAO ALIMENTOS \ PERFUMARIA \ LINHA CORPORAL \ COLONIA E PERFUME";"0,000";"0,000";"0,000";"1,000";"-1,000";"-100,0";"0,00";"0,00";"0,00";"0,00";"0,00";"29,24";"-29,24";"-100,0";"0,00";"-29,24";"-29,24";"0,000000";"0,000000";"0,000";"0,000";"0,000";"0,000"
"-52460,37";"MERCEARIA NAO ALIMENTOS \ PERFUMARIA \ LINHA CORPORAL \ CREME HIDRATANTE";"0,000";"0,000";"0,000";"3,000";"-3,000";"-100,0";"0,00";"0,00";"0,00";"0,00";"0,00";"54,80";"-54,80";"-100,0";"0,00";"-54,80";"-54,80";"0,000000";"0,000000";"0,000";"0,000";"0,000";"0,000"
"-54139,02";"MERCEARIA NAO ALIMENTOS \ PERFUMARIA \ LINHA CORPORAL \ DESODORANTE AEROSOL";"0,000";"89,000";"0,000";"287,000";"-198,000";"-69,0";"0,05";"0,00";"0,00";"745,11";"0,00";"2.423,76";"-1.678,65";"-69,3";"0,07";"-1.677,09";"-1.677,09";"0,000000";"0,000000";"0,000";"0,000";"0,000";"0,000"
"-54879,55";"MERCEARIA NAO ALIMENTOS \ PERFUMARIA \ LINHA CORPORAL \ DESODORANTE CREME";"0,000";"42,000";"0,000";"220,000";"-178,000";"-80,9";"0,04";"0,00";"0,00";"139,58";"0,00";"880,10";"-740,53";"-84,1";"0,03";"-740,53";"-740,53";"0,000000";"0,000000";"0,000";"0,000";"0,000";"0,000"
"-55127,70";"MERCEARIA NAO ALIMENTOS \ PERFUMARIA \ LINHA CORPORAL \ DESODORANTE GEL";"0,000";"0,000";"0,000";"11,000";"-11,000";"-100,0";"0,00";"0,00";"0,00";"0,00";"0,00";"248,15";"-248,15";"-100,0";"0,01";"-248,15";"-248,15";"0,000000";"0,000000";"0,000";"0,000";"0,000";"0,000"
"-55284,78";"MERCEARIA NAO ALIMENTOS \ PERFUMARIA \ LINHA CORPORAL \ DESODORANTE ROLLON";"0,000";"3,000";"0,000";"26,000";"-23,000";"-88,5";"0,01";"0,00";"0,00";"22,34";"0,00";"179,42";"-157,08";"-87,5";"0,01";"-157,08";"-157,08";"0,000000";"0,000000";"0,000";"0,000";"0,000";"0,000"
"-55278,91";"MERCEARIA NAO ALIMENTOS \ PERFUMARIA \ LINHA CORPORAL \ DESODORANTE SPRAY";"0,000";"1,000";"0,000";"0,000";"1,000";"";"0,00";"0,00";"0,00";"5,87";"0,00";"0,00";"5,87";"";"0,00";"5,87";"5,87";"0,000000";"0,000000";"0,000";"0,000";"0,000";"0,000"
"-55293,76";"MERCEARIA NAO ALIMENTOS \ PERFUMARIA \ LINHA CORPORAL \ ESPONJA E BUCHA";"0,000";"0,000";"0,000";"2,000";"-2,000";"-100,0";"0,00";"0,00";"0,00";"0,00";"0,00";"14,85";"-14,85";"-100,0";"0,00";"-14,85";"-11,82";"0,000000";"0,000000";"0,000";"0,000";"0,000";"0,000"
"-55441,67";"MERCEARIA NAO ALIMENTOS \ PERFUMARIA \ LINHA CORPORAL \ KIT CORPORAL";"0,000";"0,000";"0,000";"9,000";"-9,000";"-100,0";"0,00";"0,00";"0,00";"0,00";"0,00";"147,91";"-147,91";"-100,0";"0,01";"-147,91";"-147,91";"0,000000";"0,000000";"0,000";"0,000";"0,000";"0,000"
"-55755,14";"MERCEARIA NAO ALIMENTOS \ PERFUMARIA \ LINHA CORPORAL \ LOCAO HIDRATANTE-CORPORAL";"0,000";"2,000";"0,000";"28,000";"-26,000";"-92,9";"0,01";"0,00";"0,00";"17,12";"0,00";"330,60";"-313,47";"-94,8";"0,01";"-313,46";"-313,46";"0,000000";"0,000000";"0,000";"0,000";"0,000";"0,000"
"-55774,95";"MERCEARIA NAO ALIMENTOS \ PERFUMARIA \ LINHA CORPORAL \ OLEO CORPORAL";"0,000";"0,000";"0,000";"2,000";"-2,000";"-100,0";"0,00";"0,00";"0,00";"0,00";"0,00";"19,81";"-19,81";"-100,0";"0,00";"-19,81";"-19,81";"0,000000";"0,000000";"0,000";"0,000";"0,000";"0,000"
"-55631,55";"MERCEARIA NAO ALIMENTOS \ PERFUMARIA \ LINHA CORPORAL \ REPELENTE";"0,000";"12,000";"0,000";"1,000";"11,000";"1.100,0";"0,00";"0,00";"0,00";"158,52";"0,00";"15,12";"143,40";"948,3";"-0,01";"143,40";"118,70";"0,000000";"0,000000";"0,000";"0,000";"0,000";"0,000"
"-57649,84";"MERCEARIA NAO ALIMENTOS \ PERFUMARIA \ LINHA CORPORAL \ SABONETE";"0,000";"588,000";"0,000";"562,000";"26,000";"4,6";"-0,01";"0,00";"0,00";"1.353,54";"0,00";"3.371,82";"-2.018,29";"-59,9";"0,08";"-2.017,96";"-1.749,08";"0,000000";"0,000000";"0,000";"0,000";"0,000";"0,000"
"-57637,31";"MERCEARIA NAO ALIMENTOS \ PERFUMARIA \ LINHA CORPORAL \ TALCO";"0,000";"1,000";"0,000";"0,000";"1,000";"";"0,00";"0,00";"0,00";"12,53";"0,00";"0,00";"12,53";"";"0,00";"12,53";"12,53";"0,000000";"0,000000";"0,000";"0,000";"0,000";"0,000"
"-57660,01";"MERCEARIA NAO ALIMENTOS \ PERFUMARIA \ LINHA FACIAL \ ACESSORIO FACIAL";"0,000";"0,000";"0,000";"1,000";"-1,000";"-100,0";"0,00";"0,00";"0,00";"0,00";"0,00";"22,70";"-22,70";"-100,0";"0,00";"-22,70";"-18,13";"0,000000";"0,000000";"0,000";"0,000";"0,000";"0,000"
"-57755,51";"MERCEARIA NAO ALIMENTOS \ PERFUMARIA \ LINHA FACIAL \ GEL HIDRATANTE";"0,000";"0,000";"0,000";"5,000";"-5,000";"-100,0";"0,00";"0,00";"0,00";"0,00";"0,00";"95,50";"-95,50";"-100,0";"0,00";"-95,50";"-95,50";"0,000000";"0,000000";"0,000";"0,000";"0,000";"0,000"
"-57866,33";"MERCEARIA NAO ALIMENTOS \ PERFUMARIA \ LINHA FACIAL \ SABONETE FACIAL";"0,000";"1,000";"0,000";"12,000";"-11,000";"-91,7";"0,00";"0,00";"0,00";"8,94";"0,00";"119,76";"-110,82";"-92,5";"0,00";"-110,82";"-86,47";"0,000000";"0,000000";"0,000";"0,000";"0,000";"0,000"
"-61974,61";"MERCEARIA NAO ALIMENTOS \ PERFUMARIA \ PAPEL HIGIENICO \ FOLHA DUPLA";"0,000";"212,000";"0,000";"597,000";"-385,000";"-64,5";"0,10";"0,00";"0,00";"1.232,05";"0,00";"5.340,33";"-4.108,28";"-76,9";"0,16";"-4.108,76";"-3.821,15";"0,000000";"0,000000";"0,000";"0,000";"0,000";"0,000"
"-62098,37";"MERCEARIA NAO ALIMENTOS \ PERFUMARIA \ PAPEL HIGIENICO \ FOLHA QUDRUPLA";"0,000";"0,000";"0,000";"7,000";"-7,000";"-100,0";"0,00";"0,00";"0,00";"0,00";"0,00";"123,76";"-123,76";"-100,0";"0,00";"-123,76";"-115,10";"0,000000";"0,000000";"0,000";"0,000";"0,000";"0,000"
"-68517,91";"MERCEARIA NAO ALIMENTOS \ PERFUMARIA \ PAPEL HIGIENICO \ FOLHA TRIPLA";"0,000";"28,000";"0,000";"525,000";"-497,000";"-94,7";"0,13";"0,00";"0,00";"358,07";"0,00";"6.777,61";"-6.419,54";"-94,7";"0,26";"-6.407,00";"-5.958,51";"0,000000";"0,000000";"0,000";"0,000";"0,000";"0,000"
"-68547,33";"MERCEARIA NAO ALIMENTOS \ PERFUMARIA \ PES E MAOS \ ACETONA-REMOVEDOR";"0,000";"0,000";"0,000";"14,000";"-14,000";"-100,0";"0,00";"0,00";"0,00";"0,00";"0,00";"29,42";"-29,42";"-100,0";"0,00";"-29,42";"-29,42";"0,000000";"0,000000";"0,000";"0,000";"0,000";"0,000"
"-68613,67";"MERCEARIA NAO ALIMENTOS \ PERFUMARIA \ PES E MAOS \ ESMALTE";"0,000";"10,000";"0,000";"27,000";"-17,000";"-63,0";"0,00";"0,00";"0,00";"36,97";"0,00";"103,31";"-66,34";"-64,2";"0,00";"-66,34";"-66,34";"0,000000";"0,000000";"0,000";"0,000";"0,000";"0,000"
"-68722,47";"MERCEARIA NAO ALIMENTOS \ PERFUMARIA \ PES E MAOS \ HIGIENIZADOR";"0,000";"0,000";"0,000";"10,000";"-10,000";"-100,0";"0,00";"0,00";"0,00";"0,00";"0,00";"108,80";"-108,80";"-100,0";"0,00";"-108,80";"-84,87";"0,000000";"0,000000";"0,000";"0,000";"0,000";"0,000"
"-68658,58";"MERCEARIA NAO ALIMENTOS \ PERFUMARIA \ PES E MAOS \ TALCO";"0,000";"11,000";"0,000";"0,000";"11,000";"";"0,00";"0,00";"0,00";"63,89";"0,00";"0,00";"63,89";"";"0,00";"63,89";"63,89";"0,000000";"0,000000";"0,000";"0,000";"0,000";"0,000"
"-68658,79";"MERCEARIA NAO ALIMENTOS \ PETSHOP \ ACESSORIOS PET \ ACESSORIOS PET";"0,000";"1,000";"0,000";"1,000";"0,000";"0,0";"0,00";"0,00";"0,00";"17,05";"0,00";"17,26";"-0,21";"-1,2";"0,00";"-0,21";"2,59";"0,000000";"0,000000";"0,000";"0,000";"0,000";"0,000"
"-68818,04";"MERCEARIA NAO ALIMENTOS \ PETSHOP \ ALIMENTOS CAES \ PETISCOS CAES";"0,000";"3,000";"0,000";"12,000";"-9,000";"-75,0";"0,00";"0,00";"0,00";"12,60";"0,00";"171,85";"-159,25";"-92,7";"0,01";"-159,25";"-146,32";"0,000000";"0,000000";"0,000";"0,000";"0,000";"0,000"
"-68782,78";"MERCEARIA NAO ALIMENTOS \ PETSHOP \ ALIMENTOS CAES \ RACAO SECA CAES";"0,000";"8,000";"0,000";"3,000";"5,000";"166,7";"0,00";"0,00";"0,00";"72,24";"0,00";"36,98";"35,26";"95,3";"0,00";"35,26";"31,60";"0,000000";"0,000000";"0,000";"0,000";"0,000";"0,000"
"-68444,85";"MERCEARIA NAO ALIMENTOS \ PETSHOP \ ALIMENTOS CAES \ RACAO UMIDA CAES";"0,000";"108,000";"0,000";"0,000";"108,000";"";"-0,03";"0,00";"0,00";"337,93";"0,00";"0,00";"337,93";"";"-0,01";"350,25";"321,19";"0,000000";"0,000000";"0,000";"0,000";"0,000";"0,000"
"-68494,20";"MERCEARIA NAO ALIMENTOS \ PETSHOP \ ALIMENTOS GATOS \ PETISCOS GATOS";"0,000";"0,000";"0,000";"6,000";"-6,000";"-100,0";"0,00";"0,00";"0,00";"0,00";"0,00";"49,35";"-49,35";"-100,0";"0,00";"-49,35";"-45,32";"0,000000";"0,000000";"0,000";"0,000";"0,000";"0,000"
"-68620,84";"MERCEARIA NAO ALIMENTOS \ PETSHOP \ ALIMENTOS GATOS \ RACAO SECA GATOS";"0,000";"2,000";"0,000";"7,000";"-5,000";"-71,4";"0,00";"0,00";"0,00";"18,38";"0,00";"145,02";"-126,64";"-87,3";"0,01";"-126,64";"-116,56";"0,000000";"0,000000";"0,000";"0,000";"0,000";"0,000"
"-67976,58";"MERCEARIA NAO ALIMENTOS \ PETSHOP \ ALIMENTOS GATOS \ RACAO UMIDA GATOS";"0,000";"308,000";"0,000";"4,000";"304,000";"7.600,0";"-0,08";"0,00";"0,00";"660,33";"0,00";"16,07";"644,26";"4.007,9";"-0,03";"644,26";"591,31";"0,000000";"0,000000";"0,000";"0,000";"0,000";"0,000"
"-68123,35";"MERCEARIA NAO ALIMENTOS \ PETSHOP \ ALIMENTOS OUTROS ANIMAIS \ ALIMENTOS OUTROS ANIMAIS";"0,000";"2,000";"0,000";"15,000";"-13,000";"-86,7";"0,00";"0,00";"0,00";"9,43";"0,00";"156,19";"-146,77";"-94,0";"0,01";"-146,77";"-145,11";"0,000000";"0,000000";"0,000";"0,000";"0,000";"0,000"
"-68138,81";"MERCEARIA NAO ALIMENTOS \ PETSHOP \ HIGIENIZACAO PET \ AREIA PARA GATO";"0,000";"0,000";"0,000";"2,000";"-2,000";"-100,0";"0,00";"0,00";"0,00";"0,00";"0,00";"15,46";"-15,46";"-100,0";"0,00";"-15,46";"-12,06";"0,000000";"0,000000";"0,000";"0,000";"0,000";"0,000"
"-68152,51";"MERCEARIA NAO ALIMENTOS \ PETSHOP \ HIGIENIZACAO PET \ TAPETE HIGIENICO";"0,000";"0,000";"0,000";"1,000";"-1,000";"-100,0";"0,00";"0,00";"0,00";"0,00";"0,00";"13,70";"-13,70";"-100,0";"0,00";"-13,70";"-10,69";"0,000000";"0,000000";"0,000";"0,000";"0,000";"0,000"
"-68140,93";"MERCEARIA \ BEBIDAS ALCOOLICAS \ CERVEJA \ CERV ALE";"0,000";"7,000";"0,000";"6,000";"1,000";"16,7";"0,00";"0,00";"0,00";"76,57";"0,00";"64,99";"11,58";"17,8";"0,00";"11,58";"11,58";"0,000000";"0,000000";"0,000";"0,000";"0,000";"0,000"
"-68369,24";"MERCEARIA \ BEBIDAS ALCOOLICAS \ CERVEJA \ CERV ESCURA";"0,000";"9,000";"0,000";"66,000";"-57,000";"-86,4";"0,01";"0,00";"0,00";"74,57";"0,00";"302,88";"-228,31";"-75,4";"0,01";"-228,31";"-228,31";"0,000000";"0,000000";"0,000";"0,000";"0,000";"0,000"
"-68462,67";"MERCEARIA \ BEBIDAS ALCOOLICAS \ CERVEJA \ CERV IPA";"0,000";"7,000";"0,000";"17,000";"-10,000";"-58,8";"0,00";"0,00";"0,00";"39,28";"0,00";"132,71";"-93,43";"-70,4";"0,00";"-93,43";"-90,81";"0,000000";"0,000000";"0,000";"0,000";"0,000";"0,000"
"-70148,05";"MERCEARIA \ BEBIDAS ALCOOLICAS \ CERVEJA \ CERV LAGER";"0,000";"656,000";"0,000";"1.022,000";"-366,000";"-35,8";"0,09";"0,00";"0,00";"3.010,70";"0,00";"4.696,08";"-1.685,38";"-35,9";"0,07";"-1.685,38";"-1.685,38";"0,000000";"0,000000";"0,000";"0,000";"0,000";"0,000"
"-70166,20";"MERCEARIA \ BEBIDAS ALCOOLICAS \ CERVEJA \ CERV MARZEN";"0,000";"0,000";"0,000";"3,000";"-3,000";"-100,0";"0,00";"0,00";"0,00";"0,00";"0,00";"18,15";"-18,15";"-100,0";"0,00";"-18,15";"-18,15";"0,000000";"0,000000";"0,000";"0,000";"0,000";"0,000"
"-78514,58";"MERCEARIA \ BEBIDAS ALCOOLICAS \ CERVEJA \ CERV PILSEN";"0,000";"74,000";"0,000";"375,166";"-301,166";"-80,3";"0,08";"0,00";"0,00";"185,01";"0,00";"8.533,39";"-8.348,38";"-97,8";"0,33";"-8.350,14";"-8.350,14";"0,000000";"0,000000";"0,000";"0,000";"0,000";"0,000"
"-78597,08";"MERCEARIA \ BEBIDAS ALCOOLICAS \ CERVEJA \ CERV WEISS";"0,000";"12,000";"0,000";"14,000";"-2,000";"-14,3";"0,00";"0,00";"0,00";"134,90";"0,00";"217,40";"-82,50";"-37,9";"0,00";"-82,50";"-82,50";"0,000000";"0,000000";"0,000";"0,000";"0,000";"0,000"
"-78559,78";"MERCEARIA \ BEBIDAS ALCOOLICAS \ CERVEJA \ CERV WITBIER";"0,000";"11,000";"0,000";"5,000";"6,000";"120,0";"0,00";"0,00";"0,00";"64,78";"0,00";"27,48";"37,30";"135,7";"0,00";"37,30";"35,24";"0,000000";"0,000000";"0,000";"0,000";"0,000";"0,000"
"-78643,85";"MERCEARIA \ BEBIDAS ALCOOLICAS \ DESTILADO \ AGUARDENTES";"0,000";"0,000";"0,000";"10,000";"-10,000";"-100,0";"0,00";"0,00";"0,00";"0,00";"0,00";"84,07";"-84,07";"-100,0";"0,00";"-84,07";"-62,41";"0,000000";"0,000000";"0,000";"0,000";"0,000";"0,000"
"-78682,34";"MERCEARIA \ BEBIDAS ALCOOLICAS \ DESTILADO \ CACHACA";"0,000";"0,000";"0,000";"3,000";"-3,000";"-100,0";"0,00";"0,00";"0,00";"0,00";"0,00";"38,49";"-38,49";"-100,0";"0,00";"-38,49";"-31,18";"0,000000";"0,000000";"0,000";"0,000";"0,000";"0,000"
"-79025,42";"MERCEARIA \ BEBIDAS ALCOOLICAS \ DESTILADO \ CONHAQUE";"0,000";"0,000";"0,000";"25,000";"-25,000";"-100,0";"0,01";"0,00";"0,00";"0,00";"0,00";"343,08";"-343,08";"-100,0";"0,01";"-343,08";"-237,69";"0,000000";"0,000000";"0,000";"0,000";"0,000";"0,000"
"-79382,90";"MERCEARIA \ BEBIDAS ALCOOLICAS \ DESTILADO \ GIN";"0,000";"0,000";"0,000";"12,000";"-12,000";"-100,0";"0,00";"0,00";"0,00";"0,00";"0,00";"357,48";"-357,48";"-100,0";"0,01";"-357,48";"-236,82";"0,000000";"0,000000";"0,000";"0,000";"0,000";"0,000"
"-79359,46";"MERCEARIA \ BEBIDAS ALCOOLICAS \ DESTILADO \ RUM";"0,000";"1,000";"0,000";"0,000";"1,000";"";"0,00";"0,00";"0,00";"23,44";"0,00";"0,00";"23,44";"";"0,00";"23,44";"17,11";"0,000000";"0,000000";"0,000";"0,000";"0,000";"0,000"
"-79530,94";"MERCEARIA \ BEBIDAS ALCOOLICAS \ DESTILADO \ VERMOUTH";"0,000";"0,000";"0,000";"6,000";"-6,000";"-100,0";"0,00";"0,00";"0,00";"0,00";"0,00";"171,48";"-171,48";"-100,0";"0,01";"-171,48";"-151,80";"0,000000";"0,000000";"0,000";"0,000";"0,000";"0,000"
"-79541,14";"MERCEARIA \ BEBIDAS ALCOOLICAS \ DESTILADO \ VODKA";"0,000";"35,000";"0,000";"76,000";"-41,000";"-53,9";"0,01";"0,00";"0,00";"473,42";"0,00";"483,62";"-10,20";"-2,1";"0,00";"-10,20";"-10,86";"0,000000";"0,000000";"0,000";"0,000";"0,000";"0,000"
"-78941,46";"MERCEARIA \ BEBIDAS ALCOOLICAS \ DESTILADO \ WHISKY";"0,000";"8,000";"0,000";"0,000";"8,000";"";"0,00";"0,00";"0,00";"599,68";"0,00";"0,00";"599,68";"";"-0,02";"599,68";"414,84";"0,000000";"0,000000";"0,000";"0,000";"0,000";"0,000"
"-79171,40";"MERCEARIA \ BEBIDAS ALCOOLICAS \ DRINKS E APERITIVOS \ APERITIVO";"0,000";"0,000";"0,000";"25,000";"-25,000";"-100,0";"0,01";"0,00";"0,00";"0,00";"0,00";"229,94";"-229,94";"-100,0";"0,01";"-229,94";"-153,45";"0,000000";"0,000000";"0,000";"0,000";"0,000";"0,000"
"-79916,60";"MERCEARIA \ BEBIDAS ALCOOLICAS \ DRINKS E APERITIVOS \ BEBIDA MISTA";"0,000";"7,000";"0,000";"155,000";"-148,000";"-95,5";"0,04";"0,00";"0,00";"27,32";"0,00";"772,52";"-745,20";"-96,5";"0,03";"-745,20";"-526,09";"0,000000";"0,000000";"0,000";"0,000";"0,000";"0,000"
"-79927,87";"MERCEARIA \ BEBIDAS ALCOOLICAS \ DRINKS E APERITIVOS \ CHOPP VINHO";"0,000";"0,000";"0,000";"2,000";"-2,000";"-100,0";"0,00";"0,00";"0,00";"0,00";"0,00";"11,27";"-11,27";"-100,0";"0,00";"-11,27";"-7,63";"0,000000";"0,000000";"0,000";"0,000";"0,000";"0,000"
"-80330,52";"MERCEARIA \ BEBIDAS ALCOOLICAS \ DRINKS E APERITIVOS \ COQUETEIS";"0,000";"3,000";"0,000";"46,000";"-43,000";"-93,5";"0,01";"0,00";"0,00";"9,74";"0,00";"412,40";"-402,65";"-97,6";"0,02";"-402,65";"-284,94";"0,000000";"0,000000";"0,000";"0,000";"0,000";"0,000"
"-80482,36";"MERCEARIA \ BEBIDAS ALCOOLICAS \ DRINKS E APERITIVOS \ LICORES";"0,000";"3,000";"0,000";"14,000";"-11,000";"-78,6";"0,00";"0,00";"0,00";"363,85";"0,00";"515,69";"-151,84";"-29,4";"0,01";"-151,84";"9,00";"0,000000";"0,000000";"0,000";"0,000";"0,000";"0,000"
"-81207,24";"MERCEARIA \ BEBIDAS ALCOOLICAS \ PREPARO BEBIDAS \ PREPARO DRINK";"0,000";"4,000";"0,000";"27,000";"-23,000";"-85,2";"0,01";"0,00";"0,00";"98,53";"0,00";"823,41";"-724,88";"-88,0";"0,03";"-724,88";"-578,89";"0,000000";"0,000000";"0,000";"0,000";"0,000";"0,000"
"-81747,46";"MERCEARIA \ BEBIDAS ALCOOLICAS \ VINHOS \ ESPUMANTES";"0,000";"50,000";"0,000";"41,000";"9,000";"22,0";"0,00";"0,00";"0,00";"1.010,50";"0,00";"1.550,72";"-540,22";"-34,8";"0,02";"-540,22";"-395,21";"0,000000";"0,000000";"0,000";"0,000";"0,000";"0,000"
"-81806,00";"MERCEARIA \ BEBIDAS ALCOOLICAS \ VINHOS \ FRISANTE";"0,000";"0,000";"0,000";"4,000";"-4,000";"-100,0";"0,00";"0,00";"0,00";"0,00";"0,00";"58,54";"-58,54";"-100,0";"0,00";"-58,54";"-40,68";"0,000000";"0,000000";"0,000";"0,000";"0,000";"0,000"
"-84963,12";"MERCEARIA \ BEBIDAS ALCOOLICAS \ VINHOS \ VINHO BRANCO";"0,000";"35,000";"0,000";"163,000";"-128,000";"-78,5";"0,03";"0,00";"0,00";"501,74";"0,00";"3.658,85";"-3.157,12";"-86,3";"0,13";"-3.157,13";"-2.158,78";"0,000000";"0,000000";"0,000";"0,000";"0,000";"0,000"
"-85072,90";"MERCEARIA \ BEBIDAS ALCOOLICAS \ VINHOS \ VINHO PORTO";"0,000";"1,000";"0,000";"3,000";"-2,000";"-66,7";"0,00";"0,00";"0,00";"46,31";"0,00";"156,09";"-109,78";"-70,3";"0,00";"-109,78";"-91,74";"0,000000";"0,000000";"0,000";"0,000";"0,000";"0,000"
"-85637,81";"MERCEARIA \ BEBIDAS ALCOOLICAS \ VINHOS \ VINHO ROSE";"0,000";"0,000";"0,000";"23,000";"-23,000";"-100,0";"0,01";"0,00";"0,00";"0,00";"0,00";"564,91";"-564,91";"-100,0";"0,02";"-564,91";"-393,38";"0,000000";"0,000000";"0,000";"0,000";"0,000";"0,000"
"-85078,23";"MERCEARIA \ BEBIDAS ALCOOLICAS \ VINHOS \ VINHO TINTO";"0,000";"113,000";"0,000";"130,000";"-17,000";"-13,1";"0,00";"0,00";"0,00";"3.418,85";"0,00";"2.859,27";"559,58";"19,6";"-0,02";"557,05";"399,08";"0,000000";"0,000000";"0,000";"0,000";"0,000";"0,000"
"-84538,48";"MERCEARIA \ BEBIDAS NAO ALCOOLICAS \ AGUAS \ AGUA DE COCO";"0,000";"212,000";"0,000";"174,000";"38,000";"21,8";"-0,01";"0,00";"0,00";"1.199,20";"0,00";"659,45";"539,75";"81,8";"-0,02";"539,69";"497,23";"0,000000";"0,000000";"0,000";"0,000";"0,000";"0,000"
"-89018,61";"MERCEARIA \ BEBIDAS NAO ALCOOLICAS \ AGUAS \ AGUA MINERAL";"0,000";"378,000";"0,000";"2.212,000";"-1.834,000";"-82,9";"0,46";"0,00";"0,00";"576,63";"0,00";"5.056,76";"-4.480,13";"-88,6";"0,18";"-4.480,15";"-3.608,10";"0,000000";"0,000000";"0,000";"0,000";"0,000";"0,000"
"-90000,62";"MERCEARIA \ BEBIDAS NAO ALCOOLICAS \ AGUAS \ AGUA TONICA";"0,000";"72,000";"0,000";"307,000";"-235,000";"-76,5";"0,06";"0,00";"0,00";"217,78";"0,00";"1.199,79";"-982,01";"-81,8";"0,04";"-981,62";"-981,62";"0,000000";"0,000000";"0,000";"0,000";"0,000";"0,000"
"-90289,06";"MERCEARIA \ BEBIDAS NAO ALCOOLICAS \ BEBIDAS VEGETAIS \ BEBIDA SOJA";"0,000";"121,000";"0,000";"98,000";"23,000";"23,5";"-0,01";"0,00";"0,00";"248,48";"0,00";"536,92";"-288,44";"-53,7";"0,01";"-288,44";"-261,77";"0,000000";"0,000000";"0,000";"0,000";"0,000";"0,000"
"-91733,60";"MERCEARIA \ BEBIDAS NAO ALCOOLICAS \ BEBIDAS VEGETAIS \ BEBIDA VEGETAIS ESPECIAIS";"0,000";"81,000";"0,000";"201,000";"-120,000";"-59,7";"0,03";"0,00";"0,00";"801,49";"0,00";"2.246,03";"-1.444,54";"-64,3";"0,06";"-1.444,91";"-1.403,33";"0,000000";"0,000000";"0,000";"0,000";"0,000";"0,000"
"-92414,03";"MERCEARIA \ BEBIDAS NAO ALCOOLICAS \ CERVEJA \ CERVEJA";"0,000";"50,000";"0,000";"179,000";"-129,000";"-72,1";"0,03";"0,00";"0,00";"251,33";"0,00";"931,76";"-680,43";"-73,0";"0,03";"-680,43";"-680,43";"0,000000";"0,000000";"0,000";"0,000";"0,000";"0,000"
"-92725,30";"MERCEARIA \ BEBIDAS NAO ALCOOLICAS \ CHA, ISOTONICO, BEB MISTA \ BEBIDA MISTA N.ALCOOLICOS";"0,000";"34,000";"0,000";"204,000";"-170,000";"-83,3";"0,04";"0,00";"0,00";"49,32";"0,00";"360,59";"-311,27";"-86,3";"0,01";"-311,27";"-311,27";"0,000000";"0,000000";"0,000";"0,000";"0,000";"0,000"
"-92653,52";"MERCEARIA \ BEBIDAS NAO ALCOOLICAS \ CHA, ISOTONICO, BEB MISTA \ CHA PRONTO";"0,000";"364,000";"0,000";"479,000";"-115,000";"-24,0";"0,03";"0,00";"0,00";"1.591,26";"0,00";"1.519,48";"71,78";"4,7";"0,00";"57,88";"75,02";"0,000000";"0,000000";"0,000";"0,000";"0,000";"0,000"
"-92725,49";"MERCEARIA \ BEBIDAS NAO ALCOOLICAS \ CHA, ISOTONICO, BEB MISTA \ ISOTONICO";"0,000";"51,000";"0,000";"89,000";"-38,000";"-42,7";"0,01";"0,00";"0,00";"228,22";"0,00";"300,19";"-71,97";"-24,0";"0,00";"-72,26";"-72,26";"0,000000";"0,000000";"0,000";"0,000";"0,000";"0,000"
"-92769,43";"MERCEARIA \ BEBIDAS NAO ALCOOLICAS \ ENERGETICO \ ENERGETICO GARRAFA";"0,000";"7,000";"0,000";"13,000";"-6,000";"-46,2";"0,00";"0,00";"0,00";"50,56";"0,00";"94,50";"-43,94";"-46,5";"0,00";"-43,94";"-43,94";"0,000000";"0,000000";"0,000";"0,000";"0,000";"0,000"
"-102281,26";"MERCEARIA \ BEBIDAS NAO ALCOOLICAS \ ENERGETICO \ ENERGETICO LATA";"0,000";"613,000";"0,000";"1.749,000";"-1.136,000";"-65,0";"0,29";"0,00";"0,00";"4.767,69";"0,00";"14.279,52";"-9.511,83";"-66,6";"0,38";"-9.530,60";"-9.530,60";"0,000000";"0,000000";"0,000";"0,000";"0,000";"0,000"
"-102681,78";"MERCEARIA \ BEBIDAS NAO ALCOOLICAS \ REFRESCOS \ REFRESCOS PO";"0,000";"189,000";"0,000";"826,000";"-637,000";"-77,1";"0,16";"0,00";"0,00";"117,91";"0,00";"518,43";"-400,52";"-77,3";"0,02";"-400,52";"-312,77";"0,000000";"0,000000";"0,000";"0,000";"0,000";"0,000"
"-103698,96";"MERCEARIA \ BEBIDAS NAO ALCOOLICAS \ REFRESCOS \ REFRESCOS PRONTOS";"0,000";"365,000";"0,000";"1.054,000";"-689,000";"-65,4";"0,17";"0,00";"0,00";"1.176,22";"0,00";"2.193,40";"-1.017,18";"-46,4";"0,04";"-1.009,63";"-1.009,28";"0,000000";"0,000000";"0,000";"0,000";"0,000";"0,000"
"-103908,08";"MERCEARIA \ BEBIDAS NAO ALCOOLICAS \ REFRIGERANTE \ KT REFRIGERANTE";"0,000";"0,000";"0,000";"16,000";"-16,000";"-100,0";"0,00";"0,00";"0,00";"0,00";"0,00";"209,12";"-209,12";"-100,0";"0,01";"-209,12";"-209,12";"0,000000";"0,000000";"0,000";"0,000";"0,000";"0,000"
"-117683,76";"MERCEARIA \ BEBIDAS NAO ALCOOLICAS \ REFRIGERANTE \ REFRIGERANTE GARRAFA";"0,000";"382,000";"0,000";"2.723,000";"-2.341,000";"-86,0";"0,59";"0,00";"0,00";"1.449,40";"0,00";"15.225,08";"-13.775,68";"-90,5";"0,55";"-13.775,65";"-13.775,65";"0,000000";"0,000000";"0,000";"0,000";"0,000";"0,000"
"-119290,00";"MERCEARIA \ BEBIDAS NAO ALCOOLICAS \ REFRIGERANTE \ REFRIGERANTE LATA";"0,000";"160,000";"0,000";"647,000";"-487,000";"-75,3";"0,12";"0,00";"0,00";"404,36";"0,00";"2.010,59";"-1.606,24";"-79,9";"0,06";"-1.607,43";"-1.607,43";"0,000000";"0,000000";"0,000";"0,000";"0,000";"0,000"
"-122399,68";"MERCEARIA \ BEBIDAS NAO ALCOOLICAS \ SUCOS-NECTAR \ NECTAR PRONTO";"0,000";"13,000";"0,000";"350,000";"-337,000";"-96,3";"0,09";"0,00";"0,00";"71,47";"0,00";"3.181,16";"-3.109,68";"-97,8";"0,12";"-3.109,68";"-3.031,74";"0,000000";"0,000000";"0,000";"0,000";"0,000";"0,000"
"-123613,58";"MERCEARIA \ BEBIDAS NAO ALCOOLICAS \ SUCOS-NECTAR \ SUCO CONCENTRADO";"0,000";"7,000";"0,000";"224,000";"-217,000";"-96,9";"0,05";"0,00";"0,00";"36,98";"0,00";"1.250,88";"-1.213,90";"-97,0";"0,05";"-1.213,90";"-943,83";"0,000000";"0,000000";"0,000";"0,000";"0,000";"0,000"
"-125915,88";"MERCEARIA \ BEBIDAS NAO ALCOOLICAS \ SUCOS-NECTAR \ SUCO INTEGRAL";"0,000";"20,000";"0,000";"160,000";"-140,000";"-87,5";"0,04";"0,00";"0,00";"430,28";"0,00";"2.732,58";"-2.302,30";"-84,3";"0,09";"-2.302,61";"-2.227,33";"0,000000";"0,000000";"0,000";"0,000";"0,000";"0,000"
"-126807,99";"MERCEARIA \ BEBIDAS NAO ALCOOLICAS \ SUCOS-NECTAR \ SUCO PRONTO";"0,000";"36,000";"0,000";"136,000";"-100,000";"-73,5";"0,03";"0,00";"0,00";"483,39";"0,00";"1.375,51";"-892,11";"-64,9";"0,04";"-892,11";"-805,67";"0,000000";"0,000000";"0,000";"0,000";"0,000";"0,000"
"-127190,23";"MERCEARIA \ BEBIDAS NAO ALCOOLICAS \ SUPLEMENTO ALIMENTAR \ SUPLEMENTO ALIMENTAR";"0,000";"60,000";"0,000";"212,000";"-152,000";"-71,7";"0,04";"0,00";"0,00";"169,86";"0,00";"552,10";"-382,24";"-69,2";"0,02";"-382,24";"-384,70";"0,000000";"0,000000";"0,000";"0,000";"0,000";"0,000"
"-127512,86";"MERCEARIA \ BEBIDAS NAO ALCOOLICAS \ XAROPE \ XAROPE";"0,000";"101,000";"0,000";"141,000";"-40,000";"-28,4";"0,01";"0,00";"0,00";"743,32";"0,00";"1.065,95";"-322,63";"-30,3";"0,01";"-318,74";"-242,95";"0,000000";"0,000000";"0,000";"0,000";"0,000";"0,000"
"-129280,18";"MERCEARIA \ BISCOITO-TORRADA-BATATA \ BATATAS \ BATATAS CHIPS";"0,000";"52,000";"0,000";"275,000";"-223,000";"-81,1";"0,06";"0,00";"0,00";"489,41";"0,00";"2.256,73";"-1.767,32";"-78,3";"0,07";"-1.767,32";"-1.644,90";"0,000000";"0,000000";"0,000";"0,000";"0,000";"0,000"
"-129377,31";"MERCEARIA \ BISCOITO-TORRADA-BATATA \ BATATAS \ BATATAS PALHA";"0,000";"841,000";"0,000";"942,000";"-101,000";"-10,7";"0,03";"0,00";"0,00";"6.119,44";"0,00";"6.216,56";"-97,13";"-1,6";"0,00";"-92,95";"108,09";"0,000000";"0,000000";"0,000";"0,000";"0,000";"0,000"
"-130534,24";"MERCEARIA \ BISCOITO-TORRADA-BATATA \ BATATAS \ SALGADINHO BATATA";"0,000";"28,000";"0,000";"196,000";"-168,000";"-85,7";"0,04";"0,00";"0,00";"207,49";"0,00";"1.364,43";"-1.156,93";"-84,8";"0,05";"-1.156,93";"-1.142,00";"0,000000";"0,000000";"0,000";"0,000";"0,000";"0,000"
"-131241,61";"MERCEARIA \ BISCOITO-TORRADA-BATATA \ BISCOITOS DOCE \ AMANTEIGADO-PETROLOIS";"0,000";"106,000";"0,000";"231,000";"-125,000";"-54,1";"0,03";"0,00";"0,00";"882,52";"0,00";"1.589,89";"-707,37";"-44,5";"0,03";"-707,37";"-650,51";"0,000000";"0,000000";"0,000";"0,000";"0,000";"0,000"
"-131230,38";"MERCEARIA \ BISCOITO-TORRADA-BATATA \ BISCOITOS DOCE \ BISCOITO CHAMPANHE";"0,000";"2,000";"0,000";"1,000";"1,000";"100,0";"0,00";"0,00";"0,00";"22,37";"0,00";"11,14";"11,23";"100,8";"0,00";"11,23";"10,07";"0,000000";"0,000000";"0,000";"0,000";"0,000";"0,000"
"-130853,50";"MERCEARIA \ BISCOITO-TORRADA-BATATA \ BISCOITOS DOCE \ BISCOITO MAIZENA";"0,000";"183,000";"0,000";"86,000";"97,000";"112,8";"-0,02";"0,00";"0,00";"630,28";"0,00";"253,39";"376,88";"148,7";"-0,02";"376,89";"258,45";"0,000000";"0,000000";"0,000";"0,000";"0,000";"0,000"
"-130884,23";"MERCEARIA \ BISCOITO-TORRADA-BATATA \ BISCOITOS DOCE \ BISCOITOS COM COBERTURA";"0,000";"0,000";"0,000";"10,000";"-10,000";"-100,0";"0,00";"0,00";"0,00";"0,00";"0,00";"30,73";"-30,73";"-100,0";"0,00";"-30,73";"-28,61";"0,000000";"0,000000";"0,000";"0,000";"0,000";"0,000"
"-131383,36";"MERCEARIA \ BISCOITO-TORRADA-BATATA \ BISCOITOS DOCE \ BISCOITOS COOKIES";"0,000";"141,000";"0,000";"444,000";"-303,000";"-68,2";"0,08";"0,00";"0,00";"681,30";"0,00";"1.180,43";"-499,13";"-42,3";"0,02";"-499,14";"-436,27";"0,000000";"0,000000";"0,000";"0,000";"0,000";"0,000"
"-131481,38";"MERCEARIA \ BISCOITO-TORRADA-BATATA \ BISCOITOS DOCE \ BISCOITOS DOCE S.RECHEIO";"0,000";"87,000";"0,000";"136,000";"-49,000";"-36,0";"0,01";"0,00";"0,00";"551,95";"0,00";"649,97";"-98,02";"-15,1";"0,00";"-97,94";"-70,50";"0,000000";"0,000000";"0,000";"0,000";"0,000";"0,000"
"-131909,52";"MERCEARIA \ BISCOITO-TORRADA-BATATA \ BISCOITOS DOCE \ BISCOITOS DOCES RECHEADOS";"0,000";"987,000";"0,000";"1.223,000";"-236,000";"-19,3";"0,06";"0,00";"0,00";"2.487,45";"0,00";"2.915,59";"-428,14";"-14,7";"0,02";"-428,00";"-434,33";"0,000000";"0,000000";"0,000";"0,000";"0,000";"0,000"
"-131893,37";"MERCEARIA \ BISCOITO-TORRADA-BATATA \ BISCOITOS DOCE \ BISCOITOS MARIA";"0,000";"7,000";"0,000";"3,000";"4,000";"133,3";"0,00";"0,00";"0,00";"29,47";"0,00";"13,32";"16,15";"121,2";"0,00";"16,15";"11,62";"0,000000";"0,000000";"0,000";"0,000";"0,000";"0,000"
"-132133,90";"MERCEARIA \ BISCOITO-TORRADA-BATATA \ BISCOITOS DOCE \ BISCOITOS ROSCAS";"0,000";"104,000";"0,000";"176,000";"-72,000";"-40,9";"0,02";"0,00";"0,00";"286,56";"0,00";"527,09";"-240,53";"-45,6";"0,01";"-240,53";"-208,43";"0,000000";"0,000000";"0,000";"0,000";"0,000";"0,000"
"-133848,72";"MERCEARIA \ BISCOITO-TORRADA-BATATA \ BISCOITOS DOCE \ BISCOITOS WAFER";"0,000";"172,000";"0,000";"1.003,000";"-831,000";"-82,9";"0,21";"0,00";"0,00";"661,22";"0,00";"2.376,04";"-1.714,82";"-72,2";"0,07";"-1.714,07";"-1.607,08";"0,000000";"0,000000";"0,000";"0,000";"0,000";"0,000"
"-133866,11";"MERCEARIA \ BISCOITO-TORRADA-BATATA \ BISCOITOS SALGADO \ AGUA";"0,000";"0,000";"0,000";"5,000";"-5,000";"-100,0";"0,00";"0,00";"0,00";"0,00";"0,00";"17,39";"-17,39";"-100,0";"0,00";"-17,39";"-14,99";"0,000000";"0,000000";"0,000";"0,000";"0,000";"0,000"
"-134008,35";"MERCEARIA \ BISCOITO-TORRADA-BATATA \ BISCOITOS SALGADO \ AGUA E SAL";"0,000";"3,000";"0,000";"57,000";"-54,000";"-94,7";"0,01";"0,00";"0,00";"8,46";"0,00";"150,70";"-142,24";"-94,4";"0,01";"-142,24";"-103,29";"0,000000";"0,000000";"0,000";"0,000";"0,000";"0,000"
"-135382,62";"MERCEARIA \ BISCOITO-TORRADA-BATATA \ BISCOITOS SALGADO \ BISCOITO POLVILHO";"0,000";"9,000";"0,000";"317,000";"-308,000";"-97,2";"0,08";"0,00";"0,00";"29,17";"0,00";"1.403,44";"-1.374,27";"-97,9";"0,05";"-1.374,27";"-1.269,87";"0,000000";"0,000000";"0,000";"0,000";"0,000";"0,000"
"-135418,96";"MERCEARIA \ BISCOITO-TORRADA-BATATA \ BISCOITOS SALGADO \ BISCOITO SAGADO RECHEADO";"0,000";"1,000";"0,000";"11,000";"-10,000";"-90,9";"0,00";"0,00";"0,00";"3,63";"0,00";"39,97";"-36,34";"-90,9";"0,00";"-36,34";"-36,34";"0,000000";"0,000000";"0,000";"0,000";"0,000";"0,000"
"-138593,76";"MERCEARIA \ BISCOITO-TORRADA-BATATA \ BISCOITOS SALGADO \ BISCOITO SALGADINHO";"0,000";"682,000";"0,000";"1.107,000";"-425,000";"-38,4";"0,11";"0,00";"0,00";"1.911,97";"0,00";"5.086,77";"-3.174,80";"-62,4";"0,13";"-3.174,72";"-2.882,11";"0,000000";"0,000000";"0,000";"0,000";"0,000";"0,000"
"-139211,23";"MERCEARIA \ BISCOITO-TORRADA-BATATA \ BISCOITOS SALGADO \ BISCOITO SALGADO";"0,000";"155,000";"0,000";"220,000";"-65,000";"-29,5";"0,02";"0,00";"0,00";"651,54";"0,00";"1.269,01";"-617,47";"-48,7";"0,02";"-617,53";"-550,86";"0,000000";"0,000000";"0,000";"0,000";"0,000";"0,000"
"-140653,81";"MERCEARIA \ BISCOITO-TORRADA-BATATA \ BISCOITOS SALGADO \ CREAM CRACKER";"0,000";"32,000";"0,000";"505,000";"-473,000";"-93,7";"0,12";"0,00";"0,00";"100,07";"0,00";"1.542,65";"-1.442,58";"-93,5";"0,06";"-1.444,15";"-1.145,86";"0,000000";"0,000000";"0,000";"0,000";"0,000";"0,000"
"-140598,79";"MERCEARIA \ BISCOITO-TORRADA-BATATA \ TORRADAS \ TORRADAS";"0,000";"279,000";"0,000";"241,000";"38,000";"15,8";"-0,01";"0,00";"0,00";"1.171,60";"0,00";"1.116,58";"55,02";"4,9";"0,00";"55,02";"87,70";"0,000000";"0,000000";"0,000";"0,000";"0,000";"0,000"
"-140889,75";"MERCEARIA \ BOMBONIERE \ APERITIVO-SNACKS \ APER-SNACKS AMENDOIM";"0,000";"17,000";"0,000";"83,000";"-66,000";"-79,5";"0,02";"0,00";"0,00";"95,29";"0,00";"386,25";"-290,96";"-75,3";"0,01";"-290,96";"-268,08";"0,000000";"0,000000";"0,000";"0,000";"0,000";"0,000"
"-140911,66";"MERCEARIA \ BOMBONIERE \ APERITIVO-SNACKS \ APER-SNACKS BATATA";"0,000";"4,000";"0,000";"8,000";"-4,000";"-50,0";"0,00";"0,00";"0,00";"23,30";"0,00";"45,20";"-21,91";"-48,5";"0,00";"-21,91";"-21,20";"0,000000";"0,000000";"0,000";"0,000";"0,000";"0,000"
"-140921,66";"MERCEARIA \ BOMBONIERE \ APERITIVO-SNACKS \ APER-SNACKS CASTANHA CAJU";"0,000";"4,000";"0,000";"5,000";"-1,000";"-20,0";"0,00";"0,00";"0,00";"39,99";"0,00";"49,98";"-10,00";"-20,0";"0,00";"-10,00";"-9,18";"0,000000";"0,000000";"0,000";"0,000";"0,000";"0,000"
"-141130,41";"MERCEARIA \ BOMBONIERE \ APERITIVO-SNACKS \ APER-SNACKS INTEGRAL";"0,000";"40,000";"0,000";"86,000";"-46,000";"-53,5";"0,01";"0,00";"0,00";"172,87";"0,00";"381,61";"-208,75";"-54,7";"0,01";"-208,75";"-198,79";"0,000000";"0,000000";"0,000";"0,000";"0,000";"0,000"
"-141303,10";"MERCEARIA \ BOMBONIERE \ APERITIVO-SNACKS \ APER-SNACKS MIX";"0,000";"0,000";"0,000";"22,000";"-22,000";"-100,0";"0,01";"0,00";"0,00";"0,00";"0,00";"172,69";"-172,69";"-100,0";"0,01";"-172,69";"-141,21";"0,000000";"0,000000";"0,000";"0,000";"0,000";"0,000"
"-141313,20";"MERCEARIA \ BOMBONIERE \ APERITIVO-SNACKS \ APERITIVO-SNACK TORRESMO";"0,000";"0,000";"0,000";"2,000";"-2,000";"-100,0";"0,00";"0,00";"0,00";"0,00";"0,00";"10,10";"-10,10";"-100,0";"0,00";"-10,10";"-9,36";"0,000000";"0,000000";"0,000";"0,000";"0,000";"0,000"
"-141330,36";"MERCEARIA \ BOMBONIERE \ APERITIVO-SNACKS \ OVINHOS DE AMENDOIM";"0,000";"0,000";"0,000";"3,000";"-3,000";"-100,0";"0,00";"0,00";"0,00";"0,00";"0,00";"17,16";"-17,16";"-100,0";"0,00";"-17,16";"-15,88";"0,000000";"0,000000";"0,000";"0,000";"0,000";"0,000"
"-141715,69";"MERCEARIA \ BOMBONIERE \ BISCOITOS \ BISCOITO COM COBERTURA";"0,000";"3,000";"0,000";"75,000";"-72,000";"-96,0";"0,02";"0,00";"0,00";"14,60";"0,00";"399,93";"-385,33";"-96,4";"0,02";"-385,33";"-361,81";"0,000000";"0,000000";"0,000";"0,000";"0,000";"0,000"
"-143302,06";"MERCEARIA \ BOMBONIERE \ CHOCOLATES \ BOMBONS";"0,000";"486,000";"0,000";"561,000";"-75,000";"-13,4";"0,02";"0,00";"0,00";"5.903,96";"0,00";"7.490,33";"-1.586,37";"-21,2";"0,06";"-1.639,93";"-1.568,14";"0,000000";"0,000000";"0,000";"0,000";"0,000";"0,000"
"-152112,46";"MERCEARIA \ BOMBONIERE \ CHOCOLATES \ CHOCOLATES BARRA";"0,000";"510,000";"0,000";"1.708,000";"-1.198,000";"-70,1";"0,30";"0,00";"0,00";"3.759,32";"0,00";"12.569,72";"-8.810,40";"-70,1";"0,35";"-8.810,40";"-8.263,51";"0,000000";"0,000000";"0,000";"0,000";"0,000";"0,000"
"-153396,68";"MERCEARIA \ BOMBONIERE \ CHOCOLATES \ CHOCOLATES SACHE-TABLETE";"0,000";"223,000";"0,000";"643,000";"-420,000";"-65,3";"0,11";"0,00";"0,00";"1.791,41";"0,00";"3.075,63";"-1.284,22";"-41,8";"0,05";"-1.284,37";"-1.172,23";"0,000000";"0,000000";"0,000";"0,000";"0,000";"0,000"
"-153437,10";"MERCEARIA \ BOMBONIERE \ CHOCOLATES \ OVOS DE PASCOA";"0,000";"70,000";"0,000";"78,000";"-8,000";"-10,3";"0,00";"0,00";"0,00";"4.632,13";"0,00";"4.672,55";"-40,42";"-0,9";"0,00";"-40,42";"-81,37";"0,000000";"0,000000";"0,000";"0,000";"0,000";"0,000"
"-153472,05";"MERCEARIA \ BOMBONIERE \ CHOCOLATES \ TRUFAS";"0,000";"0,000";"0,000";"1,000";"-1,000";"-100,0";"0,00";"0,00";"0,00";"0,00";"0,00";"34,95";"-34,95";"-100,0";"0,00";"-34,95";"-32,10";"0,000000";"0,000000";"0,000";"0,000";"0,000";"0,000"
"-155609,72";"MERCEARIA \ BOMBONIERE \ GULOUSEIMAS \ BALAS E GOMAS";"0,000";"417,000";"0,000";"1.842,894";"-1.425,894";"-77,4";"0,36";"0,00";"0,00";"2.540,95";"0,00";"4.678,62";"-2.137,67";"-45,7";"0,09";"-2.137,50";"-1.683,60";"0,000000";"0,000000";"0,000";"0,000";"0,000";"0,000"
"-155528,14";"MERCEARIA \ BOMBONIERE \ GULOUSEIMAS \ BARRA DE CEREAIS-FRUTAS";"0,000";"88,000";"0,000";"58,000";"30,000";"51,7";"-0,01";"0,00";"0,00";"301,21";"0,00";"219,62";"81,58";"37,1";"0,00";"81,58";"86,77";"0,000000";"0,000000";"0,000";"0,000";"0,000";"0,000"
"-155578,45";"MERCEARIA \ BOMBONIERE \ GULOUSEIMAS \ CONFEITOS";"0,000";"1,000";"0,000";"10,000";"-9,000";"-90,0";"0,00";"0,00";"0,00";"9,59";"0,00";"59,90";"-50,31";"-84,0";"0,00";"-50,31";"-46,24";"0,000000";"0,000000";"0,000";"0,000";"0,000";"0,000"
"-155858,45";"MERCEARIA \ BOMBONIERE \ GULOUSEIMAS \ DOCE VARIADO";"0,000";"52,000";"0,000";"85,000";"-33,000";"-38,8";"0,01";"0,00";"0,00";"345,62";"0,00";"625,62";"-280,00";"-44,8";"0,01";"-279,21";"-213,16";"0,000000";"0,000000";"0,000";"0,000";"0,000";"0,000"
"-155926,60";"MERCEARIA \ BOMBONIERE \ GULOUSEIMAS \ DROPS-PASTILHAS";"0,000";"44,000";"0,000";"96,000";"-52,000";"-54,2";"0,01";"0,00";"0,00";"53,55";"0,00";"121,71";"-68,15";"-56,0";"0,00";"-68,15";"-54,41";"0,000000";"0,000000";"0,000";"0,000";"0,000";"0,000"
"-156182,64";"MERCEARIA \ BOMBONIERE \ GULOUSEIMAS \ PIPOCA";"0,000";"11,000";"0,000";"50,000";"-39,000";"-78,0";"0,01";"0,00";"0,00";"59,79";"0,00";"315,83";"-256,04";"-81,1";"0,01";"-256,04";"-236,18";"0,000000";"0,000000";"0,000";"0,000";"0,000";"0,000"
"-166306,83";"MERCEARIA \ CEREAIS \ ARROZ \ ARROZ BRANCO";"0,000";"370,000";"0,000";"1.608,000";"-1.238,000";"-77,0";"0,31";"0,00";"0,00";"1.850,00";"0,00";"11.974,19";"-10.124,19";"-84,6";"0,40";"-10.120,33";"-9.852,30";"0,000000";"0,000000";"0,000";"0,000";"0,000";"0,000"
"-167290,38";"MERCEARIA \ CEREAIS \ ARROZ \ ARROZ ESPECIAL-INTEGRAL";"0,000";"224,000";"0,000";"304,000";"-80,000";"-26,3";"0,02";"0,00";"0,00";"1.501,22";"0,00";"2.484,77";"-983,55";"-39,6";"0,04";"-994,14";"-845,14";"0,000000";"0,000000";"0,000";"0,000";"0,000";"0,000"
"-169351,89";"MERCEARIA \ CEREAIS \ ARROZ \ ARROZ PARBOILIZADO";"0,000";"260,000";"0,000";"443,000";"-183,000";"-41,3";"0,05";"0,00";"0,00";"1.323,32";"0,00";"3.384,83";"-2.061,51";"-60,9";"0,08";"-2.049,91";"-2.029,15";"0,000000";"0,000000";"0,000";"0,000";"0,000";"0,000"
"-169394,91";"MERCEARIA \ CEREAIS \ FARINACEOS \ CEVADA";"0,000";"12,000";"0,000";"18,000";"-6,000";"-33,3";"0,00";"0,00";"0,00";"90,12";"0,00";"133,14";"-43,02";"-32,3";"0,00";"-43,02";"-33,68";"0,000000";"0,000000";"0,000";"0,000";"0,000";"0,000"
"-169390,30";"MERCEARIA \ CEREAIS \ FARINACEOS \ CURAU";"0,000";"1,000";"0,000";"0,000";"1,000";"";"0,00";"0,00";"0,00";"4,61";"0,00";"0,00";"4,61";"";"0,00";"4,61";"3,27";"0,000000";"0,000000";"0,000";"0,000";"0,000";"0,000"
"-169647,20";"MERCEARIA \ CEREAIS \ FARINACEOS \ CUSCUZ";"0,000";"2,000";"0,000";"78,000";"-76,000";"-97,4";"0,02";"0,00";"0,00";"34,93";"0,00";"291,83";"-256,90";"-88,0";"0,01";"-256,90";"-209,87";"0,000000";"0,000000";"0,000";"0,000";"0,000";"0,000"
"-170436,74";"MERCEARIA \ CEREAIS \ FARINACEOS \ FARINHA DE MANDIOCA";"0,000";"58,000";"0,000";"298,000";"-240,000";"-80,5";"0,06";"0,00";"0,00";"169,66";"0,00";"959,20";"-789,54";"-82,3";"0,03";"-790,45";"-734,59";"0,000000";"0,000000";"0,000";"0,000";"0,000";"0,000"
"-170561,16";"MERCEARIA \ CEREAIS \ FARINACEOS \ FARINHA DE MILHO";"0,000";"1,000";"0,000";"30,000";"-29,000";"-96,7";"0,01";"0,00";"0,00";"4,41";"0,00";"128,83";"-124,42";"-96,6";"0,00";"-124,42";"-97,11";"0,000000";"0,000000";"0,000";"0,000";"0,000";"0,000"
"-170586,46";"MERCEARIA \ CEREAIS \ FARINACEOS \ FARINHA DE ROSCA";"0,000";"10,000";"0,000";"19,000";"-9,000";"-47,4";"0,00";"0,00";"0,00";"94,64";"0,00";"119,94";"-25,30";"-21,1";"0,00";"-25,30";"-16,32";"0,000000";"0,000000";"0,000";"0,000";"0,000";"0,000"
"-171371,45";"MERCEARIA \ CEREAIS \ FARINACEOS \ FARINHA DE TRIGO";"0,000";"252,000";"0,000";"423,000";"-171,000";"-40,4";"0,04";"0,00";"0,00";"901,32";"0,00";"1.686,31";"-784,99";"-46,6";"0,03";"-782,16";"-722,57";"0,000000";"0,000000";"0,000";"0,000";"0,000";"0,000"
"-171807,10";"MERCEARIA \ CEREAIS \ FARINACEOS \ FAROFA PRONTA";"0,000";"100,000";"0,000";"188,000";"-88,000";"-46,8";"0,02";"0,00";"0,00";"518,79";"0,00";"954,44";"-435,65";"-45,6";"0,02";"-435,65";"-325,09";"0,000000";"0,000000";"0,000";"0,000";"0,000";"0,000"
"-171899,61";"MERCEARIA \ CEREAIS \ FARINACEOS \ FLOCOS DE MILHO";"0,000";"28,000";"0,000";"80,000";"-52,000";"-65,0";"0,01";"0,00";"0,00";"70,00";"0,00";"162,51";"-92,51";"-56,9";"0,00";"-92,51";"-72,16";"0,000000";"0,000000";"0,000";"0,000";"0,000";"0,000"
"-172251,39";"MERCEARIA \ CEREAIS \ FARINACEOS \ FUBA";"0,000";"14,000";"0,000";"145,000";"-131,000";"-90,3";"0,03";"0,00";"0,00";"42,40";"0,00";"394,18";"-351,78";"-89,2";"0,01";"-351,78";"-327,15";"0,000000";"0,000000";"0,000";"0,000";"0,000";"0,000"
"-172525,11";"MERCEARIA \ CEREAIS \ FARINACEOS \ GRANOLA";"0,000";"67,000";"0,000";"92,000";"-25,000";"-27,2";"0,01";"0,00";"0,00";"723,94";"0,00";"997,66";"-273,72";"-27,4";"0,01";"-265,39";"-237,29";"0,000000";"0,000000";"0,000";"0,000";"0,000";"0,000"
"-172552,82";"MERCEARIA \ CEREAIS \ FARINACEOS \ LEVEDO";"0,000";"5,000";"0,000";"8,000";"-3,000";"-37,5";"0,00";"0,00";"0,00";"46,40";"0,00";"74,11";"-27,71";"-37,4";"0,00";"-27,71";"-21,46";"0,000000";"0,000000";"0,000";"0,000";"0,000";"0,000"
"-172965,36";"MERCEARIA \ CEREAIS \ FARINACEOS \ MANDIOCA";"0,000";"2,000";"0,000";"30,000";"-28,000";"-93,3";"0,01";"0,00";"0,00";"28,55";"0,00";"441,10";"-412,54";"-93,5";"0,02";"-412,39";"-362,90";"0,000000";"0,000000";"0,000";"0,000";"0,000";"0,000"
"-172138,08";"MERCEARIA \ CEREAIS \ FARINACEOS \ MISTURA FARINHAS";"0,000";"96,000";"0,000";"22,000";"74,000";"336,4";"-0,02";"0,00";"0,00";"1.198,31";"0,00";"371,02";"827,28";"223,0";"-0,03";"987,74";"781,14";"0,000000";"0,000000";"0,000";"0,000";"0,000";"0,000"
"-172151,48";"MERCEARIA \ CEREAIS \ FARINACEOS \ POLENTA";"0,000";"0,000";"0,000";"1,000";"-1,000";"-100,0";"0,00";"0,00";"0,00";"0,00";"0,00";"13,40";"-13,40";"-100,0";"0,00";"-13,40";"-11,68";"0,000000";"0,000000";"0,000";"0,000";"0,000";"0,000"
"-172160,68";"MERCEARIA \ CEREAIS \ FARINACEOS \ POLVILHO";"0,000";"3,000";"0,000";"5,000";"-2,000";"-40,0";"0,00";"0,00";"0,00";"12,87";"0,00";"22,07";"-9,20";"-41,7";"0,00";"-9,20";"-6,40";"0,000000";"0,000000";"0,000";"0,000";"0,000";"0,000"
"-172261,56";"MERCEARIA \ CEREAIS \ FARINACEOS \ QUINOA";"0,000";"0,000";"0,000";"7,000";"-7,000";"-100,0";"0,00";"0,00";"0,00";"0,00";"0,00";"100,88";"-100,88";"-100,0";"0,00";"-100,88";"-78,15";"0,000000";"0,000000";"0,000";"0,000";"0,000";"0,000"
"-172362,86";"MERCEARIA \ CEREAIS \ FARINACEOS \ SEMENTES";"0,000";"5,000";"0,000";"30,000";"-25,000";"-83,3";"0,01";"0,00";"0,00";"20,89";"0,00";"122,19";"-101,30";"-82,9";"0,00";"-101,30";"-75,39";"0,000000";"0,000000";"0,000";"0,000";"0,000";"0,000"
"-173144,17";"MERCEARIA \ CEREAIS \ FARINACEOS \ TAPIOCA";"0,000";"61,000";"0,000";"259,000";"-198,000";"-76,4";"0,05";"0,00";"0,00";"203,70";"0,00";"985,00";"-781,31";"-79,3";"0,03";"-781,31";"-588,02";"0,000000";"0,000000";"0,000";"0,000";"0,000";"0,000"
"-173159,39";"MERCEARIA \ CEREAIS \ FARINACEOS \ TRIGO PARA KIBE";"0,000";"0,000";"0,000";"4,000";"-4,000";"-100,0";"0,00";"0,00";"0,00";"0,00";"0,00";"15,22";"-15,22";"-100,0";"0,00";"-15,22";"-10,98";"0,000000";"0,000000";"0,000";"0,000";"0,000";"0,000"
"-173838,67";"MERCEARIA \ CEREAIS \ FEIJAO \ FEIJAO COLORIDO";"0,000";"130,000";"0,000";"255,000";"-125,000";"-49,0";"0,03";"0,00";"0,00";"689,20";"0,00";"1.368,48";"-679,28";"-49,6";"0,03";"-679,22";"-672,92";"0,000000";"0,000000";"0,000";"0,000";"0,000";"0,000"
"-177425,87";"MERCEARIA \ CEREAIS \ FEIJAO \ FEIJAO PRETO";"0,000";"345,000";"0,000";"1.231,000";"-886,000";"-72,0";"0,22";"0,00";"0,00";"1.430,50";"0,00";"5.017,70";"-3.587,20";"-71,5";"0,14";"-3.586,72";"-3.387,69";"0,000000";"0,000000";"0,000";"0,000";"0,000";"0,000"
"-177510,61";"MERCEARIA \ CEREAIS \ GRAOS \ AMENDOIM";"0,000";"1,000";"0,000";"16,000";"-15,000";"-93,8";"0,00";"0,00";"0,00";"5,38";"0,00";"90,13";"-84,74";"-94,0";"0,00";"-84,74";"-63,75";"0,000000";"0,000000";"0,000";"0,000";"0,000";"0,000"
"-177600,73";"MERCEARIA \ CEREAIS \ GRAOS \ CANJICA";"0,000";"16,000";"0,000";"55,000";"-39,000";"-70,9";"0,01";"0,00";"0,00";"61,49";"0,00";"151,61";"-90,12";"-59,4";"0,00";"-90,12";"-64,79";"0,000000";"0,000000";"0,000";"0,000";"0,000";"0,000"
"-178123,77";"MERCEARIA \ CEREAIS \ GRAOS \ ERVILHA CEREAIS";"0,000";"53,000";"0,000";"140,000";"-87,000";"-62,1";"0,02";"0,00";"0,00";"219,60";"0,00";"742,63";"-523,04";"-70,4";"0,02";"-523,02";"-443,19";"0,000000";"0,000000";"0,000";"0,000";"0,000";"0,000"
"-178104,69";"MERCEARIA \ CEREAIS \ GRAOS \ GERGELIM";"0,000";"2,000";"0,000";"0,000";"2,000";"";"0,00";"0,00";"0,00";"19,08";"0,00";"0,00";"19,08";"";"0,00";"19,08";"14,88";"0,000000";"0,000000";"0,000";"0,000";"0,000";"0,000"
"-178050,17";"MERCEARIA \ CEREAIS \ GRAOS \ GRAO DE BICO";"0,000";"12,000";"0,000";"6,000";"6,000";"100,0";"0,00";"0,00";"0,00";"98,64";"0,00";"44,12";"54,52";"123,6";"0,00";"54,52";"42,52";"0,000000";"0,000000";"0,000";"0,000";"0,000";"0,000"
"-178318,59";"MERCEARIA \ CEREAIS \ GRAOS \ LENTILHA";"0,000";"0,000";"0,000";"36,000";"-36,000";"-100,0";"0,01";"0,00";"0,00";"0,00";"0,00";"268,42";"-268,42";"-100,0";"0,01";"-268,42";"-209,37";"0,000000";"0,000000";"0,000";"0,000";"0,000";"0,000"
"-178546,05";"MERCEARIA \ CEREAIS \ GRAOS \ MILHO PIPOCA";"0,000";"401,000";"0,000";"480,000";"-79,000";"-16,5";"0,02";"0,00";"0,00";"952,55";"0,00";"1.180,01";"-227,46";"-19,3";"0,01";"-225,95";"-191,96";"0,000000";"0,000000";"0,000";"0,000";"0,000";"0,000"
"-178551,45";"MERCEARIA \ CEREAIS \ GRAOS \ SAGU";"0,000";"0,000";"0,000";"1,000";"-1,000";"-100,0";"0,00";"0,00";"0,00";"0,00";"0,00";"5,40";"-5,40";"-100,0";"0,00";"-5,40";"-4,21";"0,000000";"0,000000";"0,000";"0,000";"0,000";"0,000"
"-179322,83";"MERCEARIA \ CONSERVAS \ ATOMATADOS \ EXTRATO DE TOMATE";"0,000";"222,000";"0,000";"1.242,000";"-1.020,000";"-82,1";"0,26";"0,00";"0,00";"1.898,77";"0,00";"2.670,16";"-771,38";"-28,9";"0,03";"-771,38";"-726,00";"0,000000";"0,000000";"0,000";"0,000";"0,000";"0,000"
"-181357,58";"MERCEARIA \ CONSERVAS \ ATOMATADOS \ MOLHOS DE TOMATE";"0,000";"156,000";"0,000";"1.361,000";"-1.205,000";"-88,5";"0,30";"0,00";"0,00";"448,62";"0,00";"2.483,37";"-2.034,75";"-81,9";"0,08";"-2.032,36";"-1.938,48";"0,000000";"0,000000";"0,000";"0,000";"0,000";"0,000"
"-181130,61";"MERCEARIA \ CONSERVAS \ ATOMATADOS \ PASSATA DE TOMATE";"0,000";"97,000";"0,000";"87,000";"10,000";"11,5";"0,00";"0,00";"0,00";"1.025,40";"0,00";"798,43";"226,97";"28,4";"-0,01";"219,24";"201,92";"0,000000";"0,000000";"0,000";"0,000";"0,000";"0,000"
"-181146,94";"MERCEARIA \ CONSERVAS \ ATOMATADOS \ POLPA DE TOMATE";"0,000";"1,000";"0,000";"5,000";"-4,000";"-80,0";"0,00";"0,00";"0,00";"3,90";"0,00";"20,23";"-16,33";"-80,7";"0,00";"-15,56";"-14,73";"0,000000";"0,000000";"0,000";"0,000";"0,000";"0,000"
"-180863,72";"MERCEARIA \ CONSERVAS \ ATOMATADOS \ TOMATE PELADO";"0,000";"59,000";"0,000";"9,000";"50,000";"555,6";"-0,01";"0,00";"0,00";"335,15";"0,00";"51,93";"283,22";"545,4";"-0,01";"283,22";"256,76";"0,000000";"0,000000";"0,000";"0,000";"0,000";"0,000"
"-181555,51";"MERCEARIA \ CONSERVAS \ CONDIMENTOS \ CONDIMENTOS";"0,000";"241,000";"0,000";"431,000";"-190,000";"-44,1";"0,05";"0,00";"0,00";"766,21";"0,00";"1.458,00";"-691,79";"-47,4";"0,03";"-691,79";"-624,38";"0,000000";"0,000000";"0,000";"0,000";"0,000";"0,000"
"-181645,06";"MERCEARIA \ CONSERVAS \ MAIONESE \ MAIONESE ESPECIAL";"0,000";"12,000";"0,000";"21,000";"-9,000";"-42,9";"0,00";"0,00";"0,00";"135,23";"0,00";"224,78";"-89,55";"-39,8";"0,00";"-89,55";"-86,98";"0,000000";"0,000000";"0,000";"0,000";"0,000";"0,000"
"-183764,98";"MERCEARIA \ CONSERVAS \ MAIONESE \ MAIONESE TRADICIONAL";"0,000";"2,000";"0,000";"304,000";"-302,000";"-99,3";"0,08";"0,00";"0,00";"6,45";"0,00";"2.126,37";"-2.119,92";"-99,7";"0,08";"-2.119,92";"-1.877,58";"0,000000";"0,000000";"0,000";"0,000";"0,000";"0,000"
"-184641,06";"MERCEARIA \ CONSERVAS \ MOLHOS \ CATCHUP";"0,000";"41,000";"0,000";"281,000";"-240,000";"-85,4";"0,06";"0,00";"0,00";"271,72";"0,00";"1.147,80";"-876,08";"-76,3";"0,03";"-872,54";"-807,43";"0,000000";"0,000000";"0,000";"0,000";"0,000";"0,000"
"-184729,01";"MERCEARIA \ CONSERVAS \ MOLHOS \ MOLHO BARBECUE";"0,000";"4,000";"0,000";"10,000";"-6,000";"-60,0";"0,00";"0,00";"0,00";"17,95";"0,00";"105,90";"-87,95";"-83,1";"0,00";"-87,95";"-80,74";"0,000000";"0,000000";"0,000";"0,000";"0,000";"0,000"
"-184734,94";"MERCEARIA \ CONSERVAS \ MOLHOS \ MOLHO DE ALHO";"0,000";"0,000";"0,000";"2,000";"-2,000";"-100,0";"0,00";"0,00";"0,00";"0,00";"0,00";"5,93";"-5,93";"-100,0";"0,00";"-5,93";"-5,44";"0,000000";"0,000000";"0,000";"0,000";"0,000";"0,000"
"-185341,37";"MERCEARIA \ CONSERVAS \ MOLHOS \ MOLHO DE PIMENTA";"0,000";"11,000";"0,000";"46,000";"-35,000";"-76,1";"0,01";"0,00";"0,00";"177,00";"0,00";"783,43";"-606,43";"-77,4";"0,02";"-606,43";"-553,91";"0,000000";"0,000000";"0,000";"0,000";"0,000";"0,000"
"-186845,05";"MERCEARIA \ CONSERVAS \ MOLHOS \ MOLHO ESPECIAL";"0,000";"60,000";"0,000";"210,000";"-150,000";"-71,4";"0,04";"0,00";"0,00";"964,82";"0,00";"2.468,50";"-1.503,68";"-60,9";"0,06";"-1.503,68";"-1.445,65";"0,000000";"0,000000";"0,000";"0,000";"0,000";"0,000"
"-186656,29";"MERCEARIA \ CONSERVAS \ MOLHOS \ MOLHO INGLES";"0,000";"71,000";"0,000";"2,000";"69,000";"3.450,0";"-0,02";"0,00";"0,00";"206,06";"0,00";"17,30";"188,76";"1.091,2";"-0,01";"188,76";"176,36";"0,000000";"0,000000";"0,000";"0,000";"0,000";"0,000"
"-186986,23";"MERCEARIA \ CONSERVAS \ MOLHOS \ MOLHO MADEIRA";"0,000";"6,000";"0,000";"90,000";"-84,000";"-93,3";"0,02";"0,00";"0,00";"23,11";"0,00";"353,05";"-329,94";"-93,5";"0,01";"-329,12";"-300,02";"0,000000";"0,000000";"0,000";"0,000";"0,000";"0,000"
"-187086,82";"MERCEARIA \ CONSERVAS \ MOLHOS \ MOLHO P.LANCHE";"0,000";"1,000";"0,000";"26,000";"-25,000";"-96,2";"0,01";"0,00";"0,00";"3,51";"0,00";"104,10";"-100,59";"-96,6";"0,00";"-100,59";"-91,50";"0,000000";"0,000000";"0,000";"0,000";"0,000";"0,000"
"-187186,77";"MERCEARIA \ CONSERVAS \ MOLHOS \ MOLHO P.SALADA";"0,000";"4,000";"0,000";"22,000";"-18,000";"-81,8";"0,00";"0,00";"0,00";"21,16";"0,00";"121,10";"-99,95";"-82,5";"0,00";"-99,95";"-90,97";"0,000000";"0,000000";"0,000";"0,000";"0,000";"0,000"
"-187435,31";"MERCEARIA \ CONSERVAS \ MOLHOS \ MOLHO SHOYU";"0,000";"36,000";"0,000";"116,000";"-80,000";"-69,0";"0,02";"0,00";"0,00";"322,12";"0,00";"570,67";"-248,54";"-43,6";"0,01";"-248,54";"-227,83";"0,000000";"0,000000";"0,000";"0,000";"0,000";"0,000"
"-187793,23";"MERCEARIA \ CONSERVAS \ MOLHOS \ MOSTARDAS";"0,000";"4,000";"0,000";"32,000";"-28,000";"-87,5";"0,01";"0,00";"0,00";"35,39";"0,00";"393,31";"-357,92";"-91,0";"0,01";"-357,92";"-328,80";"0,000000";"0,000000";"0,000";"0,000";"0,000";"0,000"
"-187824,23";"MERCEARIA \ CONSERVAS \ PASTAS \ PASTAS CONSERVA";"0,000";"0,000";"0,000";"5,000";"-5,000";"-100,0";"0,00";"0,00";"0,00";"0,00";"0,00";"31,00";"-31,00";"-100,0";"0,00";"-31,00";"-24,18";"0,000000";"0,000000";"0,000";"0,000";"0,000";"0,000"
"-187947,68";"MERCEARIA \ CONSERVAS \ PASTAS \ PATES CONSERVA";"0,000";"13,000";"0,000";"20,000";"-7,000";"-35,0";"0,00";"0,00";"0,00";"134,45";"0,00";"257,90";"-123,45";"-47,9";"0,00";"-123,45";"-93,78";"0,000000";"0,000000";"0,000";"0,000";"0,000";"0,000"
"-188017,72";"MERCEARIA \ CONSERVAS \ PESCADOS EM CONSERVA \ ANCHOVETA";"0,000";"0,000";"0,000";"3,000";"-3,000";"-100,0";"0,00";"0,00";"0,00";"0,00";"0,00";"70,04";"-70,04";"-100,0";"0,00";"-70,04";"-64,44";"0,000000";"0,000000";"0,000";"0,000";"0,000";"0,000"
"-187493,98";"MERCEARIA \ CONSERVAS \ PESCADOS EM CONSERVA \ ATUM";"0,000";"358,000";"0,000";"339,000";"19,000";"5,6";"0,00";"0,00";"0,00";"2.735,32";"0,00";"2.211,58";"523,74";"23,7";"-0,02";"523,74";"502,03";"0,000000";"0,000000";"0,000";"0,000";"0,000";"0,000"
"-187752,04";"MERCEARIA \ CONSERVAS \ PESCADOS EM CONSERVA \ SARDINHA";"0,000";"10,000";"0,000";"69,000";"-59,000";"-85,5";"0,01";"0,00";"0,00";"60,91";"0,00";"318,97";"-258,06";"-80,9";"0,01";"-258,06";"-229,38";"0,000000";"0,000000";"0,000";"0,000";"0,000";"0,000"
"-187789,82";"MERCEARIA \ CONSERVAS \ PRATOS PRONTOS \ ALMONDEGA";"0,000";"0,000";"0,000";"4,000";"-4,000";"-100,0";"0,00";"0,00";"0,00";"0,00";"0,00";"37,78";"-37,78";"-100,0";"0,00";"-37,78";"-34,69";"0,000000";"0,000000";"0,000";"0,000";"0,000";"0,000"
"-187800,36";"MERCEARIA \ CONSERVAS \ PRATOS PRONTOS \ FEIJOADA";"0,000";"1,000";"0,000";"3,000";"-2,000";"-66,7";"0,00";"0,00";"0,00";"19,97";"0,00";"30,52";"-10,54";"-34,6";"0,00";"-10,54";"-9,57";"0,000000";"0,000000";"0,000";"0,000";"0,000";"0,000"
"-188054,64";"MERCEARIA \ CONSERVAS \ PRATOS PRONTOS \ FIAMBRE";"0,000";"0,000";"0,000";"28,000";"-28,000";"-100,0";"0,01";"0,00";"0,00";"0,00";"0,00";"254,28";"-254,28";"-100,0";"0,01";"-254,28";"-230,90";"0,000000";"0,000000";"0,000";"0,000";"0,000";"0,000"
"-188459,86";"MERCEARIA \ CONSERVAS \ PRATOS PRONTOS \ PRATOS PRONTOS ESPECIAIS";"0,000";"0,000";"0,000";"20,000";"-20,000";"-100,0";"0,01";"0,00";"0,00";"0,00";"0,00";"405,22";"-405,22";"-100,0";"0,02";"-405,22";"-372,09";"0,000000";"0,000000";"0,000";"0,000";"0,000";"0,000"
"-188483,66";"MERCEARIA \ CONSERVAS \ PRATOS PRONTOS \ SALSICHA EM CONSERVA";"0,000";"0,000";"0,000";"7,000";"-7,000";"-100,0";"0,00";"0,00";"0,00";"0,00";"0,00";"23,80";"-23,80";"-100,0";"0,00";"-23,80";"-20,08";"0,000000";"0,000000";"0,000";"0,000";"0,000";"0,000"
"-188686,06";"MERCEARIA \ CONSERVAS \ SAL \ SAL ESPECIAL";"0,000";"7,000";"0,000";"20,000";"-13,000";"-65,0";"0,00";"0,00";"0,00";"122,32";"0,00";"324,72";"-202,40";"-62,3";"0,01";"-202,40";"-175,26";"0,000000";"0,000000";"0,000";"0,000";"0,000";"0,000"
"-188902,62";"MERCEARIA \ CONSERVAS \ SAL \ SAL GROSSO";"0,000";"55,000";"0,000";"168,000";"-113,000";"-67,3";"0,03";"0,00";"0,00";"89,83";"0,00";"306,39";"-216,56";"-70,7";"0,01";"-216,56";"-200,30";"0,000000";"0,000000";"0,000";"0,000";"0,000";"0,000"
"-191216,14";"MERCEARIA \ CONSERVAS \ SAL \ SAL REFINADO";"0,000";"63,000";"0,000";"1.075,000";"-1.012,000";"-94,1";"0,26";"0,00";"0,00";"313,50";"0,00";"2.627,02";"-2.313,52";"-88,1";"0,09";"-2.313,52";"-2.123,04";"0,000000";"0,000000";"0,000";"0,000";"0,000";"0,000"
"-191454,97";"MERCEARIA \ CONSERVAS \ SOPAS E CREMES \ CREME";"0,000";"0,000";"0,000";"51,000";"-51,000";"-100,0";"0,01";"0,00";"0,00";"0,00";"0,00";"238,83";"-238,83";"-100,0";"0,01";"-238,83";"-190,46";"0,000000";"0,000000";"0,000";"0,000";"0,000";"0,000"
"-191636,85";"MERCEARIA \ CONSERVAS \ SOPAS E CREMES \ SOPA";"0,000";"15,000";"0,000";"52,000";"-37,000";"-71,2";"0,01";"0,00";"0,00";"100,63";"0,00";"282,51";"-181,88";"-64,4";"0,01";"-181,88";"-143,32";"0,000000";"0,000000";"0,000";"0,000";"0,000";"0,000"
"-191674,61";"MERCEARIA \ CONSERVAS \ TEMPEROS \ ALHO TEMPEROS";"0,000";"3,000";"0,000";"9,000";"-6,000";"-66,7";"0,00";"0,00";"0,00";"37,10";"0,00";"74,86";"-37,76";"-50,4";"0,00";"-37,76";"-29,45";"0,000000";"0,000000";"0,000";"0,000";"0,000";"0,000"
"-192680,32";"MERCEARIA \ CONSERVAS \ TEMPEROS \ CALDO";"0,000";"164,000";"0,000";"666,000";"-502,000";"-75,4";"0,13";"0,00";"0,00";"295,92";"0,00";"1.301,63";"-1.005,71";"-77,3";"0,04";"-1.005,72";"-785,22";"0,000000";"0,000000";"0,000";"0,000";"0,000";"0,000"
"-194279,94";"MERCEARIA \ CONSERVAS \ TEMPEROS \ TEMPEROS";"0,000";"352,000";"0,000";"803,000";"-451,000";"-56,2";"0,11";"0,00";"0,00";"1.270,85";"0,00";"2.870,47";"-1.599,62";"-55,7";"0,06";"-1.599,62";"-1.516,81";"0,000000";"0,000000";"0,000";"0,000";"0,000";"0,000"
"-194296,24";"MERCEARIA \ CONSERVAS \ VEGETAIS EM CONSERVA \ ALCAPARRA";"0,000";"0,000";"0,000";"2,000";"-2,000";"-100,0";"0,00";"0,00";"0,00";"0,00";"0,00";"16,30";"-16,30";"-100,0";"0,00";"-16,30";"-14,88";"0,000000";"0,000000";"0,000";"0,000";"0,000";"0,000"
"-197527,81";"MERCEARIA \ CONSERVAS \ VEGETAIS EM CONSERVA \ AZEITONA";"0,000";"74,000";"0,000";"565,000";"-491,000";"-86,9";"0,12";"0,00";"0,00";"682,45";"0,00";"3.914,02";"-3.231,57";"-82,6";"0,13";"-3.231,18";"-3.042,09";"0,000000";"0,000000";"0,000";"0,000";"0,000";"0,000"
"-197537,82";"MERCEARIA \ CONSERVAS \ VEGETAIS EM CONSERVA \ CEBOLINHA";"0,000";"0,000";"0,000";"1,000";"-1,000";"-100,0";"0,00";"0,00";"0,00";"0,00";"0,00";"10,01";"-10,01";"-100,0";"0,00";"-10,01";"-9,19";"0,000000";"0,000000";"0,000";"0,000";"0,000";"0,000"
"-201628,92";"MERCEARIA \ CONSERVAS \ VEGETAIS EM CONSERVA \ CHAMPIGNON";"0,000";"19,000";"0,000";"1.002,000";"-983,000";"-98,1";"0,25";"0,00";"0,00";"125,05";"0,00";"4.216,15";"-4.091,10";"-97,0";"0,16";"-4.091,10";"-3.267,42";"0,000000";"0,000000";"0,000";"0,000";"0,000";"0,000"
"-201690,73";"MERCEARIA \ CONSERVAS \ VEGETAIS EM CONSERVA \ COGUMELO";"0,000";"7,000";"0,000";"11,000";"-4,000";"-36,4";"0,00";"0,00";"0,00";"77,35";"0,00";"139,16";"-61,81";"-44,4";"0,00";"-61,81";"-57,05";"0,000000";"0,000000";"0,000";"0,000";"0,000";"0,000"
"-201730,41";"MERCEARIA \ CONSERVAS \ VEGETAIS EM CONSERVA \ DUETO ERVILHA E MILHO";"0,000";"2,000";"0,000";"14,000";"-12,000";"-85,7";"0,00";"0,00";"0,00";"6,38";"0,00";"46,07";"-39,68";"-86,1";"0,00";"-39,55";"-38,86";"0,000000";"0,000000";"0,000";"0,000";"0,000";"0,000"
"-201448,25";"MERCEARIA \ CONSERVAS \ VEGETAIS EM CONSERVA \ DUETO ERVILHA-CENOURA";"0,000";"15,000";"0,000";"1,000";"14,000";"1.400,0";"0,00";"0,00";"0,00";"303,59";"0,00";"21,43";"282,16";"1.316,9";"-0,01";"282,16";"259,05";"0,000000";"0,000000";"0,000";"0,000";"0,000";"0,000"
"-201445,50";"MERCEARIA \ CONSERVAS \ VEGETAIS EM CONSERVA \ ERVILHA CONSERVA";"0,000";"2,000";"0,000";"15,000";"-13,000";"-86,7";"0,00";"0,00";"0,00";"42,63";"0,00";"39,87";"2,75";"6,9";"0,00";"2,75";"2,52";"0,000000";"0,000000";"0,000";"0,000";"0,000";"0,000"
"-201453,92";"MERCEARIA \ CONSERVAS \ VEGETAIS EM CONSERVA \ FEIJAO";"0,000";"6,000";"0,000";"3,000";"3,000";"100,0";"0,00";"0,00";"0,00";"38,39";"0,00";"46,80";"-8,42";"-18,0";"0,00";"-8,42";"-5,51";"0,000000";"0,000000";"0,000";"0,000";"0,000";"0,000"
"-201457,33";"MERCEARIA \ CONSERVAS \ VEGETAIS EM CONSERVA \ GRAO DE BICO";"0,000";"1,000";"0,000";"2,000";"-1,000";"-50,0";"0,00";"0,00";"0,00";"5,43";"0,00";"8,84";"-3,41";"-38,5";"0,00";"-3,41";"-2,68";"0,000000";"0,000000";"0,000";"0,000";"0,000";"0,000"
"-204177,87";"MERCEARIA \ CONSERVAS \ VEGETAIS EM CONSERVA \ MILHO VERDE";"0,000";"335,000";"0,000";"1.649,000";"-1.314,000";"-79,7";"0,33";"0,00";"0,00";"813,90";"0,00";"3.534,44";"-2.720,54";"-77,0";"0,11";"-2.720,61";"-2.456,94";"0,000000";"0,000000";"0,000";"0,000";"0,000";"0,000"
"-205463,20";"MERCEARIA \ CONSERVAS \ VEGETAIS EM CONSERVA \ PALMITO";"0,000";"26,000";"0,000";"126,000";"-100,000";"-79,4";"0,03";"0,00";"0,00";"452,64";"0,00";"1.737,98";"-1.285,33";"-74,0";"0,05";"-1.285,34";"-1.189,60";"0,000000";"0,000000";"0,000";"0,000";"0,000";"0,000"
"-205433,22";"MERCEARIA \ CONSERVAS \ VEGETAIS EM CONSERVA \ PEPINO";"0,000";"12,000";"0,000";"10,000";"2,000";"20,0";"0,00";"0,00";"0,00";"333,49";"0,00";"303,51";"29,98";"9,9";"0,00";"29,98";"27,36";"0,000000";"0,000000";"0,000";"0,000";"0,000";"0,000"
"-205440,18";"MERCEARIA \ CONSERVAS \ VEGETAIS EM CONSERVA \ PICKLES";"0,000";"0,000";"0,000";"1,000";"-1,000";"-100,0";"0,00";"0,00";"0,00";"0,00";"0,00";"6,96";"-6,96";"-100,0";"0,00";"-6,96";"-6,39";"0,000000";"0,000000";"0,000";"0,000";"0,000";"0,000"
"-205753,92";"MERCEARIA \ CONSERVAS \ VEGETAIS EM CONSERVA \ PIMENTA";"0,000";"7,000";"0,000";"28,000";"-21,000";"-75,0";"0,01";"0,00";"0,00";"77,73";"0,00";"391,47";"-313,74";"-80,1";"0,01";"-313,74";"-306,26";"0,000000";"0,000000";"0,000";"0,000";"0,000";"0,000"
"-206239,86";"MERCEARIA \ CONSERVAS \ VINAGRE-VINHO CULINARIO \ VINAGRE ALCOOL";"0,000";"69,000";"0,000";"283,000";"-214,000";"-75,6";"0,05";"0,00";"0,00";"133,98";"0,00";"619,92";"-485,94";"-78,4";"0,02";"-485,94";"-408,86";"0,000000";"0,000000";"0,000";"0,000";"0,000";"0,000"
"-206479,27";"MERCEARIA \ CONSERVAS \ VINAGRE-VINHO CULINARIO \ VINAGRE ESPECIAL";"0,000";"2,000";"0,000";"27,000";"-25,000";"-92,6";"0,01";"0,00";"0,00";"13,67";"0,00";"253,07";"-239,41";"-94,6";"0,01";"-239,41";"-204,68";"0,000000";"0,000000";"0,000";"0,000";"0,000";"0,000"
"-206804,24";"MERCEARIA \ CONSERVAS \ VINAGRE-VINHO CULINARIO \ VINAGRE FRUTAS";"0,000";"159,000";"0,000";"217,000";"-58,000";"-26,7";"0,01";"0,00";"0,00";"808,63";"0,00";"1.133,60";"-324,97";"-28,7";"0,01";"-324,97";"-264,95";"0,000000";"0,000000";"0,000";"0,000";"0,000";"0,000"
"-206925,39";"MERCEARIA \ CONSERVAS \ VINAGRE-VINHO CULINARIO \ VINAGRE VINHO";"0,000";"1,000";"0,000";"25,000";"-24,000";"-96,0";"0,01";"0,00";"0,00";"4,60";"0,00";"125,75";"-121,15";"-96,3";"0,00";"-121,15";"-102,81";"0,000000";"0,000000";"0,000";"0,000";"0,000";"0,000"
"-207014,81";"MERCEARIA \ MASSAS \ MASSAS ALETR-C ANJO-CAPEL \ MASSAS ALETR-C ANJO-CAPEL";"0,000";"3,000";"0,000";"13,000";"-10,000";"-76,9";"0,00";"0,00";"0,00";"19,23";"0,00";"108,65";"-89,42";"-82,3";"0,00";"-89,42";"-83,16";"0,000000";"0,000000";"0,000";"0,000";"0,000";"0,000"
"-207014,81";"MERCEARIA \ MASSAS \ MASSAS CARACOL \ MASSAS CARACOL";"0,000";"1,000";"0,000";"1,000";"0,000";"0,0";"0,00";"0,00";"0,00";"10,43";"0,00";"10,43";"0,00";"0,0";"0,00";"0,00";"0,00";"0,000000";"0,000000";"0,000";"0,000";"0,000";"0,000"
"-207035,79";"MERCEARIA \ MASSAS \ MASSAS CONCHINHA \ MASSAS CONCHINHA";"0,000";"0,000";"0,000";"6,000";"-6,000";"-100,0";"0,00";"0,00";"0,00";"0,00";"0,00";"20,98";"-20,98";"-100,0";"0,00";"-20,98";"-19,51";"0,000000";"0,000000";"0,000";"0,000";"0,000";"0,000"
"-206283,75";"MERCEARIA \ MASSAS \ MASSAS ESPAGUETE \ MASSAS ESPAGUETE";"0,000";"859,000";"0,000";"802,000";"57,000";"7,1";"-0,01";"0,00";"0,00";"3.791,06";"0,00";"3.039,03";"752,04";"24,7";"-0,03";"752,09";"689,92";"0,000000";"0,000000";"0,000";"0,000";"0,000";"0,000"
"-206971,34";"MERCEARIA \ MASSAS \ MASSAS ESPECIAIS \ MASSAS ESPECIAIS SECA";"0,000";"155,000";"0,000";"154,000";"1,000";"0,6";"0,00";"0,00";"0,00";"2.050,37";"0,00";"2.737,96";"-687,59";"-25,1";"0,03";"-687,59";"-634,71";"0,000000";"0,000000";"0,000";"0,000";"0,000";"0,000"
"-207048,76";"MERCEARIA \ MASSAS \ MASSAS FARFALE \ MASSAS FARFALE";"0,000";"0,000";"0,000";"7,000";"-7,000";"-100,0";"0,00";"0,00";"0,00";"0,00";"0,00";"77,42";"-77,42";"-100,0";"0,00";"-77,42";"-72,28";"0,000000";"0,000000";"0,000";"0,000";"0,000";"0,000"
"-208187,09";"MERCEARIA \ MASSAS \ MASSAS FIDELINHO \ MASSAS FIDELINHO";"0,000";"65,000";"0,000";"410,000";"-345,000";"-84,1";"0,09";"0,00";"0,00";"238,25";"0,00";"1.376,58";"-1.138,33";"-82,7";"0,05";"-1.138,33";"-1.058,64";"0,000000";"0,000000";"0,000";"0,000";"0,000";"0,000"
"-209393,82";"MERCEARIA \ MASSAS \ MASSAS GRANO DURO \ MASSAS GRANO DURO";"0,000";"7,000";"0,000";"195,000";"-188,000";"-96,4";"0,05";"0,00";"0,00";"69,70";"0,00";"1.276,43";"-1.206,73";"-94,5";"0,05";"-1.206,73";"-1.144,96";"0,000000";"0,000000";"0,000";"0,000";"0,000";"0,000"
"-209446,16";"MERCEARIA \ MASSAS \ MASSAS GRAVATA \ MASSAS GRAVATA";"0,000";"7,000";"0,000";"20,000";"-13,000";"-65,0";"0,00";"0,00";"0,00";"27,09";"0,00";"79,43";"-52,34";"-65,9";"0,00";"-52,34";"-48,68";"0,000000";"0,000000";"0,000";"0,000";"0,000";"0,000"
"-209330,42";"MERCEARIA \ MASSAS \ MASSAS INSTANTANEA \ MASSAS INSTANTANEA COPO";"0,000";"55,000";"0,000";"26,000";"29,000";"111,5";"-0,01";"0,00";"0,00";"218,02";"0,00";"102,29";"115,74";"113,1";"0,00";"115,74";"115,74";"0,000000";"0,000000";"0,000";"0,000";"0,000";"0,000"
"-210080,74";"MERCEARIA \ MASSAS \ MASSAS INSTANTANEA \ MASSAS INSTANTANEA PACOTE";"0,000";"36,000";"0,000";"126,000";"-90,000";"-71,4";"0,02";"0,00";"0,00";"1,19";"0,00";"751,51";"-750,32";"-99,8";"0,03";"-750,32";"-750,32";"0,000000";"0,000000";"0,000";"0,000";"0,000";"0,000"
"-210319,48";"MERCEARIA \ MASSAS \ MASSAS INTEGRAL \ MASSAS INTEGRAL";"0,000";"0,000";"0,000";"24,000";"-24,000";"-100,0";"0,01";"0,00";"0,00";"0,00";"0,00";"238,74";"-238,74";"-100,0";"0,01";"-238,74";"-222,03";"0,000000";"0,000000";"0,000";"0,000";"0,000";"0,000"
"-210624,87";"MERCEARIA \ MASSAS \ MASSAS LASANHA \ MASSAS LASANHA";"0,000";"1,000";"0,000";"49,000";"-48,000";"-98,0";"0,01";"0,00";"0,00";"3,05";"0,00";"308,44";"-305,39";"-99,0";"0,01";"-305,39";"-291,99";"0,000000";"0,000000";"0,000";"0,000";"0,000";"0,000"
"-210642,42";"MERCEARIA \ MASSAS \ MASSAS LETRINHA BICHINHOS \ MASSAS LETRINHAS";"0,000";"1,000";"0,000";"6,000";"-5,000";"-83,3";"0,00";"0,00";"0,00";"3,42";"0,00";"20,96";"-17,55";"-83,7";"0,00";"-17,55";"-16,32";"0,000000";"0,000000";"0,000";"0,000";"0,000";"0,000"
"-210673,34";"MERCEARIA \ MASSAS \ MASSAS NHOQUE \ MASSAS NHOQUE";"0,000";"2,000";"0,000";"6,000";"-4,000";"-66,7";"0,00";"0,00";"0,00";"6,72";"0,00";"37,64";"-30,92";"-82,1";"0,00";"-30,92";"-29,56";"0,000000";"0,000000";"0,000";"0,000";"0,000";"0,000"
"-210874,69";"MERCEARIA \ MASSAS \ MASSAS NINHO \ MASSAS NINHO";"0,000";"144,000";"0,000";"192,000";"-48,000";"-25,0";"0,01";"0,00";"0,00";"610,79";"0,00";"812,14";"-201,35";"-24,8";"0,01";"-201,35";"-188,09";"0,000000";"0,000000";"0,000";"0,000";"0,000";"0,000"
"-210858,12";"MERCEARIA \ MASSAS \ MASSAS P NOSSO-AV MARIA \ MASSAS P NOSSO-AV MARIA";"0,000";"68,000";"0,000";"60,000";"8,000";"13,3";"0,00";"0,00";"0,00";"229,25";"0,00";"212,68";"16,57";"7,8";"0,00";"16,56";"15,40";"0,000000";"0,000000";"0,000";"0,000";"0,000";"0,000"
"-212083,52";"MERCEARIA \ MASSAS \ MASSAS PARAFUSO-FUSILLI \ MASSAS PARAFUSO-FUSILLI";"0,000";"85,000";"0,000";"449,000";"-364,000";"-81,1";"0,09";"0,00";"0,00";"371,73";"0,00";"1.597,14";"-1.225,40";"-76,7";"0,05";"-1.225,41";"-1.185,23";"0,000000";"0,000000";"0,000";"0,000";"0,000";"0,000"
"-212788,67";"MERCEARIA \ MASSAS \ MASSAS PENNE-RIGATONI \ MASSAS PENNE-RIGATONI";"0,000";"65,000";"0,000";"300,000";"-235,000";"-78,3";"0,06";"0,00";"0,00";"447,55";"0,00";"1.152,70";"-705,15";"-61,2";"0,03";"-705,15";"-654,65";"0,000000";"0,000000";"0,000";"0,000";"0,000";"0,000"
"-212489,75";"MERCEARIA \ MASSAS \ MASSAS TALH-FETTUC-LINGUI \ MASSSAS TALH-FETTUC-LINGU";"0,000";"133,000";"0,000";"56,000";"77,000";"137,5";"-0,02";"0,00";"0,00";"611,62";"0,00";"312,70";"298,92";"95,6";"-0,01";"298,92";"275,56";"0,000000";"0,000000";"0,000";"0,000";"0,000";"0,000"
"-212507,85";"MERCEARIA \ MATINAIS \ ACUCAR \ ACUCAR COCO";"0,000";"0,000";"0,000";"1,000";"-1,000";"-100,0";"0,00";"0,00";"0,00";"0,00";"0,00";"18,10";"-18,10";"-100,0";"0,00";"-18,10";"-14,16";"0,000000";"0,000000";"0,000";"0,000";"0,000";"0,000"
"-212734,46";"MERCEARIA \ MATINAIS \ ACUCAR \ ACUCAR CRISTAL";"0,000";"90,000";"0,000";"121,000";"-31,000";"-25,6";"0,01";"0,00";"0,00";"428,13";"0,00";"654,74";"-226,61";"-34,6";"0,01";"-226,61";"-196,48";"0,000000";"0,000000";"0,000";"0,000";"0,000";"0,000"
"-213079,16";"MERCEARIA \ MATINAIS \ ACUCAR \ ACUCAR DEMERARA";"0,000";"6,000";"0,000";"47,000";"-41,000";"-87,2";"0,01";"0,00";"0,00";"45,94";"0,00";"390,64";"-344,70";"-88,2";"0,01";"-344,70";"-300,87";"0,000000";"0,000000";"0,000";"0,000";"0,000";"0,000"
"-213205,98";"MERCEARIA \ MATINAIS \ ACUCAR \ ACUCAR ESPECIAIS";"0,000";"4,000";"0,000";"35,000";"-31,000";"-88,6";"0,01";"0,00";"0,00";"19,00";"0,00";"145,82";"-126,82";"-87,0";"0,01";"-126,82";"-117,95";"0,000000";"0,000000";"0,000";"0,000";"0,000";"0,000"
"-213370,12";"MERCEARIA \ MATINAIS \ ACUCAR \ ACUCAR MASCAVO";"0,000";"0,000";"0,000";"6,000";"-6,000";"-100,0";"0,00";"0,00";"0,00";"0,00";"0,00";"164,14";"-164,14";"-100,0";"0,01";"-164,14";"-131,06";"0,000000";"0,000000";"0,000";"0,000";"0,000";"0,000"
"-216955,14";"MERCEARIA \ MATINAIS \ ACUCAR \ ACUCAR REFINADO";"0,000";"185,000";"0,000";"1.387,000";"-1.202,000";"-86,7";"0,30";"0,00";"0,00";"513,35";"0,00";"4.098,37";"-3.585,02";"-87,5";"0,14";"-3.584,86";"-3.333,92";"0,000000";"0,000000";"0,000";"0,000";"0,000";"0,000"
"-216961,26";"MERCEARIA \ MATINAIS \ ADOCANTE \ ADOCANTE CULINARIO";"0,000";"0,000";"0,000";"2,000";"-2,000";"-100,0";"0,00";"0,00";"0,00";"0,00";"0,00";"6,12";"-6,12";"-100,0";"0,00";"-6,12";"-4,77";"0,000000";"0,000000";"0,000";"0,000";"0,000";"0,000"
"-217059,06";"MERCEARIA \ MATINAIS \ ADOCANTE \ ADOCANTE EM PO";"0,000";"0,000";"0,000";"13,000";"-13,000";"-100,0";"0,00";"0,00";"0,00";"0,00";"0,00";"97,80";"-97,80";"-100,0";"0,00";"-97,80";"-76,88";"0,000000";"0,000000";"0,000";"0,000";"0,000";"0,000"
"-217179,84";"MERCEARIA \ MATINAIS \ ADOCANTE \ ADOCANTE LIQUIDO";"0,000";"36,000";"0,000";"31,000";"5,000";"16,1";"0,00";"0,00";"0,00";"196,72";"0,00";"317,50";"-120,78";"-38,0";"0,00";"-120,78";"-94,01";"0,000000";"0,000000";"0,000";"0,000";"0,000";"0,000"
"-217142,50";"MERCEARIA \ MATINAIS \ AMIDO \ AMIDO";"0,000";"5,000";"0,000";"3,000";"2,000";"66,7";"0,00";"0,00";"0,00";"55,86";"0,00";"18,52";"37,34";"201,6";"0,00";"37,34";"29,83";"0,000000";"0,000000";"0,000";"0,000";"0,000";"0,000"
"-218458,17";"MERCEARIA \ MATINAIS \ AVEIA \ AVEIA FLOCOS";"0,000";"24,000";"0,000";"289,000";"-265,000";"-91,7";"0,07";"0,00";"0,00";"187,15";"0,00";"1.502,82";"-1.315,67";"-87,5";"0,05";"-1.315,67";"-1.032,51";"0,000000";"0,000000";"0,000";"0,000";"0,000";"0,000"
"-254637,37";"MERCEARIA \ MATINAIS \ CAFE \ CAFE ALMOFADA";"0,000";"307,000";"0,000";"1.718,000";"-1.411,000";"-82,1";"0,36";"0,00";"0,00";"4.499,96";"0,00";"40.679,15";"-36.179,20";"-88,9";"1,44";"-36.183,54";"-33.555,21";"0,000000";"0,000000";"0,000";"0,000";"0,000";"0,000"
"-254269,83";"MERCEARIA \ MATINAIS \ CAFE \ CAFE EM GRAOS";"0,000";"10,000";"0,000";"2,000";"8,000";"400,0";"0,00";"0,00";"0,00";"489,23";"0,00";"121,69";"367,54";"302,0";"-0,01";"367,54";"342,51";"0,000000";"0,000000";"0,000";"0,000";"0,000";"0,000"
"-253906,78";"MERCEARIA \ MATINAIS \ CAFE \ CAFE SOLUVEL";"0,000";"140,000";"0,000";"116,000";"24,000";"20,7";"-0,01";"0,00";"0,00";"1.765,05";"0,00";"1.402,01";"363,05";"25,9";"-0,01";"363,05";"363,05";"0,000000";"0,000000";"0,000";"0,000";"0,000";"0,000"
"-256866,42";"MERCEARIA \ MATINAIS \ CAFE \ CAFE VACUO";"0,000";"57,000";"0,000";"191,000";"-134,000";"-70,2";"0,03";"0,00";"0,00";"1.258,85";"0,00";"4.218,49";"-2.959,64";"-70,2";"0,12";"-2.959,64";"-2.750,32";"0,000000";"0,000000";"0,000";"0,000";"0,000";"0,000"
"-257961,11";"MERCEARIA \ MATINAIS \ CAFE \ MIST BEBIDAS CAFE";"0,000";"20,000";"0,000";"94,000";"-74,000";"-78,7";"0,02";"0,00";"0,00";"242,64";"0,00";"1.337,32";"-1.094,69";"-81,9";"0,04";"-1.094,69";"-1.094,69";"0,000000";"0,000000";"0,000";"0,000";"0,000";"0,000"
"-262301,72";"MERCEARIA \ MATINAIS \ CEREAL MATINAL \ CEREAL MATINAL";"0,000";"53,000";"0,000";"536,000";"-483,000";"-90,1";"0,12";"0,00";"0,00";"458,83";"0,00";"4.799,44";"-4.340,61";"-90,4";"0,17";"-4.340,61";"-4.017,42";"0,000000";"0,000000";"0,000";"0,000";"0,000";"0,000"
"-262940,30";"MERCEARIA \ MATINAIS \ CHA \ CHA EM SACHE";"0,000";"62,000";"0,000";"195,000";"-133,000";"-68,2";"0,03";"0,00";"0,00";"305,66";"0,00";"944,24";"-638,58";"-67,6";"0,03";"-638,58";"-580,33";"0,000000";"0,000000";"0,000";"0,000";"0,000";"0,000"
"-262468,33";"MERCEARIA \ MATINAIS \ COMPOSTO LACTEO \ COMPOSTO LACTEO";"0,000";"28,000";"0,000";"2,000";"26,000";"1.300,0";"-0,01";"0,00";"0,00";"536,65";"0,00";"64,68";"471,97";"729,7";"-0,02";"471,97";"471,97";"0,000000";"0,000000";"0,000";"0,000";"0,000";"0,000"
"-263197,76";"MERCEARIA \ MATINAIS \ DERIVADO DO MEL \ MEL-PROPOLIS";"0,000";"6,000";"0,000";"61,000";"-55,000";"-90,2";"0,01";"0,00";"0,00";"56,59";"0,00";"786,02";"-729,43";"-92,8";"0,03";"-729,43";"-582,01";"0,000000";"0,000000";"0,000";"0,000";"0,000";"0,000"
"-263141,07";"MERCEARIA \ MATINAIS \ DERIVADO DO MEL \ MELADO E GLICOSE";"0,000";"4,000";"0,000";"0,000";"4,000";"";"0,00";"0,00";"0,00";"56,69";"0,00";"0,00";"56,69";"";"0,00";"56,69";"44,22";"0,000000";"0,000000";"0,000";"0,000";"0,000";"0,000"
"-264575,83";"MERCEARIA \ MATINAIS \ DERIVADOS DO CACAU \ ACHOCOLATADO EM PO";"0,000";"10,000";"0,000";"125,000";"-115,000";"-92,0";"0,03";"0,00";"0,00";"156,76";"0,00";"1.591,52";"-1.434,76";"-90,2";"0,06";"-1.434,76";"-1.268,30";"0,000000";"0,000000";"0,000";"0,000";"0,000";"0,000"
"-264604,68";"MERCEARIA \ MATINAIS \ DERIVADOS DO CACAU \ CACAU EM PO";"0,000";"1,000";"0,000";"2,000";"-1,000";"-50,0";"0,00";"0,00";"0,00";"29,57";"0,00";"58,42";"-28,85";"-49,4";"0,00";"-28,85";"-22,48";"0,000000";"0,000000";"0,000";"0,000";"0,000";"0,000"
"-265583,96";"MERCEARIA \ MATINAIS \ DERIVADOS DO CACAU \ CHOCOLATE EM PO";"0,000";"0,000";"0,000";"50,000";"-50,000";"-100,0";"0,01";"0,00";"0,00";"0,00";"0,00";"979,28";"-979,28";"-100,0";"0,04";"-979,28";"-781,54";"0,000000";"0,000000";"0,000";"0,000";"0,000";"0,000"
"-266372,36";"MERCEARIA \ MATINAIS \ FARELO \ FARELO DE AVEIA";"0,000";"24,000";"0,000";"146,000";"-122,000";"-83,6";"0,03";"0,00";"0,00";"110,76";"0,00";"899,16";"-788,40";"-87,7";"0,03";"-784,21";"-613,63";"0,000000";"0,000000";"0,000";"0,000";"0,000";"0,000"
"-266713,59";"MERCEARIA \ MATINAIS \ FARINHAS \ AMENDOA";"0,000";"0,000";"0,000";"7,250";"-7,250";"-100,0";"0,00";"0,00";"0,00";"0,00";"0,00";"341,23";"-341,23";"-100,0";"0,01";"-341,23";"-247,74";"0,000000";"0,000000";"0,000";"0,000";"0,000";"0,000"
"-266725,05";"MERCEARIA \ MATINAIS \ FARINHAS \ AMENDOIM";"0,000";"0,000";"0,000";"1,000";"-1,000";"-100,0";"0,00";"0,00";"0,00";"0,00";"0,00";"11,46";"-11,46";"-100,0";"0,00";"-11,46";"-8,94";"0,000000";"0,000000";"0,000";"0,000";"0,000";"0,000"
"-266940,26";"MERCEARIA \ MATINAIS \ FARINHAS \ ARROZ";"0,000";"1,000";"0,000";"38,000";"-37,000";"-97,4";"0,01";"0,00";"0,00";"5,58";"0,00";"220,79";"-215,21";"-97,5";"0,01";"-215,21";"-167,59";"0,000000";"0,000000";"0,000";"0,000";"0,000";"0,000"
"-267057,47";"MERCEARIA \ MATINAIS \ FARINHAS \ AVEIA";"0,000";"38,000";"0,000";"70,000";"-32,000";"-45,7";"0,01";"0,00";"0,00";"142,21";"0,00";"259,42";"-117,21";"-45,2";"0,00";"-117,21";"-92,74";"0,000000";"0,000000";"0,000";"0,000";"0,000";"0,000"
"-267067,72";"MERCEARIA \ MATINAIS \ FARINHAS \ COCO";"0,000";"0,000";"0,000";"1,000";"-1,000";"-100,0";"0,00";"0,00";"0,00";"0,00";"0,00";"10,25";"-10,25";"-100,0";"0,00";"-10,25";"-7,99";"0,000000";"0,000000";"0,000";"0,000";"0,000";"0,000"
"-266927,29";"MERCEARIA \ MATINAIS \ FARINHAS \ FARINHA LACTEA";"0,000";"44,000";"0,000";"19,000";"25,000";"131,6";"-0,01";"0,00";"0,00";"233,72";"0,00";"93,30";"140,43";"150,5";"-0,01";"140,43";"140,76";"0,000000";"0,000000";"0,000";"0,000";"0,000";"0,000"
"-265660,00";"MERCEARIA \ MATINAIS \ FORMULA INFANTIL \ FORMULA INFANTIL";"0,000";"43,000";"0,000";"12,000";"31,000";"258,3";"-0,01";"0,00";"0,00";"1.935,41";"0,00";"668,12";"1.267,29";"189,7";"-0,05";"1.267,29";"1.267,29";"0,000000";"0,000000";"0,000";"0,000";"0,000";"0,000"
"-265687,80";"MERCEARIA \ MATINAIS \ LEITE EM PO \ LEITE EM PO ESPECIAIS";"0,000";"0,000";"0,000";"1,000";"-1,000";"-100,0";"0,00";"0,00";"0,00";"0,00";"0,00";"27,80";"-27,80";"-100,0";"0,00";"-27,80";"-21,68";"0,000000";"0,000000";"0,000";"0,000";"0,000";"0,000"
"-274193,84";"MERCEARIA \ MATINAIS \ LEITE EM PO \ LEITE EM PO TRADICIONAL";"0,000";"206,000";"0,000";"1.049,000";"-843,000";"-80,4";"0,21";"0,00";"0,00";"2.728,92";"0,00";"11.234,96";"-8.506,04";"-75,7";"0,34";"-8.475,41";"-6.683,75";"0,000000";"0,000000";"0,000";"0,000";"0,000";"0,000"
"-274179,63";"MERCEARIA \ MATINAIS \ LEITE EM PO \ LEITE EM PO ZERO LACTOSE";"0,000";"1,000";"0,000";"0,000";"1,000";"";"0,00";"0,00";"0,00";"14,21";"0,00";"0,00";"14,21";"";"0,00";"14,21";"11,08";"0,000000";"0,000000";"0,000";"0,000";"0,000";"0,000"
"-273283,01";"MERCEARIA \ MATINAIS \ MATINAIS CAPSULA \ CAPS ACHOCOLATADO";"0,000";"63,000";"0,000";"12,000";"51,000";"425,0";"-0,01";"0,00";"0,00";"1.067,75";"0,00";"171,12";"896,62";"524,0";"-0,04";"896,62";"896,73";"0,000000";"0,000000";"0,000";"0,000";"0,000";"0,000"
"-275316,52";"MERCEARIA \ MATINAIS \ MATINAIS CAPSULA \ CAPS CAFE";"0,000";"235,000";"0,000";"308,000";"-73,000";"-23,7";"0,02";"0,00";"0,00";"4.029,72";"0,00";"6.063,24";"-2.033,51";"-33,5";"0,08";"-2.033,51";"-1.539,41";"0,000000";"0,000000";"0,000";"0,000";"0,000";"0,000"
"-275601,05";"MERCEARIA \ MATINAIS \ MATINAIS CAPSULA \ CAPS CHA";"0,000";"4,000";"0,000";"30,000";"-26,000";"-86,7";"0,01";"0,00";"0,00";"47,21";"0,00";"331,74";"-284,53";"-85,8";"0,01";"-284,53";"-219,44";"0,000000";"0,000000";"0,000";"0,000";"0,000";"0,000"
"-275617,81";"MERCEARIA \ MATINAIS \ MATINAIS CAPSULA \ CAPS MATINAIS COM LEITE";"0,000";"39,000";"0,000";"40,000";"-1,000";"-2,5";"0,00";"0,00";"0,00";"651,55";"0,00";"668,30";"-16,76";"-2,5";"0,00";"-16,76";"2,00";"0,000000";"0,000000";"0,000";"0,000";"0,000";"0,000"
"-275915,32";"MERCEARIA \ MATINAIS \ MINGAU \ MINGAU TRADICIONAL";"0,000";"3,000";"0,000";"52,000";"-49,000";"-94,2";"0,01";"0,00";"0,00";"13,13";"0,00";"310,64";"-297,51";"-95,8";"0,01";"-297,51";"-279,52";"0,000000";"0,000000";"0,000";"0,000";"0,000";"0,000"
"-276234,45";"MERCEARIA \ MATINAIS \ PASTAS \ PASTA AMENDOIM";"0,000";"4,000";"0,000";"11,000";"-7,000";"-63,6";"0,00";"0,00";"0,00";"184,48";"0,00";"503,61";"-319,13";"-63,4";"0,01";"-319,13";"-224,97";"0,000000";"0,000000";"0,000";"0,000";"0,000";"0,000"
"-279443,35";"MERCEARIA \ MATINAIS \ SUPLEMENTO ALIMENTAR \ SUPLEMENTO ALIMENTAR";"0,000";"79,000";"0,000";"320,000";"-241,000";"-75,3";"0,06";"0,00";"0,00";"788,44";"0,00";"3.997,34";"-3.208,90";"-80,3";"0,13";"-3.218,34";"-2.363,25";"0,000000";"0,000000";"0,000";"0,000";"0,000";"0,000"
"-283909,73";"MERCEARIA \ OLEOS VEGETAIS - BANHA \ AZEITE \ AZEITE EXTRA VIRGEM";"0,000";"23,000";"0,000";"190,000";"-167,000";"-87,9";"0,04";"0,00";"0,00";"589,17";"0,00";"5.055,55";"-4.466,38";"-88,3";"0,18";"-4.466,38";"-4.466,38";"0,000000";"0,000000";"0,000";"0,000";"0,000";"0,000"
"-286431,56";"MERCEARIA \ OLEOS VEGETAIS - BANHA \ AZEITE \ AZEITE TIPO UNICO - OLIVA";"0,000";"0,000";"0,000";"98,000";"-98,000";"-100,0";"0,02";"0,00";"0,00";"0,00";"0,00";"2.521,83";"-2.521,83";"-100,0";"0,10";"-2.499,95";"-2.499,95";"0,000000";"0,000000";"0,000";"0,000";"0,000";"0,000"
"-286941,93";"MERCEARIA \ OLEOS VEGETAIS - BANHA \ OLEOS \ OLEO COMPOSTO";"0,000";"2,000";"0,000";"63,000";"-61,000";"-96,8";"0,02";"0,00";"0,00";"31,84";"0,00";"542,21";"-510,37";"-94,1";"0,02";"-510,37";"-491,33";"0,000000";"0,000000";"0,000";"0,000";"0,000";"0,000"
"-287267,86";"MERCEARIA \ OLEOS VEGETAIS - BANHA \ OLEOS \ OLEO DE CANOLA";"0,000";"0,000";"0,000";"22,000";"-22,000";"-100,0";"0,01";"0,00";"0,00";"0,00";"0,00";"325,93";"-325,93";"-100,0";"0,01";"-325,93";"-325,93";"0,000000";"0,000000";"0,000";"0,000";"0,000";"0,000"
"-287418,59";"MERCEARIA \ OLEOS VEGETAIS - BANHA \ OLEOS \ OLEO DE COCO";"0,000";"0,000";"0,000";"6,000";"-6,000";"-100,0";"0,00";"0,00";"0,00";"0,00";"0,00";"150,73";"-150,73";"-100,0";"0,01";"-150,73";"-117,57";"0,000000";"0,000000";"0,000";"0,000";"0,000";"0,000"
"-287962,26";"MERCEARIA \ OLEOS VEGETAIS - BANHA \ OLEOS \ OLEO DE GIRASOL";"0,000";"0,000";"0,000";"35,000";"-35,000";"-100,0";"0,01";"0,00";"0,00";"0,00";"0,00";"543,67";"-543,67";"-100,0";"0,02";"-543,67";"-543,67";"0,000000";"0,000000";"0,000";"0,000";"0,000";"0,000"
"-287939,88";"MERCEARIA \ OLEOS VEGETAIS - BANHA \ OLEOS \ OLEO DE SOJA";"0,000";"45,000";"0,000";"26,000";"19,000";"73,1";"0,00";"0,00";"0,00";"190,39";"0,00";"168,00";"22,38";"13,3";"0,00";"22,38";"20,81";"0,000000";"0,000000";"0,000";"0,000";"0,000";"0,000"
"-287924,79";"MERCEARIA \ OLEOS VEGETAIS - BANHA \ OLEOS \ OLEO GERGELIM-PEQUI";"0,000";"1,000";"0,000";"0,000";"1,000";"";"0,00";"0,00";"0,00";"15,09";"0,00";"0,00";"15,09";"";"0,00";"15,09";"11,88";"0,000000";"0,000000";"0,000";"0,000";"0,000";"0,000"
"-287943,45";"MERCEARIA \ SOBREMESAS \ CHANTILLY \ CHANTILLY";"0,000";"0,000";"0,000";"3,000";"-3,000";"-100,0";"0,00";"0,00";"0,00";"0,00";"0,00";"18,66";"-18,66";"-100,0";"0,00";"-18,66";"-14,70";"0,000000";"0,000000";"0,000";"0,000";"0,000";"0,000"
"-287988,86";"MERCEARIA \ SOBREMESAS \ COBERTURAS \ COBERTURAS";"0,000";"0,000";"0,000";"6,000";"-6,000";"-100,0";"0,00";"0,00";"0,00";"0,00";"0,00";"45,41";"-45,41";"-100,0";"0,00";"-45,41";"-35,45";"0,000000";"0,000000";"0,000";"0,000";"0,000";"0,000"
"-288001,10";"MERCEARIA \ SOBREMESAS \ CORANTES E ESSENCIAS \ CORANTE";"0,000";"0,000";"0,000";"4,000";"-4,000";"-100,0";"0,00";"0,00";"0,00";"0,00";"0,00";"12,24";"-12,24";"-100,0";"0,00";"-12,24";"-9,55";"0,000000";"0,000000";"0,000";"0,000";"0,000";"0,000"
"-288048,73";"MERCEARIA \ SOBREMESAS \ CORANTES E ESSENCIAS \ ESSENCIAS";"0,000";"0,000";"0,000";"13,000";"-13,000";"-100,0";"0,00";"0,00";"0,00";"0,00";"0,00";"47,63";"-47,63";"-100,0";"0,00";"-47,63";"-38,03";"0,000000";"0,000000";"0,000";"0,000";"0,000";"0,000"
"-288000,83";"MERCEARIA \ SOBREMESAS \ CREME DE LEITE \ CREME DE LEITE LATA";"0,000";"18,000";"0,000";"9,000";"9,000";"100,0";"0,00";"0,00";"0,00";"97,22";"0,00";"49,32";"47,90";"97,1";"0,00";"47,90";"32,74";"0,000000";"0,000000";"0,000";"0,000";"0,000";"0,000"
"-288754,98";"MERCEARIA \ SOBREMESAS \ CREME DE LEITE \ CREME DE LEITE TP";"0,000";"249,000";"0,000";"797,000";"-548,000";"-68,8";"0,14";"0,00";"0,00";"662,59";"0,00";"1.416,74";"-754,15";"-53,2";"0,03";"-757,73";"-550,30";"0,000000";"0,000000";"0,000";"0,000";"0,000";"0,000"
"-288598,24";"MERCEARIA \ SOBREMESAS \ CREMES \ CREME DE AVELA";"0,000";"9,000";"0,000";"1,000";"8,000";"800,0";"0,00";"0,00";"0,00";"176,47";"0,00";"19,73";"156,74";"794,3";"-0,01";"156,74";"121,16";"0,000000";"0,000000";"0,000";"0,000";"0,000";"0,000"
"-289067,41";"MERCEARIA \ SOBREMESAS \ CREMES \ OUTROS CREMES";"0,000";"2,000";"0,000";"44,000";"-42,000";"-95,5";"0,01";"0,00";"0,00";"22,96";"0,00";"492,13";"-469,17";"-95,3";"0,02";"-469,17";"-370,94";"0,000000";"0,000000";"0,000";"0,000";"0,000";"0,000"
"-289066,27";"MERCEARIA \ SOBREMESAS \ DERIVADO DO COCO \ COCO RALADO";"0,000";"17,000";"0,000";"20,000";"-3,000";"-15,0";"0,00";"0,00";"0,00";"105,01";"0,00";"103,87";"1,14";"1,1";"0,00";"0,47";"-1,50";"0,000000";"0,000000";"0,000";"0,000";"0,000";"0,000"
"-290453,24";"MERCEARIA \ SOBREMESAS \ DERIVADO DO COCO \ LEITE DE COCO";"0,000";"130,000";"0,000";"343,004";"-213,004";"-62,1";"0,05";"0,00";"0,00";"603,90";"0,00";"1.990,87";"-1.386,97";"-69,7";"0,06";"-1.386,97";"-1.091,82";"0,000000";"0,000000";"0,000";"0,000";"0,000";"0,000"
"-290561,12";"MERCEARIA \ SOBREMESAS \ DOCE - COMPOTA DOCE - COM \ COMPOTA LATA";"0,000";"15,000";"0,000";"26,000";"-11,000";"-42,3";"0,00";"0,00";"0,00";"214,85";"0,00";"322,73";"-107,88";"-33,4";"0,00";"-107,88";"-95,76";"0,000000";"0,000000";"0,000";"0,000";"0,000";"0,000"
"-292201,22";"MERCEARIA \ SOBREMESAS \ DOCE - COMPOTA DOCE - COM \ COMPOTA VIDRO";"0,000";"33,000";"0,000";"152,000";"-119,000";"-78,3";"0,03";"0,00";"0,00";"519,57";"0,00";"2.159,66";"-1.640,10";"-75,9";"0,07";"-1.639,97";"-1.453,95";"0,000000";"0,000000";"0,000";"0,000";"0,000";"0,000"
"-293893,97";"MERCEARIA \ SOBREMESAS \ DOCE - COMPOTA DOCE - COM \ DOCE BARRA";"0,000";"26,000";"0,000";"184,000";"-158,000";"-85,9";"0,04";"0,00";"0,00";"206,96";"0,00";"1.899,72";"-1.692,75";"-89,1";"0,07";"-1.692,77";"-1.558,14";"0,000000";"0,000000";"0,000";"0,000";"0,000";"0,000"
"-293884,96";"MERCEARIA \ SOBREMESAS \ FERMENTOS \ FERMENTO BIOLOGICO";"0,000";"11,000";"0,000";"3,000";"8,000";"266,7";"0,00";"0,00";"0,00";"12,37";"0,00";"3,36";"9,01";"268,1";"0,00";"8,98";"7,21";"0,000000";"0,000000";"0,000";"0,000";"0,000";"0,000"
"-293920,80";"MERCEARIA \ SOBREMESAS \ FERMENTOS \ FERMENTO PO";"0,000";"0,000";"0,000";"13,000";"-13,000";"-100,0";"0,00";"0,00";"0,00";"0,00";"0,00";"35,84";"-35,84";"-100,0";"0,00";"-35,84";"-28,50";"0,000000";"0,000000";"0,000";"0,000";"0,000";"0,000"
"-293923,77";"MERCEARIA \ SOBREMESAS \ FLAN \ FLAN";"0,000";"0,000";"0,000";"1,000";"-1,000";"-100,0";"0,00";"0,00";"0,00";"0,00";"0,00";"2,97";"-2,97";"-100,0";"0,00";"-2,97";"-2,37";"0,000000";"0,000000";"0,000";"0,000";"0,000";"0,000"
"-293944,81";"MERCEARIA \ SOBREMESAS \ GELATINA \ GELATINA LIGHT-DIET-COLAG";"0,000";"5,000";"0,000";"11,000";"-6,000";"-54,5";"0,00";"0,00";"0,00";"14,88";"0,00";"35,92";"-21,04";"-58,6";"0,00";"-20,65";"-16,02";"0,000000";"0,000000";"0,000";"0,000";"0,000";"0,000"
"-294142,39";"MERCEARIA \ SOBREMESAS \ GELATINA \ GELATINA TRADICIONAL";"0,000";"109,000";"0,000";"224,000";"-115,000";"-51,3";"0,03";"0,00";"0,00";"193,14";"0,00";"390,72";"-197,58";"-50,6";"0,01";"-197,64";"-156,88";"0,000000";"0,000000";"0,000";"0,000";"0,000";"0,000"
"-295187,63";"MERCEARIA \ SOBREMESAS \ GELEIAS \ GELEIA DE FRUTAS";"0,000";"56,000";"0,000";"111,000";"-55,000";"-49,5";"0,01";"0,00";"0,00";"1.001,49";"0,00";"2.046,73";"-1.045,24";"-51,1";"0,04";"-1.045,24";"-1.017,06";"0,000000";"0,000000";"0,000";"0,000";"0,000";"0,000"
"-295525,37";"MERCEARIA \ SOBREMESAS \ GELEIAS \ GELEIA DE MOCOTO";"0,000";"35,000";"0,000";"127,000";"-92,000";"-72,4";"0,02";"0,00";"0,00";"108,81";"0,00";"446,56";"-337,74";"-75,6";"0,01";"-337,62";"-269,14";"0,000000";"0,000000";"0,000";"0,000";"0,000";"0,000"
"-295331,18";"MERCEARIA \ SOBREMESAS \ GRANULADOS \ GRANULADOS";"0,000";"36,000";"0,000";"3,000";"33,000";"1.100,0";"-0,01";"0,00";"0,00";"208,80";"0,00";"14,61";"194,19";"1.328,9";"-0,01";"194,19";"176,17";"0,000000";"0,000000";"0,000";"0,000";"0,000";"0,000"
"-295424,10";"MERCEARIA \ SOBREMESAS \ LEITE CONDESADO \ LEITE CONDENSADO LATA";"0,000";"0,000";"0,000";"12,000";"-12,000";"-100,0";"0,00";"0,00";"0,00";"0,00";"0,00";"92,92";"-92,92";"-100,0";"0,00";"-92,92";"-72,02";"0,000000";"0,000000";"0,000";"0,000";"0,000";"0,000"
"-297142,10";"MERCEARIA \ SOBREMESAS \ LEITE CONDESADO \ LEITE CONDENSADO TP";"0,000";"46,000";"0,000";"417,000";"-371,000";"-89,0";"0,09";"0,00";"0,00";"278,63";"0,00";"1.996,62";"-1.718,00";"-86,0";"0,07";"-1.715,97";"-1.246,32";"0,000000";"0,000000";"0,000";"0,000";"0,000";"0,000"
"-297232,40";"MERCEARIA \ SOBREMESAS \ LEITE CONDESADO \ LEITE CONDENSADO VD";"0,000";"0,000";"0,000";"6,000";"-6,000";"-100,0";"0,00";"0,00";"0,00";"0,00";"0,00";"90,30";"-90,30";"-100,0";"0,00";"-90,29";"-82,10";"0,000000";"0,000000";"0,000";"0,000";"0,000";"0,000"
"-297292,13";"MERCEARIA \ SOBREMESAS \ MISTURAS \ MIST P.BOLO ESPECIAI";"0,000";"0,000";"0,000";"5,000";"-5,000";"-100,0";"0,00";"0,00";"0,00";"0,00";"0,00";"59,73";"-59,73";"-100,0";"0,00";"-59,73";"-47,70";"0,000000";"0,000000";"0,000";"0,000";"0,000";"0,000"
"-298301,66";"MERCEARIA \ SOBREMESAS \ MISTURAS \ MIST P.BOLO TRADICIONAL";"0,000";"20,000";"0,000";"218,000";"-198,000";"-90,8";"0,05";"0,00";"0,00";"71,08";"0,00";"1.080,61";"-1.009,53";"-93,4";"0,04";"-1.009,53";"-796,58";"0,000000";"0,000000";"0,000";"0,000";"0,000";"0,000"
"-298496,63";"MERCEARIA \ SOBREMESAS \ MISTURAS \ POS PARA SORVETE- MOUSSE";"0,000";"1,000";"0,000";"26,000";"-25,000";"-96,2";"0,01";"0,00";"0,00";"7,59";"0,00";"202,57";"-194,97";"-96,3";"0,01";"-194,97";"-151,84";"0,000000";"0,000000";"0,000";"0,000";"0,000";"0,000"
"-298644,71";"MERCEARIA \ SOBREMESAS \ PUDIM \ PUDIM";"0,000";"3,000";"0,000";"43,000";"-40,000";"-93,0";"0,01";"0,00";"0,00";"8,46";"0,00";"156,54";"-148,08";"-94,6";"0,01";"-148,08";"-118,25";"0,000000";"0,000000";"0,000";"0,000";"0,000";"0,000"
"-453439,98";"NAO REVENDA \ MATERIA PRIMA \ MATERIA PRIMA \ MATERIA PRIMA";"0,000";"65.640,987";"0,000";"16.837,803";"48.803,184";"289,8";"-12,33";"0,00";"0,00";"118.845,48";"0,00";"273.640,75";"-154.795,27";"-56,6";"6,17";"-154.857,54";"-125.748,96";"0,000000";"0,000000";"0,000";"0,000";"0,000";"0,000"
"-451673,52";"NAO REVENDA \ MATERIA PRIMA \ MATERIA PRIMA \ PRODUTO MATERIA PRIMA";"0,000";"253,000";"0,000";"158,000";"95,000";"60,1";"-0,02";"0,00";"0,00";"15.554,42";"0,00";"13.787,96";"1.766,46";"12,8";"-0,07";"1.766,46";"15,99";"0,000000";"0,000000";"0,000";"0,000";"0,000";"0,000"
"-456715,23";"NAO REVENDA \ USO E CONSUMO \ ALMOXARIFADO \ ESCRITORIO";"0,000";"0,000";"0,000";"415,000";"-415,000";"-100,0";"0,10";"0,00";"0,00";"0,00";"0,00";"5.041,71";"-5.041,71";"-100,0";"0,20";"-5.041,71";"-4.575,35";"0,000000";"0,000000";"0,000";"0,000";"0,000";"0,000"
"-450824,99";"NAO REVENDA \ USO E CONSUMO \ ALMOXARIFADO \ ETIQUETAS-BOBINAS TERMIC";"0,000";"568,000";"0,000";"1,000";"567,000";"56.700,0";"-0,14";"0,00";"0,00";"6.259,07";"0,00";"368,83";"5.890,24";"1.597,0";"-0,23";"5.890,24";"4.241,41";"0,000000";"0,000000";"0,000";"0,000";"0,000";"0,000"
"-451078,91";"NAO REVENDA \ USO E CONSUMO \ EMBALAGEM \ EMBALAGEM";"0,000";"0,000";"0,000";"3,000";"-3,000";"-100,0";"0,00";"0,00";"0,00";"0,00";"0,00";"253,92";"-253,92";"-100,0";"0,01";"-253,92";"-205,24";"0,000000";"0,000000";"0,000";"0,000";"0,000";"0,000"
"-483927,18";"PERECIVEIS \ ACOUGUE \ AVES \ CORTE FRANGO CONG";"0,000";"4.543,830";"0,000";"6.907,650";"-2.363,820";"-34,2";"0,60";"0,00";"0,00";"56.573,10";"0,00";"89.421,37";"-32.848,27";"-36,7";"1,31";"-32.923,56";"-30.634,76";"0,000000";"0,000000";"0,000";"0,000";"0,000";"0,000"
"-505324,15";"PERECIVEIS \ ACOUGUE \ AVES \ CORTE FRANGO CONG GRANEL";"0,000";"4.333,089";"0,000";"5.629,134";"-1.296,045";"-23,0";"0,33";"0,00";"0,00";"32.580,31";"0,00";"53.977,28";"-21.396,97";"-39,6";"0,85";"-21.414,43";"-19.897,08";"0,000000";"0,000000";"0,000";"0,000";"0,000";"0,000"
"-509263,32";"PERECIVEIS \ ACOUGUE \ AVES \ CORTE FRANGO RESFRIADO";"0,000";"66,346";"0,000";"530,369";"-464,023";"-87,5";"0,12";"0,00";"0,00";"419,77";"0,00";"4.358,93";"-3.939,17";"-90,4";"0,16";"-3.939,66";"-3.663,88";"0,000000";"0,000000";"0,000";"0,000";"0,000";"0,000"
"-510129,56";"PERECIVEIS \ ACOUGUE \ AVES \ CORTE PATO CONG";"0,000";"52,000";"0,000";"62,000";"-10,000";"-16,1";"0,00";"0,00";"0,00";"476,47";"0,00";"1.342,71";"-866,24";"-64,5";"0,03";"-866,24";"-805,60";"0,000000";"0,000000";"0,000";"0,000";"0,000";"0,000"
"-519672,57";"PERECIVEIS \ ACOUGUE \ AVES \ FRANGO INTEIRO";"0,000";"800,957";"0,000";"1.299,295";"-498,338";"-38,4";"0,13";"0,00";"0,00";"11.568,43";"0,00";"21.111,43";"-9.543,01";"-45,2";"0,38";"-9.543,01";"-7.786,38";"0,000000";"0,000000";"0,000";"0,000";"0,000";"0,000"
"-526479,27";"PERECIVEIS \ ACOUGUE \ AVES \ MIUDOS DE FRANGO";"0,000";"923,168";"0,000";"1.849,817";"-926,649";"-50,1";"0,23";"0,00";"0,00";"10.501,65";"0,00";"17.308,35";"-6.806,70";"-39,3";"0,27";"-6.805,28";"-6.328,83";"0,000000";"0,000000";"0,000";"0,000";"0,000";"0,000"
"-526092,65";"PERECIVEIS \ ACOUGUE \ AVES \ PATO INTEIRO";"0,000";"64,392";"0,000";"55,191";"9,201";"16,7";"0,00";"0,00";"0,00";"2.393,89";"0,00";"2.007,27";"386,62";"19,3";"-0,02";"386,62";"395,70";"0,000000";"0,000000";"0,000";"0,000";"0,000";"0,000"
"-526268,85";"PERECIVEIS \ ACOUGUE \ AVES \ PERU INTEIRO";"0,000";"41,872";"0,000";"47,534";"-5,662";"-11,9";"0,00";"0,00";"0,00";"1.303,06";"0,00";"1.479,26";"-176,20";"-11,9";"0,01";"-176,20";"-137,44";"0,000000";"0,000000";"0,000";"0,000";"0,000";"0,000"
"-539511,22";"PERECIVEIS \ ACOUGUE \ BOVINO \ BOVINOS PREMIUM";"0,000";"102,173";"0,000";"434,707";"-332,534";"-76,5";"0,08";"0,00";"0,00";"7.812,64";"0,00";"21.055,01";"-13.242,37";"-62,9";"0,53";"-13.242,29";"-12.315,48";"0,000000";"0,000000";"0,000";"0,000";"0,000";"0,000"
"-943565,77";"PERECIVEIS \ ACOUGUE \ BOVINO \ DIANTEIRO BOVINO";"0,000";"11.505,031";"0,000";"25.530,838";"-14.025,807";"-54,9";"3,54";"0,00";"0,00";"333.611,05";"0,00";"737.665,60";"-404.054,55";"-54,8";"16,11";"-403.850,19";"-375.901,09";"0,000000";"0,000000";"0,000";"0,000";"0,000";"0,000"
"-941710,49";"PERECIVEIS \ ACOUGUE \ BOVINO \ MIUDOS BOVINO";"0,000";"1.178,222";"0,000";"815,038";"363,184";"44,6";"-0,09";"0,00";"0,00";"13.071,02";"0,00";"11.215,74";"1.855,28";"16,5";"-0,07";"1.941,10";"1.805,23";"0,000000";"0,000000";"0,000";"0,000";"0,000";"0,000"
"-1144625,02";"PERECIVEIS \ ACOUGUE \ BOVINO \ TRASEIRO BOVINO";"0,000";"26.548,076";"0,000";"43.781,622";"-17.233,546";"-39,4";"4,35";"0,00";"0,00";"1.138.873,78";"0,00";"1.341.788,31";"-202.914,53";"-15,1";"8,09";"-204.805,16";"-190.251,00";"0,000000";"0,000000";"0,000";"0,000";"0,000";"0,000"
"-1138702,65";"PERECIVEIS \ ACOUGUE \ EXOTICOS \ CORDEIRO";"0,000";"217,950";"0,000";"122,574";"95,376";"77,8";"-0,02";"0,00";"0,00";"13.924,00";"0,00";"8.001,62";"5.922,37";"74,0";"-0,24";"5.922,37";"5.700,23";"0,000000";"0,000000";"0,000";"0,000";"0,000";"0,000"
"-1139789,66";"PERECIVEIS \ ACOUGUE \ EXOTICOS \ EXOTICOS ESPECIAS";"0,000";"26,018";"0,000";"43,828";"-17,810";"-40,6";"0,00";"0,00";"0,00";"1.344,56";"0,00";"2.431,57";"-1.087,01";"-44,7";"0,04";"-1.087,01";"-705,38";"0,000000";"0,000000";"0,000";"0,000";"0,000";"0,000"
"-1139739,78";"PERECIVEIS \ ACOUGUE \ LINGUICAS \ LINGUICA CORDEIRO";"0,000";"3,000";"0,000";"1,000";"2,000";"200,0";"0,00";"0,00";"0,00";"74,85";"0,00";"24,97";"49,88";"199,7";"0,00";"49,88";"41,77";"0,000000";"0,000000";"0,000";"0,000";"0,000";"0,000"
"-1139376,66";"PERECIVEIS \ ACOUGUE \ LINGUICAS \ LINGUICA COSTELA";"0,000";"110,000";"0,000";"169,000";"-59,000";"-34,9";"0,01";"0,00";"0,00";"2.398,17";"0,00";"2.035,05";"363,12";"17,8";"-0,01";"363,19";"308,20";"0,000000";"0,000000";"0,000";"0,000";"0,000";"0,000"
"-1140702,70";"PERECIVEIS \ ACOUGUE \ LINGUICAS \ LINGUICA FRANGO";"0,000";"201,110";"0,000";"315,093";"-113,983";"-36,2";"0,03";"0,00";"0,00";"2.299,54";"0,00";"3.625,58";"-1.326,04";"-36,6";"0,05";"-1.326,04";"-1.170,58";"0,000000";"0,000000";"0,000";"0,000";"0,000";"0,000"
"-1144041,24";"PERECIVEIS \ ACOUGUE \ LINGUICAS \ LINGUICA PERNIL";"0,000";"241,667";"0,000";"468,952";"-227,285";"-48,5";"0,06";"0,00";"0,00";"3.365,02";"0,00";"6.703,56";"-3.338,54";"-49,8";"0,13";"-3.335,85";"-3.004,35";"0,000000";"0,000000";"0,000";"0,000";"0,000";"0,000"
"-1143767,35";"PERECIVEIS \ ACOUGUE \ LINGUICAS \ LINGUICA SUINA-MISTA";"0,000";"874,667";"0,000";"921,255";"-46,588";"-5,1";"0,01";"0,00";"0,00";"10.611,27";"0,00";"10.337,38";"273,89";"2,6";"-0,01";"275,60";"187,31";"0,000000";"0,000000";"0,000";"0,000";"0,000";"0,000"
"-1149416,60";"PERECIVEIS \ ACOUGUE \ LINGUICAS \ LINGUICA TOSCANA CHURRASC";"0,000";"192,000";"0,000";"574,000";"-382,000";"-66,6";"0,10";"0,00";"0,00";"2.327,17";"0,00";"7.976,43";"-5.649,25";"-70,8";"0,23";"-5.651,69";"-5.158,92";"0,000000";"0,000000";"0,000";"0,000";"0,000";"0,000"
"-1153350,15";"PERECIVEIS \ ACOUGUE \ SALSICHAS-SALSICHAO \ SALSICHAS-SALSICHAO";"0,000";"165,611";"0,000";"776,528";"-610,917";"-78,7";"0,15";"0,00";"0,00";"1.411,32";"0,00";"5.344,87";"-3.933,55";"-73,6";"0,16";"-3.933,55";"-3.673,09";"0,000000";"0,000000";"0,000";"0,000";"0,000";"0,000"
"-1150402,35";"PERECIVEIS \ ACOUGUE \ SUINOS \ SUINOS CONGELADOS";"0,000";"2.499,611";"0,000";"1.953,845";"545,766";"27,9";"-0,14";"0,00";"0,00";"39.177,82";"0,00";"36.230,02";"2.947,80";"8,1";"-0,12";"2.993,37";"2.786,35";"0,000000";"0,000000";"0,000";"0,000";"0,000";"0,000"
"-1192417,48";"PERECIVEIS \ ACOUGUE \ SUINOS \ SUINOS RESFRIADOS";"0,000";"828,443";"0,000";"3.467,571";"-2.639,128";"-76,1";"0,67";"0,00";"0,00";"13.650,41";"0,00";"55.665,54";"-42.015,13";"-75,5";"1,68";"-41.900,80";"-38.496,90";"0,000000";"0,000000";"0,000";"0,000";"0,000";"0,000"
"-1200496,78";"PERECIVEIS \ CONGELADO \ EMPANADOS \ EMPANADOS";"0,000";"1.275,000";"0,000";"2.174,000";"-899,000";"-41,4";"0,23";"0,00";"0,00";"11.332,06";"0,00";"19.411,36";"-8.079,30";"-41,6";"0,32";"-8.075,08";"-7.862,45";"0,000000";"0,000000";"0,000";"0,000";"0,000";"0,000"
"-1205106,22";"PERECIVEIS \ CONGELADO \ EMPANADOS \ STEAK";"0,000";"501,000";"0,000";"4.102,000";"-3.601,000";"-87,8";"0,91";"0,00";"0,00";"745,83";"0,00";"5.355,27";"-4.609,44";"-86,1";"0,18";"-4.609,55";"-4.275,60";"0,000000";"0,000000";"0,000";"0,000";"0,000";"0,000"
"-1208157,91";"PERECIVEIS \ CONGELADO \ FRUTAS CONGELADAS \ FRUTAS CONGELADAS";"0,000";"151,000";"0,000";"312,000";"-161,000";"-51,6";"0,04";"0,00";"0,00";"2.292,62";"0,00";"5.344,31";"-3.051,69";"-57,1";"0,12";"-3.051,69";"-3.087,52";"0,000000";"0,000000";"0,000";"0,000";"0,000";"0,000"
"-1209286,43";"PERECIVEIS \ CONGELADO \ FRUTAS CONGELADAS \ POLPAS DE FRUTAS";"0,000";"98,000";"0,000";"219,000";"-121,000";"-55,3";"0,03";"0,00";"0,00";"788,61";"0,00";"1.917,13";"-1.128,52";"-58,9";"0,05";"-1.128,58";"-1.128,58";"0,000000";"0,000000";"0,000";"0,000";"0,000";"0,000"
"-1210111,43";"PERECIVEIS \ CONGELADO \ GELO \ GELO ESCAMA";"0,000";"17,000";"0,000";"92,000";"-75,000";"-81,5";"0,02";"0,00";"0,00";"187,00";"0,00";"1.012,00";"-825,00";"-81,5";"0,03";"-825,00";"-723,77";"0,000000";"0,000000";"0,000";"0,000";"0,000";"0,000"
"-1212691,43";"PERECIVEIS \ CONGELADO \ GELO \ GELO FILTRADO";"0,000";"28,000";"0,000";"372,000";"-344,000";"-92,5";"0,09";"0,00";"0,00";"210,00";"0,00";"2.790,00";"-2.580,00";"-92,5";"0,10";"-2.580,00";"-2.260,10";"0,000000";"0,000000";"0,000";"0,000";"0,000";"0,000"
"-1225149,55";"PERECIVEIS \ CONGELADO \ LANCHES PRONTOS CONGELADO \ HAMBURGUER";"0,000";"1.436,000";"0,000";"2.611,000";"-1.175,000";"-45,0";"0,30";"0,00";"0,00";"8.388,73";"0,00";"20.846,85";"-12.458,12";"-59,8";"0,50";"-12.478,04";"-11.936,38";"0,000000";"0,000000";"0,000";"0,000";"0,000";"0,000"
"-1231048,74";"PERECIVEIS \ CONGELADO \ LANCHES PRONTOS CONGELADO \ PAO DE QUEIJO";"0,000";"710,000";"0,000";"1.135,000";"-425,000";"-37,4";"0,11";"0,00";"0,00";"8.690,02";"0,00";"14.589,21";"-5.899,19";"-40,4";"0,24";"-5.899,17";"-5.190,98";"0,000000";"0,000000";"0,000";"0,000";"0,000";"0,000"
"-1231866,81";"PERECIVEIS \ CONGELADO \ LANCHES PRONTOS CONGELADO \ PIZZA";"0,000";"185,000";"0,000";"263,000";"-78,000";"-29,7";"0,02";"0,00";"0,00";"2.559,14";"0,00";"3.377,21";"-818,07";"-24,2";"0,03";"-818,01";"-784,17";"0,000000";"0,000000";"0,000";"0,000";"0,000";"0,000"
"-1236787,54";"PERECIVEIS \ CONGELADO \ LANCHES PRONTOS CONGELADO \ SALGADOS CONGELADOS";"0,000";"540,000";"0,000";"853,000";"-313,000";"-36,7";"0,08";"0,00";"0,00";"7.985,36";"0,00";"12.906,09";"-4.920,73";"-38,1";"0,20";"-4.920,95";"-4.385,87";"0,000000";"0,000000";"0,000";"0,000";"0,000";"0,000"
"-1237687,09";"PERECIVEIS \ CONGELADO \ LANCHES PRONTOS CONGELADO \ SANDUICHE";"0,000";"214,000";"0,000";"363,000";"-149,000";"-41,0";"0,04";"0,00";"0,00";"1.262,76";"0,00";"2.162,31";"-899,55";"-41,6";"0,04";"-899,57";"-881,78";"0,000000";"0,000000";"0,000";"0,000";"0,000";"0,000"
"-1237601,43";"PERECIVEIS \ CONGELADO \ LANCHES PRONTOS CONGELADO \ SOBREMESAS CONGELADAS";"0,000";"56,000";"0,000";"47,000";"9,000";"19,1";"0,00";"0,00";"0,00";"761,60";"0,00";"675,94";"85,66";"12,7";"0,00";"85,66";"101,22";"0,000000";"0,000000";"0,000";"0,000";"0,000";"0,000"
"-1241649,28";"PERECIVEIS \ CONGELADO \ PRATOS PRONTOS - SEMI-PRO \ ALMONDEGA - KIBE- BIFE";"0,000";"108,000";"0,000";"396,000";"-288,000";"-72,7";"0,07";"0,00";"0,00";"1.691,08";"0,00";"5.738,93";"-4.047,85";"-70,5";"0,16";"-4.047,85";"-3.875,10";"0,000000";"0,000000";"0,000";"0,000";"0,000";"0,000"
"-1241791,66";"PERECIVEIS \ CONGELADO \ PRATOS PRONTOS - SEMI-PRO \ BOLINHO DE BACALHAU";"0,000";"36,000";"0,000";"46,000";"-10,000";"-21,7";"0,00";"0,00";"0,00";"876,06";"0,00";"1.018,44";"-142,38";"-14,0";"0,01";"-142,97";"-144,40";"0,000000";"0,000000";"0,000";"0,000";"0,000";"0,000"
"-1241770,57";"PERECIVEIS \ CONGELADO \ PRATOS PRONTOS - SEMI-PRO \ PRATOS PRONTOS CARNES";"0,000";"1,000";"0,000";"0,000";"1,000";"";"0,00";"0,00";"0,00";"21,09";"0,00";"0,00";"21,09";"";"0,00";"21,09";"16,45";"0,000000";"0,000000";"0,000";"0,000";"0,000";"0,000"
"-1242423,84";"PERECIVEIS \ CONGELADO \ PRATOS PRONTOS - SEMI-PRO \ PRATOS PRONTOS ESCONDIDIN";"0,000";"1,000";"0,000";"49,000";"-48,000";"-98,0";"0,01";"0,00";"0,00";"12,62";"0,00";"665,89";"-653,27";"-98,1";"0,03";"-653,27";"-545,20";"0,000000";"0,000000";"0,000";"0,000";"0,000";"0,000"
"-1246606,47";"PERECIVEIS \ CONGELADO \ PRATOS PRONTOS - SEMI-PRO \ PRATOS PRONTOS ESPECIAIS";"0,000";"551,000";"0,000";"753,000";"-202,000";"-26,8";"0,05";"0,00";"0,00";"7.859,52";"0,00";"12.042,15";"-4.182,63";"-34,7";"0,17";"-4.182,63";"-4.049,07";"0,000000";"0,000000";"0,000";"0,000";"0,000";"0,000"
"-1248201,30";"PERECIVEIS \ CONGELADO \ PRATOS PRONTOS - SEMI-PRO \ PRATOS PRONTOS LASANHA";"0,000";"677,000";"0,000";"745,000";"-68,000";"-9,1";"0,02";"0,00";"0,00";"6.703,15";"0,00";"8.297,98";"-1.594,83";"-19,2";"0,06";"-1.595,00";"-1.595,00";"0,000000";"0,000000";"0,000";"0,000";"0,000";"0,000"
"-1248685,93";"PERECIVEIS \ CONGELADO \ PRATOS PRONTOS - SEMI-PRO \ PRATOS PRONTOS LEGUMES";"0,000";"91,000";"0,000";"134,000";"-43,000";"-32,1";"0,01";"0,00";"0,00";"936,63";"0,00";"1.421,26";"-484,63";"-34,1";"0,02";"-479,03";"-371,21";"0,000000";"0,000000";"0,000";"0,000";"0,000";"0,000"
"-1251814,54";"PERECIVEIS \ CONGELADO \ PRATOS PRONTOS - SEMI-PRO \ PRATOS PRONTOS MASSAS";"0,000";"123,000";"0,000";"518,000";"-395,000";"-76,3";"0,10";"0,00";"0,00";"1.028,03";"0,00";"4.156,64";"-3.128,61";"-75,3";"0,12";"-3.124,38";"-3.124,38";"0,000000";"0,000000";"0,000";"0,000";"0,000";"0,000"
"-1252159,34";"PERECIVEIS \ CONGELADO \ PRATOS PRONTOS - SEMI-PRO \ PRATOS PRONTOS YAKISOBA";"0,000";"14,000";"0,000";"36,000";"-22,000";"-61,1";"0,01";"0,00";"0,00";"258,51";"0,00";"603,31";"-344,80";"-57,2";"0,01";"-344,81";"-344,81";"0,000000";"0,000000";"0,000";"0,000";"0,000";"0,000"
"-1254005,49";"PERECIVEIS \ CONGELADO \ PRATOS PRONTOS - SEMI-PRO \ TORTAS - QUICHES";"0,000";"73,000";"0,000";"179,000";"-106,000";"-59,2";"0,03";"0,00";"0,00";"1.312,62";"0,00";"3.158,77";"-1.846,15";"-58,4";"0,07";"-1.846,15";"-1.760,78";"0,000000";"0,000000";"0,000";"0,000";"0,000";"0,000"
"-1254268,24";"PERECIVEIS \ CONGELADO \ PRATOS PRONTOS - SEMI-PRO \ WAFFLE";"0,000";"102,000";"0,000";"117,000";"-15,000";"-12,8";"0,00";"0,00";"0,00";"1.009,82";"0,00";"1.272,57";"-262,75";"-20,6";"0,01";"-262,73";"-190,49";"0,000000";"0,000000";"0,000";"0,000";"0,000";"0,000"
"-1257679,74";"PERECIVEIS \ CONGELADO \ SORVETES - PICOLE - ACAI \ ACAI";"0,000";"115,000";"0,000";"344,000";"-229,000";"-66,6";"0,06";"0,00";"0,00";"1.812,76";"0,00";"5.224,26";"-3.411,50";"-65,3";"0,14";"-3.411,49";"-2.824,52";"0,000000";"0,000000";"0,000";"0,000";"0,000";"0,000"
"-1263908,55";"PERECIVEIS \ CONGELADO \ SORVETES - PICOLE - ACAI \ PACK - PICOLE";"0,000";"488,000";"0,000";"1.170,000";"-682,000";"-58,3";"0,17";"0,00";"0,00";"3.828,02";"0,00";"10.056,82";"-6.228,81";"-61,9";"0,25";"-6.231,01";"-4.512,32";"0,000000";"0,000000";"0,000";"0,000";"0,000";"0,000"
"-1279986,68";"PERECIVEIS \ CONGELADO \ SORVETES - PICOLE - ACAI \ SORVETES";"0,000";"785,000";"0,000";"1.663,000";"-878,000";"-52,8";"0,22";"0,00";"0,00";"13.970,43";"0,00";"30.048,55";"-16.078,13";"-53,5";"0,64";"-16.078,71";"-11.722,29";"0,000000";"0,000000";"0,000";"0,000";"0,000";"0,000"
"-1282138,60";"PERECIVEIS \ CONGELADO \ VEGETAIS CONGELADOS \ BATATA FRITA CONGELADA";"0,000";"943,000";"0,000";"1.141,000";"-198,000";"-17,4";"0,05";"0,00";"0,00";"9.070,23";"0,00";"11.222,15";"-2.151,92";"-19,2";"0,09";"-2.151,99";"-1.650,73";"0,000000";"0,000000";"0,000";"0,000";"0,000";"0,000"
"-1283316,51";"PERECIVEIS \ CONGELADO \ VEGETAIS CONGELADOS \ VEGETAIS CONGELADOS";"0,000";"194,000";"0,000";"387,000";"-193,000";"-49,9";"0,05";"0,00";"0,00";"1.388,90";"0,00";"2.566,81";"-1.177,91";"-45,9";"0,05";"-1.177,91";"-1.092,29";"0,000000";"0,000000";"0,000";"0,000";"0,000";"0,000"
"-1284359,89";"PERECIVEIS \ FLV \ ALHO \ ALHO EMBALADO";"0,000";"45,000";"0,000";"209,000";"-164,000";"-78,5";"0,04";"0,00";"0,00";"295,23";"0,00";"1.338,61";"-1.043,38";"-77,9";"0,04";"-1.047,31";"-974,00";"0,000000";"0,000000";"0,000";"0,000";"0,000";"0,000"
"-1288477,37";"PERECIVEIS \ FLV \ ALHO \ ALHO GRANEL";"0,000";"206,183";"0,000";"500,220";"-294,037";"-58,8";"0,07";"0,00";"0,00";"2.641,70";"0,00";"6.759,18";"-4.117,48";"-60,9";"0,16";"-4.125,66";"-3.836,86";"0,000000";"0,000000";"0,000";"0,000";"0,000";"0,000"
"-1286390,28";"PERECIVEIS \ FLV \ ESPECIARIAS \ ESPECIARIAS";"0,000";"460,089";"0,000";"356,913";"103,176";"28,9";"-0,03";"0,00";"0,00";"11.041,20";"0,00";"8.954,12";"2.087,09";"23,3";"-0,08";"2.087,13";"1.186,37";"0,000000";"0,000000";"0,000";"0,000";"0,000";"0,000"
"-1319021,00";"PERECIVEIS \ FLV \ FRUTAS \ FRUTAS EMBALADAS";"0,000";"1.513,820";"0,000";"6.239,989";"-4.726,169";"-75,7";"1,19";"0,00";"0,00";"12.304,25";"0,00";"44.934,97";"-32.630,72";"-72,6";"1,30";"-32.717,65";"-32.717,65";"0,000000";"0,000000";"0,000";"0,000";"0,000";"0,000"
"-1569498,62";"PERECIVEIS \ FLV \ FRUTAS \ FRUTAS FRESCAS GRANEL";"0,000";"19.403,273";"0,000";"66.729,479";"-47.326,206";"-70,9";"11,95";"0,00";"0,00";"121.515,80";"0,00";"371.993,42";"-250.477,62";"-67,3";"9,99";"-250.814,04";"-250.093,65";"0,000000";"0,000000";"0,000";"0,000";"0,000";"0,000"
"-1569523,42";"PERECIVEIS \ FLV \ FRUTAS \ FRUTAS ORGANICAS";"0,000";"0,000";"0,000";"4,000";"-4,000";"-100,0";"0,00";"0,00";"0,00";"0,00";"0,00";"24,80";"-24,80";"-100,0";"0,00";"-24,80";"-24,80";"0,000000";"0,000000";"0,000";"0,000";"0,000";"0,000"
"-1570278,29";"PERECIVEIS \ FLV \ FRUTAS \ FRUTAS PROCESSADAS";"0,000";"29,916";"0,000";"109,933";"-80,017";"-72,8";"0,02";"0,00";"0,00";"275,04";"0,00";"1.029,91";"-754,87";"-73,3";"0,03";"-758,01";"-758,01";"0,000000";"0,000000";"0,000";"0,000";"0,000";"0,000"
"-1570388,81";"PERECIVEIS \ FLV \ FRUTAS \ POLPA FRUTA";"0,000";"0,756";"0,000";"6,107";"-5,351";"-87,6";"0,00";"0,00";"0,00";"15,09";"0,00";"125,62";"-110,52";"-88,0";"0,00";"-110,52";"-110,52";"0,000000";"0,000000";"0,000";"0,000";"0,000";"0,000"
"-1571514,28";"PERECIVEIS \ FLV \ HIGIENIZADOR DE FLV \ HIGIENIZADOR DE FLV";"0,000";"35,000";"0,000";"190,000";"-155,000";"-81,6";"0,04";"0,00";"0,00";"218,45";"0,00";"1.343,93";"-1.125,47";"-83,7";"0,04";"-1.125,42";"-896,83";"0,000000";"0,000000";"0,000";"0,000";"0,000";"0,000"
"-1572907,58";"PERECIVEIS \ FLV \ HIGIENIZADOR DE FLV \ HIGIENIZADOR DE FLV LIQUI";"0,000";"168,000";"0,000";"379,000";"-211,000";"-55,7";"0,05";"0,00";"0,00";"1.165,35";"0,00";"2.558,65";"-1.393,30";"-54,5";"0,06";"-1.396,26";"-1.133,46";"0,000000";"0,000000";"0,000";"0,000";"0,000";"0,000"
"-1774378,33";"PERECIVEIS \ FLV \ LEGUMES \ LEGUMES COMUM";"0,000";"1.890,254";"0,000";"34.889,437";"-32.999,183";"-94,6";"8,33";"0,00";"0,00";"9.119,97";"0,00";"210.590,71";"-201.470,75";"-95,7";"8,03";"-201.899,69";"-201.899,69";"0,000000";"0,000000";"0,000";"0,000";"0,000";"0,000"
"-1780168,82";"PERECIVEIS \ FLV \ LEGUMES \ LEGUMES EMBALADOS";"0,000";"714,805";"0,000";"1.816,088";"-1.101,283";"-60,6";"0,28";"0,00";"0,00";"1.338,24";"0,00";"7.128,73";"-5.790,49";"-81,2";"0,23";"-5.802,01";"-5.802,01";"0,000000";"0,000000";"0,000";"0,000";"0,000";"0,000"
"-1781310,49";"PERECIVEIS \ FLV \ LEGUMES \ LEGUMES ORGANICOS";"0,000";"211,000";"0,000";"423,000";"-212,000";"-50,1";"0,05";"0,00";"0,00";"1.088,70";"0,00";"2.230,37";"-1.141,67";"-51,2";"0,05";"-1.141,67";"-1.141,67";"0,000000";"0,000000";"0,000";"0,000";"0,000";"0,000"
"-1790621,24";"PERECIVEIS \ FLV \ LEGUMES \ LEGUMES PROCESSADOS";"0,000";"388,653";"0,000";"1.825,806";"-1.437,153";"-78,7";"0,36";"0,00";"0,00";"784,99";"0,00";"10.095,75";"-9.310,75";"-92,2";"0,37";"-9.310,76";"-9.310,76";"0,000000";"0,000000";"0,000";"0,000";"0,000";"0,000"
"-1793462,19";"PERECIVEIS \ FLV \ ORIENTAIS E BROTOS \ COGUMELOS IN NATURA";"0,000";"157,000";"0,000";"300,000";"-143,000";"-47,7";"0,04";"0,00";"0,00";"1.341,89";"0,00";"4.182,85";"-2.840,95";"-67,9";"0,11";"-2.644,44";"-2.504,10";"0,000000";"0,000000";"0,000";"0,000";"0,000";"0,000"
"-1797633,54";"PERECIVEIS \ FLV \ OVOS \ OVOS BRANCOS";"0,000";"589,000";"0,000";"899,000";"-310,000";"-34,5";"0,08";"0,00";"0,00";"4.928,38";"0,00";"9.099,73";"-4.171,35";"-45,8";"0,17";"-4.209,29";"-4.209,29";"0,000000";"0,000000";"0,000";"0,000";"0,000";"0,000"
"-1800222,45";"PERECIVEIS \ FLV \ OVOS \ OVOS CAIPIRAS";"0,000";"125,000";"0,000";"362,000";"-237,000";"-65,5";"0,06";"0,00";"0,00";"1.234,21";"0,00";"3.823,11";"-2.588,91";"-67,7";"0,10";"-2.588,93";"-2.588,93";"0,000000";"0,000000";"0,000";"0,000";"0,000";"0,000"
"-1800073,42";"PERECIVEIS \ FLV \ OVOS \ OVOS CODORNA";"0,000";"97,000";"0,000";"73,000";"24,000";"32,9";"-0,01";"0,00";"0,00";"581,71";"0,00";"432,67";"149,03";"34,4";"-0,01";"148,84";"148,84";"0,000000";"0,000000";"0,000";"0,000";"0,000";"0,000"
"-1803817,38";"PERECIVEIS \ FLV \ OVOS \ OVOS VERMELHOS";"0,000";"292,000";"0,000";"559,000";"-267,000";"-47,8";"0,07";"0,00";"0,00";"3.334,13";"0,00";"7.078,09";"-3.743,96";"-52,9";"0,15";"-3.730,49";"-3.730,49";"0,000000";"0,000000";"0,000";"0,000";"0,000";"0,000"
"-1803817,38";"PERECIVEIS \ FLV \ PLANTAS E FLORES \ FLOR DE VASO";"0,000";"6,000";"0,000";"0,000";"6,000";"";"0,00";"0,00";"0,00";"0,00";"0,00";"0,00";"0,00";"";"0,00";"0,00";"0,00";"0,000000";"0,000000";"0,000";"0,000";"0,000";"0,000"
"-1807081,56";"PERECIVEIS \ FLV \ PROCESSADOS \ AGUA COCO";"0,000";"46,000";"0,000";"366,000";"-320,000";"-87,4";"0,08";"0,00";"0,00";"688,74";"0,00";"3.952,92";"-3.264,18";"-82,6";"0,13";"-3.272,35";"-2.997,42";"0,000000";"0,000000";"0,000";"0,000";"0,000";"0,000"
"-1808998,19";"PERECIVEIS \ FLV \ PROCESSADOS \ SALADAS PRONTAS";"0,000";"78,952";"0,000";"145,197";"-66,245";"-45,6";"0,02";"0,00";"0,00";"2.236,90";"0,00";"4.153,53";"-1.916,63";"-46,1";"0,08";"-1.839,55";"-1.839,55";"0,000000";"0,000000";"0,000";"0,000";"0,000";"0,000"
"-1813828,92";"PERECIVEIS \ FLV \ PROCESSADOS \ SUCOS";"0,000";"246,638";"0,000";"932,792";"-686,154";"-73,6";"0,17";"0,00";"0,00";"1.523,39";"0,00";"6.354,13";"-4.830,73";"-76,0";"0,19";"-4.848,51";"-4.848,51";"0,000000";"0,000000";"0,000";"0,000";"0,000";"0,000"
"-1915096,10";"PERECIVEIS \ FLV \ VERDURAS \ VERDURAS COMUM";"0,000";"3.427,356";"0,000";"43.139,207";"-39.711,851";"-92,1";"10,03";"0,00";"0,00";"8.341,46";"0,00";"109.608,64";"-101.267,18";"-92,4";"4,04";"-101.171,18";"-101.088,19";"0,000000";"0,000000";"0,000";"0,000";"0,000";"0,000"
"-1921596,94";"PERECIVEIS \ FLV \ VERDURAS \ VERDURAS HIDROPONICO";"0,000";"1.089,000";"0,000";"3.832,000";"-2.743,000";"-71,6";"0,69";"0,00";"0,00";"2.541,60";"0,00";"9.042,44";"-6.500,84";"-71,9";"0,26";"-6.501,11";"-6.501,11";"0,000000";"0,000000";"0,000";"0,000";"0,000";"0,000"
"-1921299,61";"PERECIVEIS \ FLV \ VERDURAS \ VERDURAS ORGANICAS";"0,000";"110,000";"0,000";"18,000";"92,000";"511,1";"-0,02";"0,00";"0,00";"377,34";"0,00";"80,01";"297,33";"371,6";"-0,01";"297,33";"297,33";"0,000000";"0,000000";"0,000";"0,000";"0,000";"0,000"
"-1949416,47";"PERECIVEIS \ FLV \ VERDURAS \ VERDURAS PROCESSADAS";"0,000";"885,144";"0,000";"6.569,616";"-5.684,472";"-86,5";"1,44";"0,00";"0,00";"3.090,81";"0,00";"31.207,67";"-28.116,86";"-90,1";"1,12";"-28.135,69";"-28.135,69";"0,000000";"0,000000";"0,000";"0,000";"0,000";"0,000"
"-1952781,49";"PERECIVEIS \ LATICINIOS \ BEBIDAS REFRIGERADAS \ AGUA COCO";"0,000";"61,000";"0,000";"534,000";"-473,000";"-88,6";"0,12";"0,00";"0,00";"733,26";"0,00";"4.098,28";"-3.365,02";"-82,1";"0,13";"-3.364,62";"-3.071,68";"0,000000";"0,000000";"0,000";"0,000";"0,000";"0,000"
"-1954056,04";"PERECIVEIS \ LATICINIOS \ BEBIDAS REFRIGERADAS \ BEBIDAS REFRIG SUCOS";"0,000";"578,000";"0,000";"655,000";"-77,000";"-11,8";"0,02";"0,00";"0,00";"5.815,55";"0,00";"7.090,09";"-1.274,55";"-18,0";"0,05";"-1.275,18";"-990,58";"0,000000";"0,000000";"0,000";"0,000";"0,000";"0,000"
"-1954168,09";"PERECIVEIS \ LATICINIOS \ BEBIDAS REFRIGERADAS \ BEBIDAS REFRIG SUPLEMENTO";"0,000";"3,000";"0,000";"30,000";"-27,000";"-90,0";"0,01";"0,00";"0,00";"12,45";"0,00";"124,50";"-112,05";"-90,0";"0,00";"-112,05";"-79,15";"0,000000";"0,000000";"0,000";"0,000";"0,000";"0,000"
"-1954744,24";"PERECIVEIS \ LATICINIOS \ CONDIMENTOS-TEMPEROS \ CONDIMENTOS-TEMPEROS";"0,000";"10,903";"0,000";"37,466";"-26,563";"-70,9";"0,01";"0,00";"0,00";"227,07";"0,00";"803,22";"-576,15";"-71,7";"0,02";"-576,15";"-427,24";"0,000000";"0,000000";"0,000";"0,000";"0,000";"0,000"
"-1954705,08";"PERECIVEIS \ LATICINIOS \ CONSERVAS GRANEL \ ALCAPARRAS CONSERV GRANEL";"0,000";"9,554";"0,000";"8,218";"1,336";"16,3";"0,00";"0,00";"0,00";"300,91";"0,00";"261,75";"39,16";"15,0";"0,00";"39,16";"32,49";"0,000000";"0,000000";"0,000";"0,000";"0,000";"0,000"
"-1955226,50";"PERECIVEIS \ LATICINIOS \ CONSERVAS GRANEL \ AZEITONAS CONSERV GRANEL";"0,000";"182,890";"0,000";"205,752";"-22,862";"-11,1";"0,01";"0,00";"0,00";"5.221,87";"0,00";"5.743,29";"-521,42";"-9,1";"0,02";"-535,90";"-403,53";"0,000000";"0,000000";"0,000";"0,000";"0,000";"0,000"
"-1955059,76";"PERECIVEIS \ LATICINIOS \ CONSERVAS GRANEL \ CEBOLINHA CONSERV GRANEL";"0,000";"9,244";"0,000";"2,837";"6,407";"225,8";"0,00";"0,00";"0,00";"241,49";"0,00";"74,75";"166,74";"223,1";"-0,01";"166,74";"118,29";"0,000000";"0,000000";"0,000";"0,000";"0,000";"0,000"
"-1954926,85";"PERECIVEIS \ LATICINIOS \ CONSERVAS GRANEL \ CHAMPIGNON";"0,000";"34,587";"0,000";"29,654";"4,933";"16,6";"0,00";"0,00";"0,00";"919,30";"0,00";"786,39";"132,91";"16,9";"-0,01";"130,65";"111,93";"0,000000";"0,000000";"0,000";"0,000";"0,000";"0,000"
"-1954722,84";"PERECIVEIS \ LATICINIOS \ CONSERVAS GRANEL \ OVO CODORNA CONSERV GRANE";"0,000";"116,126";"0,000";"177,059";"-60,933";"-34,4";"0,02";"0,00";"0,00";"3.023,01";"0,00";"2.819,00";"204,01";"7,2";"-0,01";"204,01";"156,78";"0,000000";"0,000000";"0,000";"0,000";"0,000";"0,000"
"-1954827,19";"PERECIVEIS \ LATICINIOS \ CONSERVAS GRANEL \ PEPINO CONSERV GRANEL";"0,000";"17,091";"0,000";"22,472";"-5,381";"-23,9";"0,00";"0,00";"0,00";"290,58";"0,00";"394,93";"-104,35";"-26,4";"0,00";"-104,35";"-71,52";"0,000000";"0,000000";"0,000";"0,000";"0,000";"0,000"
"-1954432,05";"PERECIVEIS \ LATICINIOS \ CONSERVAS GRANEL \ PIMENTA CONSERV GRANEL";"0,000";"24,446";"0,000";"6,870";"17,576";"255,8";"0,00";"0,00";"0,00";"550,38";"0,00";"155,24";"395,14";"254,5";"-0,02";"395,14";"279,21";"0,000000";"0,000000";"0,000";"0,000";"0,000";"0,000"
"-1954422,84";"PERECIVEIS \ LATICINIOS \ CONSERVAS GRANEL \ TOMATE SECO CONSERV GRANE";"0,000";"41,994";"0,000";"43,030";"-1,036";"-2,4";"0,00";"0,00";"0,00";"1.129,72";"0,00";"1.120,51";"9,21";"0,8";"0,00";"9,21";"21,91";"0,000000";"0,000000";"0,000";"0,000";"0,000";"0,000"
"-1953951,62";"PERECIVEIS \ LATICINIOS \ CONSERVAS GRANEL \ TREMOCOS CONSERV GRANEL";"0,000";"31,595";"0,000";"7,904";"23,691";"299,7";"-0,01";"0,00";"0,00";"614,06";"0,00";"142,84";"471,22";"329,9";"-0,02";"471,24";"333,51";"0,000000";"0,000000";"0,000";"0,000";"0,000";"0,000"
"-1954934,82";"PERECIVEIS \ LATICINIOS \ DOCES GRANEL \ DOCES CREMOSOS";"0,000";"139,286";"0,000";"209,380";"-70,094";"-33,5";"0,02";"0,00";"0,00";"1.405,93";"0,00";"2.389,13";"-983,20";"-41,2";"0,04";"-983,20";"-681,15";"0,000000";"0,000000";"0,000";"0,000";"0,000";"0,000"
"-1953305,04";"PERECIVEIS \ LATICINIOS \ DOCES GRANEL \ DOCES EM CALDAS GRANEL";"0,000";"88,188";"0,000";"36,905";"51,283";"139,0";"-0,01";"0,00";"0,00";"2.533,01";"0,00";"903,23";"1.629,78";"180,4";"-0,06";"1.630,38";"1.221,89";"0,000000";"0,000000";"0,000";"0,000";"0,000";"0,000"
"-1953911,87";"PERECIVEIS \ LATICINIOS \ DOCES GRANEL \ DOCES EM CORTE";"0,000";"114,600";"0,000";"154,306";"-39,706";"-25,7";"0,01";"0,00";"0,00";"1.772,06";"0,00";"2.378,89";"-606,83";"-25,5";"0,02";"-607,03";"-439,67";"0,000000";"0,000000";"0,000";"0,000";"0,000";"0,000"
"-1954282,79";"PERECIVEIS \ LATICINIOS \ FONDUE \ FONDUE";"0,000";"10,000";"0,000";"30,000";"-20,000";"-66,7";"0,01";"0,00";"0,00";"263,52";"0,00";"634,44";"-370,92";"-58,5";"0,01";"-370,92";"-254,15";"0,000000";"0,000000";"0,000";"0,000";"0,000";"0,000"
"-1955684,19";"PERECIVEIS \ LATICINIOS \ FRIOS - EMBUTIDOS \ BACON";"0,000";"74,000";"0,000";"185,000";"-111,000";"-60,0";"0,03";"0,00";"0,00";"1.032,34";"0,00";"2.433,74";"-1.401,40";"-57,6";"0,06";"-1.401,40";"-1.093,10";"0,000000";"0,000000";"0,000";"0,000";"0,000";"0,000"
"-1957981,44";"PERECIVEIS \ LATICINIOS \ FRIOS - EMBUTIDOS \ COPA LOMBO";"0,000";"69,602";"0,000";"245,129";"-175,527";"-71,6";"0,04";"0,00";"0,00";"1.758,34";"0,00";"4.055,59";"-2.297,25";"-56,6";"0,09";"-2.297,25";"-2.265,80";"0,000000";"0,000000";"0,000";"0,000";"0,000";"0,000"
"-1961089,64";"PERECIVEIS \ LATICINIOS \ FRIOS - EMBUTIDOS \ EMBUTIDOS DE FRANGO";"0,000";"53,804";"0,000";"147,021";"-93,217";"-63,4";"0,02";"0,00";"0,00";"1.714,50";"0,00";"4.822,70";"-3.108,20";"-64,4";"0,12";"-3.108,20";"-2.953,50";"0,000000";"0,000000";"0,000";"0,000";"0,000";"0,000"
"-1975504,76";"PERECIVEIS \ LATICINIOS \ FRIOS - EMBUTIDOS \ EMBUTIDOS DE PERU";"0,000";"275,337";"0,000";"875,128";"-599,791";"-68,5";"0,15";"0,00";"0,00";"12.218,92";"0,00";"26.634,04";"-14.415,12";"-54,1";"0,57";"-14.415,12";"-14.501,40";"0,000000";"0,000000";"0,000";"0,000";"0,000";"0,000"
"-1977427,61";"PERECIVEIS \ LATICINIOS \ FRIOS - EMBUTIDOS \ FILE MIGNON";"0,000";"32,764";"0,000";"128,076";"-95,312";"-74,4";"0,02";"0,00";"0,00";"407,26";"0,00";"2.330,12";"-1.922,85";"-82,5";"0,08";"-1.922,89";"-1.915,66";"0,000000";"0,000000";"0,000";"0,000";"0,000";"0,000"
"-1977442,93";"PERECIVEIS \ LATICINIOS \ FRIOS - EMBUTIDOS \ FRANGO DEFUMADO";"0,000";"0,300";"0,000";"0,631";"-0,331";"-52,5";"0,00";"0,00";"0,00";"13,83";"0,00";"29,15";"-15,32";"-52,6";"0,00";"-15,32";"-13,93";"0,000000";"0,000000";"0,000";"0,000";"0,000";"0,000"
"-1978566,64";"PERECIVEIS \ LATICINIOS \ FRIOS - EMBUTIDOS \ JAMON";"0,000";"1,579";"0,000";"10,639";"-9,060";"-85,2";"0,00";"0,00";"0,00";"226,52";"0,00";"1.350,22";"-1.123,71";"-83,2";"0,04";"-1.123,71";"-1.074,04";"0,000000";"0,000000";"0,000";"0,000";"0,000";"0,000"
"-1978400,57";"PERECIVEIS \ LATICINIOS \ FRIOS - EMBUTIDOS \ LINGUICAS";"0,000";"37,000";"0,000";"38,000";"-1,000";"-2,6";"0,00";"0,00";"0,00";"629,20";"0,00";"463,13";"166,07";"35,9";"-0,01";"166,07";"161,00";"0,000000";"0,000000";"0,000";"0,000";"0,000";"0,000"
"-1982895,28";"PERECIVEIS \ LATICINIOS \ FRIOS - EMBUTIDOS \ LOMBO CANADENSE";"0,000";"94,379";"0,000";"338,974";"-244,595";"-72,2";"0,06";"0,00";"0,00";"1.206,12";"0,00";"5.700,83";"-4.494,71";"-78,8";"0,18";"-4.496,52";"-4.357,68";"0,000000";"0,000000";"0,000";"0,000";"0,000";"0,000"
"-1995869,11";"PERECIVEIS \ LATICINIOS \ FRIOS - EMBUTIDOS \ MORTADELA";"0,000";"647,302";"0,000";"1.817,306";"-1.170,004";"-64,4";"0,30";"0,00";"0,00";"7.178,80";"0,00";"20.152,63";"-12.973,83";"-64,4";"0,52";"-12.973,24";"-12.075,20";"0,000000";"0,000000";"0,000";"0,000";"0,000";"0,000"
"-2018000,17";"PERECIVEIS \ LATICINIOS \ FRIOS - EMBUTIDOS \ PRESUNTO";"0,000";"1.705,644";"0,000";"2.444,436";"-738,792";"-30,2";"0,19";"0,00";"0,00";"34.428,16";"0,00";"56.559,22";"-22.131,06";"-39,1";"0,88";"-22.133,15";"-20.359,37";"0,000000";"0,000000";"0,000";"0,000";"0,000";"0,000"
"-2038771,31";"PERECIVEIS \ LATICINIOS \ FRIOS - EMBUTIDOS \ SALAME";"0,000";"533,383";"0,000";"1.496,191";"-962,808";"-64,4";"0,24";"0,00";"0,00";"13.839,50";"0,00";"34.610,64";"-20.771,14";"-60,0";"0,83";"-20.798,43";"-20.003,26";"0,000000";"0,000000";"0,000";"0,000";"0,000";"0,000"
"-2041599,37";"PERECIVEIS \ LATICINIOS \ FRIOS - EMBUTIDOS \ SALSICHA - SALSICHAO";"0,000";"594,984";"0,000";"1.093,459";"-498,475";"-45,6";"0,13";"0,00";"0,00";"5.001,77";"0,00";"7.829,82";"-2.828,06";"-36,1";"0,11";"-2.827,72";"-2.657,50";"0,000000";"0,000000";"0,000";"0,000";"0,000";"0,000"
"-2042270,19";"PERECIVEIS \ LATICINIOS \ FRIOS - EMBUTIDOS \ TABUA DE FRIOS";"0,000";"0,000";"0,000";"18,400";"-18,400";"-100,0";"0,00";"0,00";"0,00";"0,00";"0,00";"670,82";"-670,82";"-100,0";"0,03";"-670,82";"-587,81";"0,000000";"0,000000";"0,000";"0,000";"0,000";"0,000"
"-2042650,07";"PERECIVEIS \ LATICINIOS \ FRIOS - EMBUTIDOS \ TENDER";"0,000";"19,113";"0,000";"30,063";"-10,950";"-36,4";"0,00";"0,00";"0,00";"591,24";"0,00";"971,12";"-379,88";"-39,1";"0,02";"-379,88";"-361,41";"0,000000";"0,000000";"0,000";"0,000";"0,000";"0,000"
"-2043510,83";"PERECIVEIS \ LATICINIOS \ FRUTAS SECAS-CRISTALIZADA \ APERITIVOS-SNACKS";"0,000";"193,599";"0,000";"196,616";"-3,017";"-1,5";"0,00";"0,00";"0,00";"4.262,35";"0,00";"5.123,12";"-860,76";"-16,8";"0,03";"-863,22";"-766,32";"0,000000";"0,000000";"0,000";"0,000";"0,000";"0,000"
"-2042960,84";"PERECIVEIS \ LATICINIOS \ FRUTAS SECAS-CRISTALIZADA \ FRUTAS CRISTALIZADAS";"0,000";"63,284";"0,000";"32,204";"31,080";"96,5";"-0,01";"0,00";"0,00";"1.088,78";"0,00";"538,79";"549,99";"102,1";"-0,02";"549,99";"389,79";"0,000000";"0,000000";"0,000";"0,000";"0,000";"0,000"
"-2041296,25";"PERECIVEIS \ LATICINIOS \ FRUTAS SECAS-CRISTALIZADA \ FRUTAS SECAS";"0,000";"570,876";"0,000";"483,425";"87,451";"18,1";"-0,02";"0,00";"0,00";"16.834,42";"0,00";"15.169,83";"1.664,59";"11,0";"-0,07";"1.664,23";"1.022,87";"0,000000";"0,000000";"0,000";"0,000";"0,000";"0,000"
"-2043834,21";"PERECIVEIS \ LATICINIOS \ GORDUROSOS \ BANHA";"0,000";"42,000";"0,000";"311,000";"-269,000";"-86,5";"0,07";"0,00";"0,00";"401,07";"0,00";"2.939,03";"-2.537,96";"-86,4";"0,10";"-2.537,96";"-1.853,79";"0,000000";"0,000000";"0,000";"0,000";"0,000";"0,000"
"-2044365,65";"PERECIVEIS \ LATICINIOS \ GORDUROSOS \ CHANTILLY";"0,000";"24,000";"0,000";"41,000";"-17,000";"-41,5";"0,00";"0,00";"0,00";"593,05";"0,00";"1.124,49";"-531,44";"-47,3";"0,02";"-531,44";"-358,74";"0,000000";"0,000000";"0,000";"0,000";"0,000";"0,000"
"-2044950,22";"PERECIVEIS \ LATICINIOS \ GORDUROSOS \ CREME LEITE FRESCO";"0,000";"3,000";"0,000";"34,000";"-31,000";"-91,2";"0,01";"0,00";"0,00";"64,87";"0,00";"649,44";"-584,57";"-90,0";"0,02";"-584,57";"-466,03";"0,000000";"0,000000";"0,000";"0,000";"0,000";"0,000"
"-2044958,36";"PERECIVEIS \ LATICINIOS \ GORDUROSOS \ GORDURA VEG HIDROGENADA";"0,000";"14,000";"0,000";"15,000";"-1,000";"-6,7";"0,00";"0,00";"0,00";"117,31";"0,00";"125,45";"-8,14";"-6,5";"0,00";"-8,14";"-6,05";"0,000000";"0,000000";"0,000";"0,000";"0,000";"0,000"
"-2055437,92";"PERECIVEIS \ LATICINIOS \ GORDUROSOS \ MANTEIGA";"0,000";"833,000";"0,000";"2.605,000";"-1.772,000";"-68,0";"0,45";"0,00";"0,00";"8.212,37";"0,00";"18.691,94";"-10.479,56";"-56,1";"0,42";"-10.495,30";"-8.387,92";"0,000000";"0,000000";"0,000";"0,000";"0,000";"0,000"
"-2063463,40";"PERECIVEIS \ LATICINIOS \ GORDUROSOS \ MARGARINA";"0,000";"712,000";"0,000";"1.803,000";"-1.091,000";"-60,5";"0,28";"0,00";"0,00";"4.553,11";"0,00";"12.578,58";"-8.025,48";"-63,8";"0,32";"-8.031,97";"-7.524,05";"0,000000";"0,000000";"0,000";"0,000";"0,000";"0,000"
"-2063423,80";"PERECIVEIS \ LATICINIOS \ GORDUROSOS \ NATA";"0,000";"11,000";"0,000";"8,000";"3,000";"37,5";"0,00";"0,00";"0,00";"145,20";"0,00";"105,60";"39,60";"37,5";"0,00";"36,32";"29,04";"0,000000";"0,000000";"0,000";"0,000";"0,000";"0,000"
"-2063745,52";"PERECIVEIS \ LATICINIOS \ IOGURTE \ BEBIDA LACTEA";"0,000";"242,000";"0,000";"313,000";"-71,000";"-22,7";"0,02";"0,00";"0,00";"1.161,91";"0,00";"1.483,63";"-321,72";"-21,7";"0,01";"-323,24";"-323,24";"0,000000";"0,000000";"0,000";"0,000";"0,000";"0,000"
"-2069284,41";"PERECIVEIS \ LATICINIOS \ IOGURTE \ IOGURTE";"0,000";"2.626,000";"0,000";"4.079,000";"-1.453,000";"-35,6";"0,37";"0,00";"0,00";"14.963,00";"0,00";"20.501,90";"-5.538,89";"-27,0";"0,22";"-5.521,13";"-4.653,17";"0,000000";"0,000000";"0,000";"0,000";"0,000";"0,000"
"-2071551,73";"PERECIVEIS \ LATICINIOS \ IOGURTE \ IOGURTE GREGO";"0,000";"1.105,000";"0,000";"1.611,000";"-506,000";"-31,4";"0,13";"0,00";"0,00";"5.159,05";"0,00";"7.426,37";"-2.267,32";"-30,5";"0,09";"-2.269,67";"-1.785,93";"0,000000";"0,000000";"0,000";"0,000";"0,000";"0,000"
"-2072567,93";"PERECIVEIS \ LATICINIOS \ IOGURTE \ IOGURTE NATURAL";"0,000";"607,000";"0,000";"826,000";"-219,000";"-26,5";"0,06";"0,00";"0,00";"2.685,15";"0,00";"3.701,35";"-1.016,20";"-27,5";"0,04";"-1.008,00";"-838,87";"0,000000";"0,000000";"0,000";"0,000";"0,000";"0,000"
"-2075913,15";"PERECIVEIS \ LATICINIOS \ IOGURTE \ LEITE FERMENTADO";"0,000";"555,000";"0,000";"902,000";"-347,000";"-38,5";"0,09";"0,00";"0,00";"3.987,65";"0,00";"7.332,86";"-3.345,22";"-45,6";"0,13";"-3.345,33";"-2.590,18";"0,000000";"0,000000";"0,000";"0,000";"0,000";"0,000"
"-2076056,79";"PERECIVEIS \ LATICINIOS \ IOGURTE \ PETIT SUISSE";"0,000";"245,000";"0,000";"273,000";"-28,000";"-10,3";"0,01";"0,00";"0,00";"1.096,06";"0,00";"1.239,71";"-143,64";"-11,6";"0,01";"-142,83";"-132,16";"0,000000";"0,000000";"0,000";"0,000";"0,000";"0,000"
"-2077409,85";"PERECIVEIS \ LATICINIOS \ LEITES PASTEURIZADOS \ LEITES PASTEURIZADOS";"0,000";"33,000";"0,000";"204,000";"-171,000";"-83,8";"0,04";"0,00";"0,00";"230,45";"0,00";"1.583,51";"-1.353,06";"-85,4";"0,05";"-1.353,06";"-1.190,70";"0,000000";"0,000000";"0,000";"0,000";"0,000";"0,000"
"-2077505,40";"PERECIVEIS \ LATICINIOS \ MASSAS RESFRIADAS \ MASSA LASANHA";"0,000";"3,000";"0,000";"20,000";"-17,000";"-85,0";"0,00";"0,00";"0,00";"21,98";"0,00";"117,53";"-95,55";"-81,3";"0,00";"-95,55";"-92,97";"0,000000";"0,000000";"0,000";"0,000";"0,000";"0,000"
"-2077422,35";"PERECIVEIS \ LATICINIOS \ MASSAS RESFRIADAS \ MASSA NHOQUE";"0,000";"24,000";"0,000";"17,000";"7,000";"41,2";"0,00";"0,00";"0,00";"238,73";"0,00";"155,68";"83,05";"53,3";"0,00";"83,08";"75,56";"0,000000";"0,000000";"0,000";"0,000";"0,000";"0,000"
"-2077492,51";"PERECIVEIS \ LATICINIOS \ MASSAS RESFRIADAS \ MASSA PIZZA";"0,000";"20,000";"0,000";"27,000";"-7,000";"-25,9";"0,00";"0,00";"0,00";"137,13";"0,00";"207,29";"-70,16";"-33,8";"0,00";"-70,13";"-54,95";"0,000000";"0,000000";"0,000";"0,000";"0,000";"0,000"
"-2079682,60";"PERECIVEIS \ LATICINIOS \ MASSAS RESFRIADAS \ MASSA RECHEADA";"0,000";"191,000";"0,000";"306,000";"-115,000";"-37,6";"0,03";"0,00";"0,00";"2.182,90";"0,00";"4.372,99";"-2.190,09";"-50,1";"0,09";"-2.189,62";"-2.189,62";"0,000000";"0,000000";"0,000";"0,000";"0,000";"0,000"
"-2080847,17";"PERECIVEIS \ LATICINIOS \ MASSAS RESFRIADAS \ MASSAS DE PASTEL";"0,000";"433,000";"0,000";"637,000";"-204,000";"-32,0";"0,05";"0,00";"0,00";"1.425,59";"0,00";"2.590,16";"-1.164,57";"-45,0";"0,05";"-1.164,23";"-1.164,23";"0,000000";"0,000000";"0,000";"0,000";"0,000";"0,000"
"-2080409,33";"PERECIVEIS \ LATICINIOS \ MASSAS RESFRIADAS \ MASSAS ESPECIAIS RESFRI";"0,000";"50,000";"0,000";"41,000";"9,000";"22,0";"0,00";"0,00";"0,00";"869,04";"0,00";"431,20";"437,84";"101,5";"-0,02";"437,83";"343,36";"0,000000";"0,000000";"0,000";"0,000";"0,000";"0,000"
"-2081720,45";"PERECIVEIS \ LATICINIOS \ PAO RECH- PAO DE ALHO \ PAO DE ALHO";"0,000";"111,000";"0,000";"315,000";"-204,000";"-64,8";"0,05";"0,00";"0,00";"902,56";"0,00";"2.213,68";"-1.311,12";"-59,2";"0,05";"-1.311,12";"-1.218,40";"0,000000";"0,000000";"0,000";"0,000";"0,000";"0,000"
"-2081942,57";"PERECIVEIS \ LATICINIOS \ PAO RECH- PAO DE ALHO \ PAO RECHEADO";"0,000";"1,000";"0,000";"15,000";"-14,000";"-93,3";"0,00";"0,00";"0,00";"15,73";"0,00";"237,85";"-222,12";"-93,4";"0,01";"-222,12";"-202,19";"0,000000";"0,000000";"0,000";"0,000";"0,000";"0,000"
"-2081825,01";"PERECIVEIS \ LATICINIOS \ PASTAS - PATE - MOLHO \ MOLHOS";"0,000";"25,000";"0,000";"16,000";"9,000";"56,3";"0,00";"0,00";"0,00";"324,12";"0,00";"206,56";"117,56";"56,9";"0,00";"117,56";"106,47";"0,000000";"0,000000";"0,000";"0,000";"0,000";"0,000"
"-2082302,27";"PERECIVEIS \ LATICINIOS \ PASTAS - PATE - MOLHO \ PASTAS";"0,000";"38,000";"0,000";"99,000";"-61,000";"-61,6";"0,02";"0,00";"0,00";"393,20";"0,00";"870,46";"-477,26";"-54,8";"0,02";"-477,26";"-429,00";"0,000000";"0,000000";"0,000";"0,000";"0,000";"0,000"
"-2084794,48";"PERECIVEIS \ LATICINIOS \ PASTAS - PATE - MOLHO \ PATE";"0,000";"384,357";"0,000";"729,754";"-345,397";"-47,3";"0,09";"0,00";"0,00";"3.446,17";"0,00";"5.938,38";"-2.492,21";"-42,0";"0,10";"-2.492,65";"-2.313,22";"0,000000";"0,000000";"0,000";"0,000";"0,000";"0,000"
"-2085165,21";"PERECIVEIS \ LATICINIOS \ QUEIJOS \ CREAM CHEESE";"0,000";"71,000";"0,000";"111,000";"-40,000";"-36,0";"0,01";"0,00";"0,00";"800,21";"0,00";"1.170,94";"-370,73";"-31,7";"0,01";"-371,20";"-328,71";"0,000000";"0,000000";"0,000";"0,000";"0,000";"0,000"
"-2086485,05";"PERECIVEIS \ LATICINIOS \ QUEIJOS \ CREMES";"0,000";"320,000";"0,000";"583,000";"-263,000";"-45,1";"0,07";"0,00";"0,00";"1.615,06";"0,00";"2.934,89";"-1.319,84";"-45,0";"0,05";"-1.319,52";"-1.054,04";"0,000000";"0,000000";"0,000";"0,000";"0,000";"0,000"
"-2087694,92";"PERECIVEIS \ LATICINIOS \ QUEIJOS \ QUEIJO AZUL";"0,000";"11,820";"0,000";"33,177";"-21,357";"-64,4";"0,01";"0,00";"0,00";"638,28";"0,00";"1.848,15";"-1.209,87";"-65,5";"0,05";"-1.210,31";"-964,37";"0,000000";"0,000000";"0,000";"0,000";"0,000";"0,000"
"-2087866,91";"PERECIVEIS \ LATICINIOS \ QUEIJOS \ QUEIJO BOLA";"0,000";"20,000";"0,000";"30,000";"-10,000";"-33,3";"0,00";"0,00";"0,00";"338,50";"0,00";"510,49";"-171,99";"-33,7";"0,01";"-175,58";"-175,50";"0,000000";"0,000000";"0,000";"0,000";"0,000";"0,000"
"-2091277,72";"PERECIVEIS \ LATICINIOS \ QUEIJOS \ QUEIJO BRIE";"0,000";"67,072";"0,000";"136,154";"-69,082";"-50,7";"0,02";"0,00";"0,00";"1.623,45";"0,00";"5.034,26";"-3.410,81";"-67,8";"0,14";"-3.446,04";"-2.603,78";"0,000000";"0,000000";"0,000";"0,000";"0,000";"0,000"
"-2092223,78";"PERECIVEIS \ LATICINIOS \ QUEIJOS \ QUEIJO CABRA";"0,000";"0,000";"0,000";"35,000";"-35,000";"-100,0";"0,01";"0,00";"0,00";"0,00";"0,00";"946,06";"-946,06";"-100,0";"0,04";"-946,06";"-824,55";"0,000000";"0,000000";"0,000";"0,000";"0,000";"0,000"
"-2092287,43";"PERECIVEIS \ LATICINIOS \ QUEIJOS \ QUEIJO CAMEMBERT";"0,000";"10,000";"0,000";"17,000";"-7,000";"-41,2";"0,00";"0,00";"0,00";"201,70";"0,00";"265,35";"-63,65";"-24,0";"0,00";"-70,37";"-53,00";"0,000000";"0,000000";"0,000";"0,000";"0,000";"0,000"
"-2091421,44";"PERECIVEIS \ LATICINIOS \ QUEIJOS \ QUEIJO COALHO";"0,000";"161,358";"0,000";"119,905";"41,453";"34,6";"-0,01";"0,00";"0,00";"4.130,28";"0,00";"3.264,29";"865,99";"26,5";"-0,03";"878,22";"785,39";"0,000000";"0,000000";"0,000";"0,000";"0,000";"0,000"
"-2092613,30";"PERECIVEIS \ LATICINIOS \ QUEIJOS \ QUEIJO COTTAGE";"0,000";"64,000";"0,000";"181,000";"-117,000";"-64,6";"0,03";"0,00";"0,00";"616,32";"0,00";"1.808,18";"-1.191,86";"-65,9";"0,05";"-1.199,58";"-985,37";"0,000000";"0,000000";"0,000";"0,000";"0,000";"0,000"
"-2092875,66";"PERECIVEIS \ LATICINIOS \ QUEIJOS \ QUEIJO EMMENTAL";"0,000";"3,454";"0,000";"6,702";"-3,248";"-48,5";"0,00";"0,00";"0,00";"146,66";"0,00";"409,02";"-262,36";"-64,1";"0,01";"-263,14";"-208,59";"0,000000";"0,000000";"0,000";"0,000";"0,000";"0,000"
"-2092915,57";"PERECIVEIS \ LATICINIOS \ QUEIJOS \ QUEIJO ESTEPE";"0,000";"3,000";"0,000";"5,000";"-2,000";"-40,0";"0,00";"0,00";"0,00";"31,44";"0,00";"71,35";"-39,91";"-55,9";"0,00";"-39,91";"-25,97";"0,000000";"0,000000";"0,000";"0,000";"0,000";"0,000"
"-2096777,12";"PERECIVEIS \ LATICINIOS \ QUEIJOS \ QUEIJO GORGONZOLA";"0,000";"20,656";"0,000";"86,594";"-65,938";"-76,1";"0,02";"0,00";"0,00";"1.222,67";"0,00";"5.084,22";"-3.861,55";"-76,0";"0,15";"-3.860,52";"-2.945,49";"0,000000";"0,000000";"0,000";"0,000";"0,000";"0,000"
"-2097363,62";"PERECIVEIS \ LATICINIOS \ QUEIJOS \ QUEIJO GOUDA";"0,000";"79,964";"0,000";"62,704";"17,260";"27,5";"0,00";"0,00";"0,00";"1.135,95";"0,00";"1.722,45";"-586,50";"-34,1";"0,02";"-584,82";"-491,15";"0,000000";"0,000000";"0,000";"0,000";"0,000";"0,000"
"-2097786,58";"PERECIVEIS \ LATICINIOS \ QUEIJOS \ QUEIJO GRANA";"0,000";"12,466";"0,000";"28,217";"-15,751";"-55,8";"0,00";"0,00";"0,00";"453,73";"0,00";"876,69";"-422,96";"-48,2";"0,02";"-422,96";"-322,46";"0,000000";"0,000000";"0,000";"0,000";"0,000";"0,000"
"-2097881,16";"PERECIVEIS \ LATICINIOS \ QUEIJOS \ QUEIJO GRUYERE";"0,000";"11,000";"0,000";"15,800";"-4,800";"-30,4";"0,00";"0,00";"0,00";"169,40";"0,00";"263,98";"-94,58";"-35,8";"0,00";"-94,68";"-77,81";"0,000000";"0,000000";"0,000";"0,000";"0,000";"0,000"
"-2137203,37";"PERECIVEIS \ LATICINIOS \ QUEIJOS \ QUEIJO MINAS";"0,000";"496,981";"0,000";"1.746,778";"-1.249,797";"-71,5";"0,32";"0,00";"0,00";"16.628,42";"0,00";"55.950,63";"-39.322,21";"-70,3";"1,57";"-39.561,18";"-34.427,38";"0,000000";"0,000000";"0,000";"0,000";"0,000";"0,000"
"-2137217,73";"PERECIVEIS \ LATICINIOS \ QUEIJOS \ QUEIJO MONTANHES";"0,000";"0,010";"0,000";"0,212";"-0,202";"-95,3";"0,00";"0,00";"0,00";"0,71";"0,00";"15,07";"-14,36";"-95,3";"0,00";"-14,36";"-12,65";"0,000000";"0,000000";"0,000";"0,000";"0,000";"0,000"
"-2188363,13";"PERECIVEIS \ LATICINIOS \ QUEIJOS \ QUEIJO MUCARELA";"0,000";"792,929";"0,000";"2.594,501";"-1.801,572";"-69,4";"0,46";"0,00";"0,00";"19.530,66";"0,00";"70.676,07";"-51.145,40";"-72,4";"2,04";"-51.280,54";"-40.304,85";"0,000000";"0,000000";"0,000";"0,000";"0,000";"0,000"
"-2195825,52";"PERECIVEIS \ LATICINIOS \ QUEIJOS \ QUEIJO PARMESAO";"0,000";"905,763";"0,000";"1.697,502";"-791,739";"-46,6";"0,20";"0,00";"0,00";"9.698,60";"0,00";"17.161,00";"-7.462,39";"-43,5";"0,30";"-7.470,51";"-6.019,18";"0,000000";"0,000000";"0,000";"0,000";"0,000";"0,000"
"-2208903,75";"PERECIVEIS \ LATICINIOS \ QUEIJOS \ QUEIJO PRATO";"0,000";"699,774";"0,000";"1.154,917";"-455,143";"-39,4";"0,11";"0,00";"0,00";"24.274,49";"0,00";"37.352,73";"-13.078,23";"-35,0";"0,52";"-13.123,69";"-11.276,07";"0,000000";"0,000000";"0,000";"0,000";"0,000";"0,000"
"-2210967,15";"PERECIVEIS \ LATICINIOS \ QUEIJOS \ QUEIJO PROCESSADO";"0,000";"215,764";"0,000";"457,098";"-241,334";"-52,8";"0,06";"0,00";"0,00";"1.759,35";"0,00";"3.822,75";"-2.063,40";"-54,0";"0,08";"-2.063,52";"-1.682,51";"0,000000";"0,000000";"0,000";"0,000";"0,000";"0,000"
"-2217389,37";"PERECIVEIS \ LATICINIOS \ QUEIJOS \ QUEIJO PROVOLONE";"0,000";"135,042";"0,000";"323,399";"-188,357";"-58,2";"0,05";"0,00";"0,00";"4.433,17";"0,00";"10.855,40";"-6.422,22";"-59,2";"0,26";"-6.417,93";"-5.178,92";"0,000000";"0,000000";"0,000";"0,000";"0,000";"0,000"
"-2217368,64";"PERECIVEIS \ LATICINIOS \ QUEIJOS \ QUEIJO REINO";"0,000";"8,743";"0,000";"6,503";"2,240";"34,4";"0,00";"0,00";"0,00";"351,55";"0,00";"330,82";"20,73";"6,3";"0,00";"19,38";"13,61";"0,000000";"0,000000";"0,000";"0,000";"0,000";"0,000"
"-2217379,12";"PERECIVEIS \ LATICINIOS \ QUEIJOS \ QUEIJO SUICO";"0,000";"2,200";"0,000";"3,000";"-0,800";"-26,7";"0,00";"0,00";"0,00";"20,96";"0,00";"31,44";"-10,48";"-33,3";"0,00";"-10,48";"-8,02";"0,000000";"0,000000";"0,000";"0,000";"0,000";"0,000"
"-2227819,24";"PERECIVEIS \ LATICINIOS \ QUEIJOS \ QUEIJOS ESPECIAIS";"0,000";"90,743";"0,000";"410,885";"-320,142";"-77,9";"0,08";"0,00";"0,00";"3.042,79";"0,00";"13.482,91";"-10.440,12";"-77,4";"0,42";"-10.440,11";"-8.218,44";"0,000000";"0,000000";"0,000";"0,000";"0,000";"0,000"
"-2228536,25";"PERECIVEIS \ LATICINIOS \ QUEIJOS \ QUEIJOS TIPO RICOTAS";"0,000";"31,532";"0,000";"68,876";"-37,344";"-54,2";"0,01";"0,00";"0,00";"577,28";"0,00";"1.294,29";"-717,01";"-55,4";"0,03";"-717,01";"-633,05";"0,000000";"0,000000";"0,000";"0,000";"0,000";"0,000"
"-2232512,76";"PERECIVEIS \ LATICINIOS \ QUEIJOS \ REQUEIJAO";"0,000";"831,686";"0,000";"1.214,753";"-383,067";"-31,5";"0,10";"0,00";"0,00";"6.022,35";"0,00";"9.998,85";"-3.976,51";"-39,8";"0,16";"-3.961,76";"-3.228,19";"0,000000";"0,000000";"0,000";"0,000";"0,000";"0,000"
"-2232512,76";"PERECIVEIS \ LATICINIOS \ ROTISSERIE \ ROTISSERIE";"0,000";"4,000";"0,000";"4,000";"0,000";"0,0";"0,00";"0,00";"0,00";"68,44";"0,00";"68,44";"0,00";"0,0";"0,00";"0,00";"0,00";"0,000000";"0,000000";"0,000";"0,000";"0,000";"0,000"
"-2233419,45";"PERECIVEIS \ LATICINIOS \ SOBREMESA REFRIGERADA \ SOBREM REFRIG FLAN PUDIM";"0,000";"98,000";"0,000";"388,000";"-290,000";"-74,7";"0,07";"0,00";"0,00";"406,18";"0,00";"1.312,87";"-906,69";"-69,1";"0,04";"-906,69";"-677,54";"0,000000";"0,000000";"0,000";"0,000";"0,000";"0,000"
"-2234819,16";"PERECIVEIS \ LATICINIOS \ SOBREMESA REFRIGERADA \ SOBREM REFRIG LACTEA";"0,000";"187,000";"0,000";"358,000";"-171,000";"-47,8";"0,04";"0,00";"0,00";"900,05";"0,00";"2.299,76";"-1.399,71";"-60,9";"0,06";"-1.416,52";"-1.030,00";"0,000000";"0,000000";"0,000";"0,000";"0,000";"0,000"
"-2234856,60";"PERECIVEIS \ LATICINIOS \ SOBREMESA REFRIGERADA \ SOBREM REFRIG QUEIJO";"0,000";"11,000";"0,000";"30,000";"-19,000";"-63,3";"0,00";"0,00";"0,00";"21,69";"0,00";"59,13";"-37,44";"-63,3";"0,00";"-37,44";"-29,19";"0,000000";"0,000000";"0,000";"0,000";"0,000";"0,000"
"-2238171,62";"PERECIVEIS \ LEITES \ BEBIDA LACTEA UHT \ BEB LACTEA UHT CHOCOLATE";"0,000";"547,000";"0,000";"2.023,000";"-1.476,000";"-73,0";"0,37";"0,00";"0,00";"1.673,84";"0,00";"4.988,86";"-3.315,02";"-66,4";"0,13";"-3.301,60";"-3.301,60";"0,000000";"0,000000";"0,000";"0,000";"0,000";"0,000"
"-2241473,20";"PERECIVEIS \ LEITES \ BEBIDA LACTEA UHT \ BEB LACTEA UHT ESPECIAL";"0,000";"3.269,000";"0,000";"3.783,000";"-514,000";"-13,6";"0,13";"0,00";"0,00";"19.555,75";"0,00";"22.857,33";"-3.301,58";"-14,4";"0,13";"-3.303,15";"-3.303,15";"0,000000";"0,000000";"0,000";"0,000";"0,000";"0,000"
"-2241402,55";"PERECIVEIS \ LEITES \ BEBIDA LACTEA UHT \ BEB LACTEA UHT SABORES";"0,000";"55,000";"0,000";"45,000";"10,000";"22,2";"0,00";"0,00";"0,00";"289,80";"0,00";"219,15";"70,65";"32,2";"0,00";"70,65";"70,65";"0,000000";"0,000000";"0,000";"0,000";"0,000";"0,000"
"-2241763,48";"PERECIVEIS \ LEITES \ COALHADA \ COALHADA";"0,000";"19,000";"0,000";"75,000";"-56,000";"-74,7";"0,01";"0,00";"0,00";"54,23";"0,00";"415,15";"-360,93";"-86,9";"0,01";"-361,01";"-311,12";"0,000000";"0,000000";"0,000";"0,000";"0,000";"0,000"
"-2241972,33";"PERECIVEIS \ LEITES \ LEITES \ LEITE A2A2";"0,000";"62,000";"0,000";"91,000";"-29,000";"-31,9";"0,01";"0,00";"0,00";"440,54";"0,00";"649,39";"-208,85";"-32,2";"0,01";"-208,85";"-162,91";"0,000000";"0,000000";"0,000";"0,000";"0,000";"0,000"
"-2243132,33";"PERECIVEIS \ LEITES \ LEITES \ LEITE UHT DESNAT E SEMI";"0,000";"1.210,000";"0,000";"1.402,000";"-192,000";"-13,7";"0,05";"0,00";"0,00";"5.940,50";"0,00";"7.100,50";"-1.160,00";"-16,3";"0,05";"-947,42";"-738,94";"0,000000";"0,000000";"0,000";"0,000";"0,000";"0,000"
"-2243193,94";"PERECIVEIS \ LEITES \ LEITES \ LEITE UHT ESPECIAIS";"0,000";"3,000";"0,000";"15,000";"-12,000";"-80,0";"0,00";"0,00";"0,00";"16,05";"0,00";"77,65";"-61,61";"-79,3";"0,00";"-61,61";"-48,05";"0,000000";"0,000000";"0,000";"0,000";"0,000";"0,000"
"-2243145,73";"PERECIVEIS \ LEITES \ LEITES \ LEITE UHT INTEGRAL";"0,000";"3.533,000";"0,000";"3.919,000";"-386,000";"-9,8";"0,10";"0,00";"0,00";"16.258,45";"0,00";"16.210,24";"48,21";"0,3";"0,00";"-56,75";"-44,24";"0,000000";"0,000000";"0,000";"0,000";"0,000";"0,000"
"-2245178,67";"PERECIVEIS \ LEITES \ LEITES \ LEITE UHT ZERO LACTOSE";"0,000";"587,000";"0,000";"937,000";"-350,000";"-37,4";"0,09";"0,00";"0,00";"3.262,90";"0,00";"5.295,83";"-2.032,94";"-38,4";"0,08";"-2.031,84";"-1.548,07";"0,000000";"0,000000";"0,000";"0,000";"0,000";"0,000"
"-2245098,22";"PERECIVEIS \ PADARIA \ LANCHONETE \ BEBIDAS LANCHONETE";"0,000";"58,000";"0,000";"0,000";"58,000";"";"-0,01";"0,00";"0,00";"80,45";"0,00";"0,00";"80,45";"";"0,00";"81,28";"73,32";"0,000000";"0,000000";"0,000";"0,000";"0,000";"0,000"
"-2245301,82";"PERECIVEIS \ PADARIA \ LANCHONETE \ DOCE";"0,000";"0,000";"0,000";"30,336";"-30,336";"-100,0";"0,01";"0,00";"0,00";"0,00";"0,00";"203,60";"-203,60";"-100,0";"0,01";"-203,60";"-178,90";"0,000000";"0,000000";"0,000";"0,000";"0,000";"0,000"
"-2245133,24";"PERECIVEIS \ PADARIA \ LANCHONETE \ PIZZA PRONTA LANCHONETE";"0,000";"17,530";"0,000";"1,575";"15,955";"1.013,0";"0,00";"0,00";"0,00";"179,67";"0,00";"11,08";"168,58";"1.520,9";"-0,01";"169,10";"149,42";"0,000000";"0,000000";"0,000";"0,000";"0,000";"0,000"
"-2245139,21";"PERECIVEIS \ PADARIA \ LANCHONETE \ ROTISSERIA";"0,000";"4.885,543";"0,000";"0,375";"4.885,168";"1.302.711,5";"-1,23";"0,00";"0,00";"0,00";"0,00";"5,97";"-5,97";"-100,0";"0,00";"-5,97";"-4,82";"0,000000";"0,000000";"0,000";"0,000";"0,000";"0,000"
"-2273398,89";"PERECIVEIS \ PADARIA \ LANCHONETE \ SALGADINHOS LANCHONETE";"0,000";"28,294";"0,000";"818,318";"-790,024";"-96,5";"0,20";"0,00";"0,00";"973,05";"0,00";"29.232,73";"-28.259,68";"-96,7";"1,13";"-28.253,56";"-25.845,16";"0,000000";"0,000000";"0,000";"0,000";"0,000";"0,000"
"-2280028,60";"PERECIVEIS \ PADARIA \ LANCHONETE \ SALGADOS LANCHONETE";"0,000";"27,629";"0,000";"266,404";"-238,775";"-89,6";"0,06";"0,00";"0,00";"885,18";"0,00";"7.514,89";"-6.629,71";"-88,2";"0,26";"-6.630,63";"-5.532,64";"0,000000";"0,000000";"0,000";"0,000";"0,000";"0,000"
"-2280672,24";"PERECIVEIS \ PADARIA \ LANCHONETE \ SANDUICHES LANCHONETE";"0,000";"58,264";"0,000";"66,524";"-8,260";"-12,4";"0,00";"0,00";"0,00";"629,15";"0,00";"1.272,79";"-643,64";"-50,6";"0,03";"-644,31";"-572,91";"0,000000";"0,000000";"0,000";"0,000";"0,000";"0,000"
"-2289378,61";"PERECIVEIS \ PADARIA \ PADARIA FABRICACAO \ BISCOITOS FP";"0,000";"134,203";"0,000";"385,668";"-251,465";"-65,2";"0,06";"0,00";"0,00";"3.680,38";"0,00";"12.386,75";"-8.706,37";"-70,3";"0,35";"-8.706,33";"-6.910,59";"0,000000";"0,000000";"0,000";"0,000";"0,000";"0,000"
"-2305715,07";"PERECIVEIS \ PADARIA \ PADARIA FABRICACAO \ BOLO FP";"0,000";"551,274";"0,000";"1.551,649";"-1.000,375";"-64,5";"0,25";"0,00";"0,00";"8.094,59";"0,00";"24.431,04";"-16.336,46";"-66,9";"0,65";"-16.333,81";"-12.687,55";"0,000000";"0,000000";"0,000";"0,000";"0,000";"0,000"
"-2305768,22";"PERECIVEIS \ PADARIA \ PADARIA FABRICACAO \ BOMBA FP";"0,000";"0,000";"0,000";"2,617";"-2,617";"-100,0";"0,00";"0,00";"0,00";"0,00";"0,00";"53,15";"-53,15";"-100,0";"0,00";"-53,15";"-39,82";"0,000000";"0,000000";"0,000";"0,000";"0,000";"0,000"
"-2310563,94";"PERECIVEIS \ PADARIA \ PADARIA FABRICACAO \ BRIOCHE";"0,000";"117,427";"0,000";"356,014";"-238,587";"-67,0";"0,06";"0,00";"0,00";"2.421,08";"0,00";"7.216,80";"-4.795,72";"-66,5";"0,19";"-4.795,72";"-4.168,53";"0,000000";"0,000000";"0,000";"0,000";"0,000";"0,000"
"-2311682,53";"PERECIVEIS \ PADARIA \ PADARIA FABRICACAO \ BROA FP";"0,000";"37,761";"0,000";"104,247";"-66,486";"-63,8";"0,02";"0,00";"0,00";"547,10";"0,00";"1.665,68";"-1.118,59";"-67,2";"0,04";"-1.118,58";"-916,96";"0,000000";"0,000000";"0,000";"0,000";"0,000";"0,000"
"-2322840,99";"PERECIVEIS \ PADARIA \ PADARIA FABRICACAO \ CAKE FP";"0,000";"261,502";"0,000";"636,381";"-374,879";"-58,9";"0,09";"0,00";"0,00";"6.368,03";"0,00";"17.526,49";"-11.158,46";"-63,7";"0,44";"-11.159,48";"-8.730,41";"0,000000";"0,000000";"0,000";"0,000";"0,000";"0,000"
"-2322575,84";"PERECIVEIS \ PADARIA \ PADARIA FABRICACAO \ CAVACA FP";"0,000";"34,128";"0,000";"20,465";"13,663";"66,8";"0,00";"0,00";"0,00";"650,46";"0,00";"385,31";"265,15";"68,8";"-0,01";"264,93";"213,33";"0,000000";"0,000000";"0,000";"0,000";"0,000";"0,000"
"-2323349,92";"PERECIVEIS \ PADARIA \ PADARIA FABRICACAO \ COLOMBA DE CHOCOLATE FP";"0,000";"7,202";"0,000";"42,281";"-35,079";"-83,0";"0,01";"0,00";"0,00";"158,62";"0,00";"932,70";"-774,08";"-83,0";"0,03";"-774,08";"-566,92";"0,000000";"0,000000";"0,000";"0,000";"0,000";"0,000"
"-2323744,37";"PERECIVEIS \ PADARIA \ PADARIA FABRICACAO \ COLOMBA DE FRUTAS FP";"0,000";"0,000";"0,000";"21,856";"-21,856";"-100,0";"0,01";"0,00";"0,00";"0,00";"0,00";"394,45";"-394,45";"-100,0";"0,02";"-394,45";"-300,23";"0,000000";"0,000000";"0,000";"0,000";"0,000";"0,000"
"-2329308,74";"PERECIVEIS \ PADARIA \ PADARIA FABRICACAO \ DOCES FP";"0,000";"140,553";"0,000";"369,920";"-229,367";"-62,0";"0,06";"0,00";"0,00";"2.900,28";"0,00";"8.464,65";"-5.564,37";"-65,7";"0,22";"-5.564,75";"-4.742,23";"0,000000";"0,000000";"0,000";"0,000";"0,000";"0,000"
"-2327951,55";"PERECIVEIS \ PADARIA \ PADARIA FABRICACAO \ FARINHA DE ROSCA FP";"0,000";"446,594";"0,000";"121,188";"325,406";"268,5";"-0,08";"0,00";"0,00";"1.867,04";"0,00";"509,85";"1.357,19";"266,2";"-0,05";"1.357,19";"1.341,50";"0,000000";"0,000000";"0,000";"0,000";"0,000";"0,000"
"-2329253,03";"PERECIVEIS \ PADARIA \ PADARIA FABRICACAO \ FOCACCIA FP";"0,000";"42,986";"0,000";"113,460";"-70,474";"-62,1";"0,02";"0,00";"0,00";"937,30";"0,00";"2.238,78";"-1.301,48";"-58,1";"0,05";"-1.301,48";"-1.052,89";"0,000000";"0,000000";"0,000";"0,000";"0,000";"0,000"
"-2329105,41";"PERECIVEIS \ PADARIA \ PADARIA FABRICACAO \ MASSA P.PIZZA FP";"0,000";"147,000";"0,000";"43,000";"104,000";"241,9";"-0,03";"0,00";"0,00";"208,67";"0,00";"61,05";"147,62";"241,8";"-0,01";"147,62";"132,15";"0,000000";"0,000000";"0,000";"0,000";"0,000";"0,000"
"-2331276,23";"PERECIVEIS \ PADARIA \ PADARIA FABRICACAO \ PAES DOCES FP";"0,000";"49,605";"0,000";"203,582";"-153,977";"-75,6";"0,04";"0,00";"0,00";"749,58";"0,00";"2.920,40";"-2.170,82";"-74,3";"0,09";"-2.170,67";"-1.784,63";"0,000000";"0,000000";"0,000";"0,000";"0,000";"0,000"
"-2352553,47";"PERECIVEIS \ PADARIA \ PADARIA FABRICACAO \ PAES ESPECIAIS FP";"0,000";"429,970";"0,000";"1.744,708";"-1.314,738";"-75,4";"0,33";"0,00";"0,00";"8.430,38";"0,00";"29.707,62";"-21.277,24";"-71,6";"0,85";"-21.278,86";"-18.097,27";"0,000000";"0,000000";"0,000";"0,000";"0,000";"0,000"
"-2352074,54";"PERECIVEIS \ PADARIA \ PADARIA FABRICACAO \ PANETONES DE CHOCOLATE FP";"0,000";"146,000";"0,000";"53,000";"93,000";"175,5";"-0,02";"0,00";"0,00";"881,15";"0,00";"402,22";"478,93";"119,1";"-0,02";"478,93";"358,63";"0,000000";"0,000000";"0,000";"0,000";"0,000";"0,000"
"-2352094,89";"PERECIVEIS \ PADARIA \ PADARIA FABRICACAO \ PANETONES DE FRUTAS FP";"0,000";"25,000";"0,000";"13,000";"12,000";"92,3";"0,00";"0,00";"0,00";"111,53";"0,00";"131,89";"-20,35";"-15,4";"0,00";"-20,35";"-15,74";"0,000000";"0,000000";"0,000";"0,000";"0,000";"0,000"
"-2352477,13";"PERECIVEIS \ PADARIA \ PADARIA FABRICACAO \ PANETONES SALGADOS FP";"0,000";"2,777";"0,000";"15,159";"-12,382";"-81,7";"0,00";"0,00";"0,00";"76,07";"0,00";"458,31";"-382,24";"-83,4";"0,02";"-382,24";"-334,01";"0,000000";"0,000000";"0,000";"0,000";"0,000";"0,000"
"-2352948,60";"PERECIVEIS \ PADARIA \ PADARIA FABRICACAO \ PAO AUSTRALIANO FP";"0,000";"20,538";"0,000";"52,643";"-32,105";"-61,0";"0,01";"0,00";"0,00";"303,41";"0,00";"774,87";"-471,47";"-60,8";"0,02";"-471,47";"-430,98";"0,000000";"0,000000";"0,000";"0,000";"0,000";"0,000"
"-2354837,96";"PERECIVEIS \ PADARIA \ PADARIA FABRICACAO \ PAO BAGUETE";"0,000";"60,530";"0,000";"171,842";"-111,312";"-64,8";"0,03";"0,00";"0,00";"957,85";"0,00";"2.847,21";"-1.889,36";"-66,4";"0,08";"-1.889,36";"-1.704,84";"0,000000";"0,000000";"0,000";"0,000";"0,000";"0,000"
"-2356096,26";"PERECIVEIS \ PADARIA \ PADARIA FABRICACAO \ PAO BATATA FP";"0,000";"37,807";"0,000";"151,414";"-113,607";"-75,0";"0,03";"0,00";"0,00";"663,51";"0,00";"1.921,81";"-1.258,30";"-65,5";"0,05";"-1.258,65";"-1.064,03";"0,000000";"0,000000";"0,000";"0,000";"0,000";"0,000"
"-2356497,17";"PERECIVEIS \ PADARIA \ PADARIA FABRICACAO \ PAO BISNAGUINHA FP";"0,000";"119,000";"0,000";"255,000";"-136,000";"-53,3";"0,03";"0,00";"0,00";"350,73";"0,00";"751,64";"-400,91";"-53,3";"0,02";"-400,83";"-345,78";"0,000000";"0,000000";"0,000";"0,000";"0,000";"0,000"
"-2356612,78";"PERECIVEIS \ PADARIA \ PADARIA FABRICACAO \ PAO FORMA INTEGRAL FP";"0,000";"22,000";"0,000";"42,000";"-20,000";"-47,6";"0,01";"0,00";"0,00";"128,61";"0,00";"244,22";"-115,61";"-47,3";"0,00";"-115,61";"-106,76";"0,000000";"0,000000";"0,000";"0,000";"0,000";"0,000"
"-2356426,78";"PERECIVEIS \ PADARIA \ PADARIA FABRICACAO \ PAO FORMA TRADICIONAL";"0,000";"86,674";"0,000";"28,000";"58,674";"209,6";"-0,01";"0,00";"0,00";"273,34";"0,00";"87,34";"186,00";"213,0";"-0,01";"186,13";"158,95";"0,000000";"0,000000";"0,000";"0,000";"0,000";"0,000"
"-2354139,67";"PERECIVEIS \ PADARIA \ PADARIA FABRICACAO \ PAO FRANCES FP";"0,000";"928,855";"0,000";"213,344";"715,511";"335,4";"-0,18";"0,00";"0,00";"3.148,09";"0,00";"860,98";"2.287,11";"265,6";"-0,09";"2.287,18";"2.263,07";"0,000000";"0,000000";"0,000";"0,000";"0,000";"0,000"
"-2354788,11";"PERECIVEIS \ PADARIA \ PADARIA FABRICACAO \ PAO HAMBURGUER FP";"0,000";"244,000";"0,000";"630,250";"-386,250";"-61,3";"0,10";"0,00";"0,00";"731,47";"0,00";"1.379,91";"-648,44";"-47,0";"0,03";"-647,99";"-544,67";"0,000000";"0,000000";"0,000";"0,000";"0,000";"0,000"
"-2355407,48";"PERECIVEIS \ PADARIA \ PADARIA FABRICACAO \ PAO HOT DOG FP";"0,000";"382,000";"0,000";"934,000";"-552,000";"-59,1";"0,14";"0,00";"0,00";"875,56";"0,00";"1.494,93";"-619,37";"-41,4";"0,02";"-619,18";"-528,81";"0,000000";"0,000000";"0,000";"0,000";"0,000";"0,000"
"-2407033,20";"PERECIVEIS \ PADARIA \ PADARIA FABRICACAO \ PAO QUEIJO FP";"0,000";"95,714";"0,000";"1.765,821";"-1.670,107";"-94,6";"0,42";"0,00";"0,00";"3.223,89";"0,00";"54.849,62";"-51.625,72";"-94,1";"2,06";"-51.625,69";"-41.102,20";"0,000000";"0,000000";"0,000";"0,000";"0,000";"0,000"
"-2407041,03";"PERECIVEIS \ PADARIA \ PADARIA FABRICACAO \ PAO RABANADA FP";"0,000";"0,000";"0,000";"1,935";"-1,935";"-100,0";"0,00";"0,00";"0,00";"0,00";"0,00";"7,83";"-7,83";"-100,0";"0,00";"-7,83";"-7,53";"0,000000";"0,000000";"0,000";"0,000";"0,000";"0,000"
"-2407040,09";"PERECIVEIS \ PADARIA \ PADARIA FABRICACAO \ PAO SACADURA FP";"0,000";"6,905";"0,000";"4,311";"2,594";"60,2";"0,00";"0,00";"0,00";"2,51";"0,00";"1,57";"0,94";"59,9";"0,00";"0,94";"0,91";"0,000000";"0,000000";"0,000";"0,000";"0,000";"0,000"
"-2407425,06";"PERECIVEIS \ PADARIA \ PADARIA FABRICACAO \ PAO SOVADO FP";"0,000";"7,247";"0,000";"29,954";"-22,707";"-75,8";"0,01";"0,00";"0,00";"122,76";"0,00";"507,73";"-384,97";"-75,8";"0,02";"-384,96";"-342,11";"0,000000";"0,000000";"0,000";"0,000";"0,000";"0,000"
"-2407943,01";"PERECIVEIS \ PADARIA \ PADARIA FABRICACAO \ PAO SUICO FP";"0,000";"30,581";"0,000";"89,763";"-59,182";"-65,9";"0,01";"0,00";"0,00";"267,51";"0,00";"785,46";"-517,95";"-65,9";"0,02";"-517,92";"-449,24";"0,000000";"0,000000";"0,000";"0,000";"0,000";"0,000"
"-2406782,99";"PERECIVEIS \ PADARIA \ PADARIA FABRICACAO \ PIZZA RECHEADA FP";"0,000";"158,841";"0,000";"97,320";"61,521";"63,2";"-0,02";"0,00";"0,00";"3.190,35";"0,00";"2.030,33";"1.160,02";"57,1";"-0,05";"1.177,65";"963,27";"0,000000";"0,000000";"0,000";"0,000";"0,000";"0,000"
"-2407542,18";"PERECIVEIS \ PADARIA \ PADARIA FABRICACAO \ ROCAMBOLE";"0,000";"9,959";"0,000";"46,218";"-36,259";"-78,5";"0,01";"0,00";"0,00";"198,02";"0,00";"957,21";"-759,19";"-79,3";"0,03";"-759,18";"-551,42";"0,000000";"0,000000";"0,000";"0,000";"0,000";"0,000"
"-2415972,40";"PERECIVEIS \ PADARIA \ PADARIA FABRICACAO \ SALGADOS FP";"0,000";"36,913";"0,000";"226,040";"-189,127";"-83,7";"0,05";"0,00";"0,00";"1.450,85";"0,00";"9.881,07";"-8.430,22";"-85,3";"0,34";"-8.429,59";"-7.029,63";"0,000000";"0,000000";"0,000";"0,000";"0,000";"0,000"
"-2416037,00";"PERECIVEIS \ PADARIA \ PADARIA FABRICACAO \ TORRADA FP";"0,000";"70,811";"0,000";"74,287";"-3,476";"-4,7";"0,00";"0,00";"0,00";"594,29";"0,00";"658,89";"-64,60";"-9,8";"0,00";"-63,03";"-48,44";"0,000000";"0,000000";"0,000";"0,000";"0,000";"0,000"
"-2417429,01";"PERECIVEIS \ PADARIA \ PADARIA FABRICACAO \ TORTAS FP";"0,000";"60,247";"0,000";"116,256";"-56,009";"-48,2";"0,01";"0,00";"0,00";"1.532,44";"0,00";"2.924,46";"-1.392,01";"-47,6";"0,06";"-1.391,91";"-1.027,47";"0,000000";"0,000000";"0,000";"0,000";"0,000";"0,000"
"-2419182,22";"PERECIVEIS \ PADARIA \ PADARIA INDUSTRIALIZADA \ BISCOITOS IND";"0,000";"147,000";"0,000";"236,174";"-89,174";"-37,8";"0,02";"0,00";"0,00";"1.028,60";"0,00";"2.781,80";"-1.753,21";"-63,0";"0,07";"-1.753,21";"-1.604,89";"0,000000";"0,000000";"0,000";"0,000";"0,000";"0,000"
"-2432087,35";"PERECIVEIS \ PADARIA \ PADARIA INDUSTRIALIZADA \ BOLO IND";"0,000";"1.790,017";"0,000";"3.548,249";"-1.758,232";"-49,6";"0,44";"0,00";"0,00";"10.019,25";"0,00";"22.924,38";"-12.905,13";"-56,3";"0,51";"-12.918,98";"-11.786,02";"0,000000";"0,000000";"0,000";"0,000";"0,000";"0,000"
"-2432401,31";"PERECIVEIS \ PADARIA \ PADARIA INDUSTRIALIZADA \ BRIOCHE IND";"0,000";"35,000";"0,000";"63,000";"-28,000";"-44,4";"0,01";"0,00";"0,00";"281,71";"0,00";"595,67";"-313,96";"-52,7";"0,01";"-313,96";"-289,62";"0,000000";"0,000000";"0,000";"0,000";"0,000";"0,000"
"-2432531,96";"PERECIVEIS \ PADARIA \ PADARIA INDUSTRIALIZADA \ COLOMBA CHOCOLATE";"0,000";"9,000";"0,000";"21,000";"-12,000";"-57,1";"0,00";"0,00";"0,00";"70,71";"0,00";"201,36";"-130,65";"-64,9";"0,01";"-130,65";"-103,35";"0,000000";"0,000000";"0,000";"0,000";"0,000";"0,000"
"-2432771,56";"PERECIVEIS \ PADARIA \ PADARIA INDUSTRIALIZADA \ COLOMBA FRUTAS";"0,000";"26,000";"0,000";"66,000";"-40,000";"-60,6";"0,01";"0,00";"0,00";"155,74";"0,00";"395,34";"-239,60";"-60,6";"0,01";"-239,60";"-190,68";"0,000000";"0,000000";"0,000";"0,000";"0,000";"0,000"
"-2438863,92";"PERECIVEIS \ PADARIA \ PADARIA INDUSTRIALIZADA \ DOCES IND";"0,000";"206,450";"0,000";"384,107";"-177,657";"-46,3";"0,04";"0,00";"0,00";"1.956,07";"0,00";"8.048,43";"-6.092,36";"-75,7";"0,24";"-6.096,49";"-5.490,43";"0,000000";"0,000000";"0,000";"0,000";"0,000";"0,000"
"-2438847,86";"PERECIVEIS \ PADARIA \ PADARIA INDUSTRIALIZADA \ MASSA IND";"0,000";"3,000";"0,000";"2,000";"1,000";"50,0";"0,00";"0,00";"0,00";"48,18";"0,00";"32,12";"16,06";"50,0";"0,00";"16,06";"14,57";"0,000000";"0,000000";"0,000";"0,000";"0,000";"0,000"
"-2439367,46";"PERECIVEIS \ PADARIA \ PADARIA INDUSTRIALIZADA \ PAES ESPECIAIS";"0,000";"121,000";"0,000";"165,000";"-44,000";"-26,7";"0,01";"0,00";"0,00";"1.299,15";"0,00";"1.818,75";"-519,60";"-28,6";"0,02";"-519,60";"-494,15";"0,000000";"0,000000";"0,000";"0,000";"0,000";"0,000"
"-2437620,04";"PERECIVEIS \ PADARIA \ PADARIA INDUSTRIALIZADA \ PANETONES DE CHOCOLATE IN";"0,000";"75,000";"0,000";"8,000";"67,000";"837,5";"-0,02";"0,00";"0,00";"1.807,66";"0,00";"60,24";"1.747,42";"2.900,8";"-0,07";"1.747,42";"1.361,86";"0,000000";"0,000000";"0,000";"0,000";"0,000";"0,000"
"-2437460,16";"PERECIVEIS \ PADARIA \ PADARIA INDUSTRIALIZADA \ PANETONES DE FRUTAS IND";"0,000";"17,000";"0,000";"0,000";"17,000";"";"0,00";"0,00";"0,00";"159,88";"0,00";"0,00";"159,88";"";"-0,01";"159,88";"124,73";"0,000000";"0,000000";"0,000";"0,000";"0,000";"0,000"
"-2437782,30";"PERECIVEIS \ PADARIA \ PADARIA INDUSTRIALIZADA \ PAO ARABE IND";"0,000";"42,000";"0,000";"91,000";"-49,000";"-53,8";"0,01";"0,00";"0,00";"222,00";"0,00";"544,14";"-322,14";"-59,2";"0,01";"-323,85";"-293,68";"0,000000";"0,000000";"0,000";"0,000";"0,000";"0,000"
"-2437782,30";"PERECIVEIS \ PADARIA \ PADARIA INDUSTRIALIZADA \ PAO AUSTRALIANO IND";"0,000";"7,000";"0,000";"7,000";"0,000";"0,0";"0,00";"0,00";"0,00";"59,15";"0,00";"59,15";"0,00";"0,0";"0,00";"0,00";"0,00";"0,000000";"0,000000";"0,000";"0,000";"0,000";"0,000"
"-2438824,85";"PERECIVEIS \ PADARIA \ PADARIA INDUSTRIALIZADA \ PAO BISNAGUINHA IND";"0,000";"308,000";"0,000";"453,000";"-145,000";"-32,0";"0,04";"0,00";"0,00";"2.047,48";"0,00";"3.090,03";"-1.042,55";"-33,7";"0,04";"-1.042,56";"-950,91";"0,000000";"0,000000";"0,000";"0,000";"0,000";"0,000"
"-2438826,70";"PERECIVEIS \ PADARIA \ PADARIA INDUSTRIALIZADA \ PAO CEBOLA IND";"0,000";"21,000";"0,000";"21,000";"0,000";"0,0";"0,00";"0,00";"0,00";"120,33";"0,00";"122,18";"-1,85";"-1,5";"0,00";"-1,85";"-1,85";"0,000000";"0,000000";"0,000";"0,000";"0,000";"0,000"
"-2439117,40";"PERECIVEIS \ PADARIA \ PADARIA INDUSTRIALIZADA \ PAO DE BATATA IND";"0,000";"24,000";"0,000";"49,000";"-25,000";"-51,0";"0,01";"0,00";"0,00";"193,23";"0,00";"483,93";"-290,70";"-60,1";"0,01";"-290,83";"-264,75";"0,000000";"0,000000";"0,000";"0,000";"0,000";"0,000"
"-2439007,34";"PERECIVEIS \ PADARIA \ PADARIA INDUSTRIALIZADA \ PAO DE CENOURA IND";"0,000";"24,000";"0,000";"5,000";"19,000";"380,0";"0,00";"0,00";"0,00";"138,83";"0,00";"28,77";"110,06";"382,6";"0,00";"109,99";"101,25";"0,000000";"0,000000";"0,000";"0,000";"0,000";"0,000"
"-2439081,70";"PERECIVEIS \ PADARIA \ PADARIA INDUSTRIALIZADA \ PAO DE COCO IND";"0,000";"3,000";"0,000";"11,000";"-8,000";"-72,7";"0,00";"0,00";"0,00";"28,11";"0,00";"102,46";"-74,36";"-72,6";"0,00";"-74,57";"-67,79";"0,000000";"0,000000";"0,000";"0,000";"0,000";"0,000"
"-2442702,89";"PERECIVEIS \ PADARIA \ PADARIA INDUSTRIALIZADA \ PAO DE FORMA INTEGRAL IND";"0,000";"526,000";"0,000";"940,000";"-414,000";"-44,0";"0,10";"0,00";"0,00";"4.554,43";"0,00";"8.175,62";"-3.621,19";"-44,3";"0,14";"-3.620,80";"-3.295,45";"0,000000";"0,000000";"0,000";"0,000";"0,000";"0,000"
"-2448383,82";"PERECIVEIS \ PADARIA \ PADARIA INDUSTRIALIZADA \ PAO DE FORMA TRADIC IND";"0,000";"690,000";"0,000";"1.406,000";"-716,000";"-50,9";"0,18";"0,00";"0,00";"5.765,58";"0,00";"11.446,51";"-5.680,93";"-49,6";"0,23";"-5.680,18";"-5.178,32";"0,000000";"0,000000";"0,000";"0,000";"0,000";"0,000"
"-2448401,03";"PERECIVEIS \ PADARIA \ PADARIA INDUSTRIALIZADA \ PAO DE MEL IND";"0,000";"29,000";"0,000";"36,000";"-7,000";"-19,4";"0,00";"0,00";"0,00";"71,24";"0,00";"88,45";"-17,21";"-19,5";"0,00";"-17,21";"-15,75";"0,000000";"0,000000";"0,000";"0,000";"0,000";"0,000"
"-2448570,96";"PERECIVEIS \ PADARIA \ PADARIA INDUSTRIALIZADA \ PAO DE MILHO IND";"0,000";"30,000";"0,000";"53,000";"-23,000";"-43,4";"0,01";"0,00";"0,00";"219,15";"0,00";"389,08";"-169,93";"-43,7";"0,01";"-169,88";"-156,52";"0,000000";"0,000000";"0,000";"0,000";"0,000";"0,000"
"-2448490,62";"PERECIVEIS \ PADARIA \ PADARIA INDUSTRIALIZADA \ PAO EGG SPONGE IND";"0,000";"57,000";"0,000";"50,000";"7,000";"14,0";"0,00";"0,00";"0,00";"654,15";"0,00";"573,82";"80,34";"14,0";"0,00";"80,34";"75,47";"0,000000";"0,000000";"0,000";"0,000";"0,000";"0,000"
"-2449686,33";"PERECIVEIS \ PADARIA \ PADARIA INDUSTRIALIZADA \ PAO FOLHA IND";"0,000";"81,000";"0,000";"160,000";"-79,000";"-49,4";"0,02";"0,00";"0,00";"923,82";"0,00";"2.119,53";"-1.195,71";"-56,4";"0,05";"-1.195,71";"-1.154,39";"0,000000";"0,000000";"0,000";"0,000";"0,000";"0,000"
"-2450383,34";"PERECIVEIS \ PADARIA \ PADARIA INDUSTRIALIZADA \ PAO HAMBURGUER IND";"0,000";"151,000";"0,000";"244,000";"-93,000";"-38,1";"0,02";"0,00";"0,00";"1.338,42";"0,00";"2.035,43";"-697,01";"-34,2";"0,03";"-697,05";"-638,21";"0,000000";"0,000000";"0,000";"0,000";"0,000";"0,000"
"-2450480,92";"PERECIVEIS \ PADARIA \ PADARIA INDUSTRIALIZADA \ PAO HOT DOG IND";"0,000";"71,000";"0,000";"86,000";"-15,000";"-17,4";"0,00";"0,00";"0,00";"589,78";"0,00";"687,36";"-97,58";"-14,2";"0,00";"-98,10";"-90,17";"0,000000";"0,000000";"0,000";"0,000";"0,000";"0,000"
"-2450466,33";"PERECIVEIS \ PADARIA \ PADARIA INDUSTRIALIZADA \ PAO MULTIGRAOS IND";"0,000";"2,000";"0,000";"1,000";"1,000";"100,0";"0,00";"0,00";"0,00";"29,18";"0,00";"14,59";"14,59";"100,0";"0,00";"15,57";"14,29";"0,000000";"0,000000";"0,000";"0,000";"0,000";"0,000"
"-2451052,39";"PERECIVEIS \ PADARIA \ PADARIA INDUSTRIALIZADA \ PAO SIRIO IND";"0,000";"56,000";"0,000";"118,000";"-62,000";"-52,5";"0,02";"0,00";"0,00";"715,83";"0,00";"1.301,89";"-586,06";"-45,0";"0,02";"-586,06";"-536,00";"0,000000";"0,000000";"0,000";"0,000";"0,000";"0,000"
"-2451101,29";"PERECIVEIS \ PADARIA \ PADARIA INDUSTRIALIZADA \ PAO SOVADO IND";"0,000";"32,000";"0,000";"32,000";"0,000";"0,0";"0,00";"0,00";"0,00";"242,45";"0,00";"291,34";"-48,90";"-16,8";"0,00";"-49,11";"-43,54";"0,000000";"0,000000";"0,000";"0,000";"0,000";"0,000"
"-2451610,09";"PERECIVEIS \ PADARIA \ PADARIA INDUSTRIALIZADA \ PIZZA RECHEADA IND";"0,000";"0,000";"0,000";"20,000";"-20,000";"-100,0";"0,01";"0,00";"0,00";"0,00";"0,00";"508,80";"-508,80";"-100,0";"0,02";"-508,80";"-461,74";"0,000000";"0,000000";"0,000";"0,000";"0,000";"0,000"
"-2454878,64";"PERECIVEIS \ PADARIA \ PADARIA INDUSTRIALIZADA \ SALGADOS";"0,000";"19,288";"0,000";"142,795";"-123,507";"-86,5";"0,03";"0,00";"0,00";"167,42";"0,00";"3.435,97";"-3.268,55";"-95,1";"0,13";"-3.268,55";"-2.967,90";"0,000000";"0,000000";"0,000";"0,000";"0,000";"0,000"
"-2454974,34";"PERECIVEIS \ PADARIA \ PADARIA INDUSTRIALIZADA \ TAPIOCA";"0,000";"15,000";"0,000";"26,000";"-11,000";"-42,3";"0,00";"0,00";"0,00";"130,51";"0,00";"226,21";"-95,70";"-42,3";"0,00";"-95,70";"-67,57";"0,000000";"0,000000";"0,000";"0,000";"0,000";"0,000"
"-2456977,53";"PERECIVEIS \ PADARIA \ PADARIA INDUSTRIALIZADA \ TORTAS IND";"0,000";"35,000";"0,000";"100,000";"-65,000";"-65,0";"0,02";"0,00";"0,00";"2.073,36";"0,00";"4.076,55";"-2.003,19";"-49,1";"0,08";"-2.003,64";"-1.818,34";"0,000000";"0,000000";"0,000";"0,000";"0,000";"0,000"
"-2461700,76";"PERECIVEIS \ PEIXARIA \ CRUSTACEOS \ CRUSTACEOS";"0,000";"225,236";"0,000";"268,400";"-43,164";"-16,1";"0,01";"0,00";"0,00";"4.839,01";"0,00";"9.562,24";"-4.723,23";"-49,4";"0,19";"-4.723,23";"-3.898,49";"0,000000";"0,000000";"0,000";"0,000";"0,000";"0,000"
"-2461740,31";"PERECIVEIS \ PEIXARIA \ MOLUSCOS \ MOLUSCOS";"0,000";"26,000";"0,000";"31,000";"-5,000";"-16,1";"0,00";"0,00";"0,00";"1.264,40";"0,00";"1.303,95";"-39,55";"-3,0";"0,00";"-39,55";"-29,54";"0,000000";"0,000000";"0,000";"0,000";"0,000";"0,000"
"-2471663,38";"PERECIVEIS \ PEIXARIA \ PEIXES \ PEIXE FILE";"0,000";"1.995,462";"0,000";"2.625,249";"-629,787";"-24,0";"0,16";"0,00";"0,00";"48.984,89";"0,00";"58.907,96";"-9.923,07";"-16,8";"0,40";"-9.902,77";"-8.151,74";"0,000000";"0,000000";"0,000";"0,000";"0,000";"0,000"
"-2472061,15";"PERECIVEIS \ PEIXARIA \ PEIXES \ PEIXE INTEIRO";"0,000";"29,000";"0,000";"39,000";"-10,000";"-25,6";"0,00";"0,00";"0,00";"498,07";"0,00";"895,84";"-397,77";"-44,4";"0,02";"-400,54";"-372,50";"0,000000";"0,000000";"0,000";"0,000";"0,000";"0,000"
"-2476300,91";"PERECIVEIS \ PEIXARIA \ PEIXES \ PEIXE POSTA";"0,000";"132,000";"0,000";"227,000";"-95,000";"-41,9";"0,02";"0,00";"0,00";"6.032,07";"0,00";"10.271,83";"-4.239,76";"-41,3";"0,17";"-4.239,45";"-3.794,75";"0,000000";"0,000000";"0,000";"0,000";"0,000";"0,000"
"-2476809,95";"PERECIVEIS \ PEIXARIA \ PEIXES \ PEIXES EMPANADOS";"0,000";"17,000";"0,000";"43,000";"-26,000";"-60,5";"0,01";"0,00";"0,00";"333,47";"0,00";"842,51";"-509,04";"-60,4";"0,02";"-509,04";"-509,04";"0,000000";"0,000000";"0,000";"0,000";"0,000";"0,000"
"-2486450,06";"PERECIVEIS \ SALGADOS \ BACALHAU \ BACALHAU";"0,000";"3,451";"0,000";"99,319";"-95,868";"-96,5";"0,02";"0,00";"0,00";"348,56";"0,00";"9.988,67";"-9.640,11";"-96,5";"0,38";"-9.640,11";"-8.473,00";"0,000000";"0,000000";"0,000";"0,000";"0,000";"0,000"
"-2486418,44";"PERECIVEIS \ SALGADOS \ BACALHAU \ BACALHAU DESSALGADO";"0,000";"0,200";"0,000";"0,000";"0,200";"";"0,00";"0,00";"0,00";"31,62";"0,00";"0,00";"31,62";"";"0,00";"31,62";"25,30";"0,000000";"0,000000";"0,000";"0,000";"0,000";"0,000"
"-2488495,59";"PERECIVEIS \ SALGADOS \ BACALHAU \ PEIXE TIPO BACALHAU";"0,000";"43,298";"0,000";"88,706";"-45,408";"-51,2";"0,01";"0,00";"0,00";"2.073,25";"0,00";"4.150,40";"-2.077,15";"-50,0";"0,08";"-2.077,15";"-1.821,86";"0,000000";"0,000000";"0,000";"0,000";"0,000";"0,000"
"-2487348,75";"PERECIVEIS \ SALGADOS \ BACON \ BACON BARRIGA";"0,000";"440,268";"0,000";"393,037";"47,231";"12,0";"-0,01";"0,00";"0,00";"13.166,61";"0,00";"12.019,77";"1.146,84";"9,5";"-0,05";"1.147,50";"768,24";"0,000000";"0,000000";"0,000";"0,000";"0,000";"0,000"
"-2487334,00";"PERECIVEIS \ SALGADOS \ BACON \ BACON PALETA";"0,000";"0,642";"0,000";"0,000";"0,642";"";"0,00";"0,00";"0,00";"14,75";"0,00";"0,00";"14,75";"";"0,00";"14,75";"11,50";"0,000000";"0,000000";"0,000";"0,000";"0,000";"0,000"
"-2493231,50";"PERECIVEIS \ SALGADOS \ BACON \ BACON PERNIL";"0,000";"17,435";"0,000";"288,633";"-271,198";"-94,0";"0,07";"0,00";"0,00";"383,53";"0,00";"6.281,03";"-5.897,50";"-93,9";"0,24";"-5.887,67";"-4.592,39";"0,000000";"0,000000";"0,000";"0,000";"0,000";"0,000"
"-2496607,54";"PERECIVEIS \ SALGADOS \ CHARQUE \ CHARQUE DIANTEIRO";"0,000";"404,994";"0,000";"880,807";"-475,813";"-54,0";"0,12";"0,00";"0,00";"11.693,76";"0,00";"15.069,81";"-3.376,04";"-22,4";"0,13";"-3.641,67";"-3.285,28";"0,000000";"0,000000";"0,000";"0,000";"0,000";"0,000"
"-2496178,50";"PERECIVEIS \ SALGADOS \ CHARQUE \ CHARQUE LAGARTO";"0,000";"318,031";"0,000";"323,766";"-5,735";"-1,8";"0,00";"0,00";"0,00";"10.381,05";"0,00";"9.952,00";"429,04";"4,3";"-0,02";"421,81";"392,28";"0,000000";"0,000000";"0,000";"0,000";"0,000";"0,000"
"-2493583,03";"PERECIVEIS \ SALGADOS \ CHARQUE \ CHARQUE PONTA DE AGULHA";"0,000";"218,065";"0,000";"183,010";"35,055";"19,2";"-0,01";"0,00";"0,00";"6.119,47";"0,00";"3.524,01";"2.595,47";"73,7";"-0,10";"3.020,24";"2.808,82";"0,000000";"0,000000";"0,000";"0,000";"0,000";"0,000"
"-2495355,03";"PERECIVEIS \ SALGADOS \ CHARQUE \ CHARQUE TRASEIRO";"0,000";"285,000";"0,000";"351,000";"-66,000";"-18,8";"0,02";"0,00";"0,00";"6.440,71";"0,00";"8.212,70";"-1.772,00";"-21,6";"0,07";"-1.772,00";"-1.647,12";"0,000000";"0,000000";"0,000";"0,000";"0,000";"0,000"
"-2495525,97";"PERECIVEIS \ SALGADOS \ INGREDIENTES P.FEIJOADA \ INGREDIENTES FEIJOADA";"0,000";"11,000";"0,000";"24,000";"-13,000";"-54,2";"0,00";"0,00";"0,00";"143,99";"0,00";"314,93";"-170,94";"-54,3";"0,01";"-171,02";"-133,40";"0,000000";"0,000000";"0,000";"0,000";"0,000";"0,000"
"-2488175,90";"PERECIVEIS \ SALGADOS \ LINGUICAS DEFUMADAS \ LINGUICA CALABRESA";"0,000";"916,250";"0,000";"559,712";"356,538";"63,7";"-0,09";"0,00";"0,00";"13.487,89";"0,00";"6.137,82";"7.350,07";"119,8";"-0,29";"7.353,99";"6.751,39";"0,000000";"0,000000";"0,000";"0,000";"0,000";"0,000"
"-2491659,81";"PERECIVEIS \ SALGADOS \ LINGUICAS DEFUMADAS \ LINGUICA FINA MISTA";"0,000";"155,253";"0,000";"525,891";"-370,638";"-70,5";"0,09";"0,00";"0,00";"1.933,24";"0,00";"5.417,16";"-3.483,91";"-64,3";"0,14";"-3.484,00";"-3.188,39";"0,000000";"0,000000";"0,000";"0,000";"0,000";"0,000"
"-2493680,03";"PERECIVEIS \ SALGADOS \ LINGUICAS DEFUMADAS \ LINGUICA PAIO";"0,000";"119,670";"0,000";"283,875";"-164,205";"-57,8";"0,04";"0,00";"0,00";"1.737,68";"0,00";"3.757,90";"-2.020,22";"-53,8";"0,08";"-2.020,22";"-1.774,66";"0,000000";"0,000000";"0,000";"0,000";"0,000";"0,000"
"-2494081,39";"PERECIVEIS \ SALGADOS \ LINGUICAS DEFUMADAS \ LINGUICA PERNIL DEFUMADA";"0,000";"47,000";"0,000";"76,000";"-29,000";"-38,2";"0,01";"0,00";"0,00";"650,48";"0,00";"1.051,84";"-401,36";"-38,2";"0,02";"-401,36";"-373,26";"0,000000";"0,000000";"0,000";"0,000";"0,000";"0,000"
"-2494479,68";"PERECIVEIS \ SALGADOS \ LINGUICAS DEFUMADAS \ LINGUICA PORTUGUESA";"0,000";"22,538";"0,000";"69,676";"-47,138";"-67,7";"0,01";"0,00";"0,00";"346,73";"0,00";"745,02";"-398,29";"-53,5";"0,02";"-398,29";"-370,41";"0,000000";"0,000000";"0,000";"0,000";"0,000";"0,000"
"-2495760,69";"PERECIVEIS \ SALGADOS \ LINGUICAS DEFUMADAS \ LINGUICA SUINA";"0,000";"70,000";"0,000";"277,000";"-207,000";"-74,7";"0,05";"0,00";"0,00";"459,01";"0,00";"1.740,03";"-1.281,01";"-73,6";"0,05";"-1.281,38";"-1.191,69";"0,000000";"0,000000";"0,000";"0,000";"0,000";"0,000"
"-2495774,59";"PERECIVEIS \ SALGADOS \ SUINO DEFUMADO \ BACON DEFUMADO";"0,000";"0,000";"0,000";"1,000";"-1,000";"-100,0";"0,00";"0,00";"0,00";"0,00";"0,00";"13,90";"-13,90";"-100,0";"0,00";"-13,90";"-12,93";"0,000000";"0,000000";"0,000";"0,000";"0,000";"0,000"
"-2495893,26";"PERECIVEIS \ SALGADOS \ SUINO DEFUMADO \ COPA SUINA DEFUMADA";"0,000";"2,772";"0,000";"6,140";"-3,368";"-54,9";"0,00";"0,00";"0,00";"99,79";"0,00";"218,46";"-118,67";"-54,3";"0,00";"-118,67";"-92,56";"0,000000";"0,000000";"0,000";"0,000";"0,000";"0,000"
"-2496358,98";"PERECIVEIS \ SALGADOS \ SUINO DEFUMADO \ COSTELA SUINA DEFUMADA";"0,000";"9,077";"0,000";"26,334";"-17,257";"-65,5";"0,00";"0,00";"0,00";"307,71";"0,00";"773,43";"-465,72";"-60,2";"0,02";"-465,72";"-363,26";"0,000000";"0,000000";"0,000";"0,000";"0,000";"0,000"
"-2497242,86";"PERECIVEIS \ SALGADOS \ SUINO DEFUMADO \ LOMBO SUINO DEFUMADO";"0,000";"4,781";"0,000";"31,329";"-26,548";"-84,7";"0,01";"0,00";"0,00";"159,16";"0,00";"1.043,04";"-883,88";"-84,7";"0,04";"-883,88";"-689,42";"0,000000";"0,000000";"0,000";"0,000";"0,000";"0,000"
"-2497309,11";"PERECIVEIS \ SALGADOS \ SUINO SALGADO \ BOCHECHA";"0,000";"0,278";"0,000";"0,700";"-0,422";"-60,3";"0,00";"0,00";"0,00";"43,65";"0,00";"109,90";"-66,25";"-60,3";"0,00";"-66,25";"-63,60";"0,000000";"0,000000";"0,000";"0,000";"0,000";"0,000"
"-2498503,15";"PERECIVEIS \ SALGADOS \ SUINO SALGADO \ CHISPE SUINO SALG";"0,000";"0,978";"0,000";"129,550";"-128,572";"-99,2";"0,03";"0,00";"0,00";"9,00";"0,00";"1.203,04";"-1.194,04";"-99,3";"0,05";"-1.190,06";"-928,25";"0,000000";"0,000000";"0,000";"0,000";"0,000";"0,000"
"-2499893,47";"PERECIVEIS \ SALGADOS \ SUINO SALGADO \ COSTELA SUINA SALG";"0,000";"107,334";"0,000";"166,149";"-58,815";"-35,4";"0,01";"0,00";"0,00";"2.152,09";"0,00";"3.542,41";"-1.390,32";"-39,2";"0,06";"-1.389,63";"-1.083,91";"0,000000";"0,000000";"0,000";"0,000";"0,000";"0,000"
"-2500607,30";"PERECIVEIS \ SALGADOS \ SUINO SALGADO \ GARGANTA SUINA SALG";"0,000";"1,676";"0,000";"69,865";"-68,189";"-97,6";"0,02";"0,00";"0,00";"17,68";"0,00";"731,52";"-713,83";"-97,6";"0,03";"-713,83";"-556,79";"0,000000";"0,000000";"0,000";"0,000";"0,000";"0,000"
"-2503987,26";"PERECIVEIS \ SALGADOS \ SUINO SALGADO \ LOMBO SUINO SALG";"0,000";"23,277";"0,000";"197,067";"-173,790";"-88,2";"0,04";"0,00";"0,00";"492,12";"0,00";"3.872,08";"-3.379,96";"-87,3";"0,13";"-3.365,24";"-2.624,89";"0,000000";"0,000000";"0,000";"0,000";"0,000";"0,000"
"-2504277,72";"PERECIVEIS \ SALGADOS \ SUINO SALGADO \ ORELHA SALG";"0,000";"20,384";"0,000";"52,596";"-32,212";"-61,2";"0,01";"0,00";"0,00";"177,07";"0,00";"467,54";"-290,46";"-62,1";"0,01";"-290,46";"-226,56";"0,000000";"0,000000";"0,000";"0,000";"0,000";"0,000"
"-2507316,07";"PERECIVEIS \ SALGADOS \ SUINO SALGADO \ PONTA COSTELA SUINA SALG";"0,000";"12,214";"0,000";"238,089";"-225,875";"-94,9";"0,06";"0,00";"0,00";"162,79";"0,00";"3.201,14";"-3.038,35";"-94,9";"0,12";"-3.036,94";"-2.368,81";"0,000000";"0,000000";"0,000";"0,000";"0,000";"0,000"
"-2507661,92";"PERECIVEIS \ SALGADOS \ SUINO SALGADO \ RABINHO SUINO SALG";"0,000";"20,922";"0,000";"38,335";"-17,413";"-45,4";"0,00";"0,00";"0,00";"415,84";"0,00";"761,70";"-345,85";"-45,4";"0,01";"-345,85";"-269,77";"0,000000";"0,000000";"0,000";"0,000";"0,000";"0,000"
