"%Acm. Venda";"Nível 4";"Venda Quantidade";"Venda Itens";"Unitário Médio";"Venda Valor";"Venda % Partic.";"Promoções Valor Venda";"Promoc. % Partic.";"% Partic. Prom./Vda.";"Lucratividade Unit.";"Lucratividade Valor";"Lucrat. % Partic.";"Lucrat. Marg %";"% Mark Up";"% Mark Down";"Custo Bruto";"Custo Líquido";"Despesa Venda";"Compror";"Comissão";"Impostos Venda";"Valor IBS  Municipal";"Valor IBS  Estadual";"Valor CBS";"Valor IS";"Contribuição Valor";"Contrib. % Partic.";"Contrib. Marg %*";"Peso Bruto";"Peso Brt %Partic.";"Peso Líquido";"Volume M ³";"Valor Venda Por M³";"Despesa Fixa";"Desconto Fixo";"Vlr Descto Fora de NF"
"0,02";"MERCEARIA NAO ALIMENTOS \ BAZAR \ ARMARINHO \ ACESSORIOS ARMARINHO";"3.518,000";"34";"4,75";"16.696,19";"0,02";"979,55";"0,00";"5,87";"1,24";"4.356,59";"0,02";"26,09";"65,78";"39,68";"10.071,43";"8.221,27";"0,00";"0,00";"0,00";"4.118,34";"0,00";"6,36";"107,35";"0,00";"4.356,59";"0,02";"34,64";"11,663";"0,00";"1,275";"0,000";"0,000";"0,00";"0,00";"0,00"
"0,02";"MERCEARIA NAO ALIMENTOS \ BAZAR \ BOLSAS E SACOLAS \ BOLSA BRINDE";"331,000";"2";"6,16";"2.037,69";"0,00";"0,00";"0,00";"0,00";"2,28";"754,07";"0,00";"37,01";"113,62";"53,19";"953,87";"687,65";"0,00";"0,00";"0,00";"595,97";"0,00";"0,00";"10,33";"0,00";"754,07";"0,00";"52,30";"14,509";"0,00";"0,000";"0,000";"0,000";"0,00";"0,00";"0,00"
"0,03";"MERCEARIA NAO ALIMENTOS \ BAZAR \ BOLSAS E SACOLAS \ BOLSA TERMICA";"543,000";"5";"11,02";"5.982,70";"0,01";"0,00";"0,00";"0,00";"3,11";"1.687,18";"0,01";"28,20";"83,23";"45,42";"3.265,09";"2.546,70";"0,00";"0,00";"0,00";"1.748,82";"0,00";"4,43";"32,27";"0,00";"1.687,18";"0,01";"39,85";"40,725";"0,00";"0,000";"0,000";"0,000";"0,00";"0,00";"0,00"
"0,20";"MERCEARIA NAO ALIMENTOS \ BAZAR \ BOLSAS E SACOLAS \ SACOLA RECICLAVEL";"1.570.814,000";"2";"0,12";"181.700,50";"0,17";"0,00";"0,00";"0,00";"0,01";"19.881,90";"0,07";"10,94";"25,90";"20,57";"144.322,11";"111.418,27";"0,00";"0,00";"0,00";"50.400,33";"0,00";"0,08";"65,84";"0,00";"19.881,90";"0,07";"15,14";"406.081,815";"8,15";"1.256.651,200";"24,599";"7.386,499";"0,00";"0,00";"0,00"
"0,27";"MERCEARIA NAO ALIMENTOS \ BAZAR \ BOLSAS E SACOLAS \ SACOLA RETORNAVEL";"10.895,000";"4";"6,99";"76.113,06";"0,07";"0,00";"0,00";"0,00";"2,47";"26.904,57";"0,09";"35,35";"114,84";"53,45";"35.427,66";"26.951,79";"0,00";"0,00";"0,00";"22.256,69";"0,00";"0,18";"388,02";"0,00";"26.904,57";"0,09";"49,96";"705,185";"0,01";"0,000";"0,000";"0,000";"0,00";"0,00";"0,00"
"0,27";"MERCEARIA NAO ALIMENTOS \ BAZAR \ CALCADOS \ ACESSORIOS PARA CALCADOS";"53,000";"1";"5,59";"296,27";"0,00";"0,00";"0,00";"0,00";"1,40";"74,30";"0,00";"25,08";"54,53";"35,29";"191,72";"135,41";"0,00";"0,00";"0,00";"86,56";"0,00";"0,00";"1,96";"0,00";"74,30";"0,00";"35,43";"0,000";"0,00";"0,000";"0,000";"0,000";"0,00";"0,00";"0,00"
"0,28";"MERCEARIA NAO ALIMENTOS \ BAZAR \ CALCADOS \ GRAXAS";"302,000";"4";"18,53";"5.595,68";"0,01";"0,00";"0,00";"0,00";"3,82";"1.154,67";"0,00";"20,64";"58,78";"37,02";"3.524,15";"2.805,94";"0,00";"0,00";"0,00";"1.635,07";"0,00";"2,71";"31,21";"0,00";"1.154,67";"0,00";"29,15";"21,039";"0,00";"10,872";"0,000";"0,000";"0,00";"0,00";"0,00"
"0,33";"MERCEARIA NAO ALIMENTOS \ BAZAR \ CALCADOS \ SANDALIAS";"2.029,000";"41";"24,72";"50.161,39";"0,05";"3.658,54";"0,00";"7,29";"6,56";"13.313,32";"0,05";"26,54";"77,96";"43,81";"28.186,62";"22.188,30";"0,00";"0,00";"0,00";"14.659,76";"0,00";"32,08";"308,96";"0,00";"13.313,32";"0,05";"37,50";"515,032";"0,01";"0,000";"0,000";"0,000";"0,00";"0,00";"0,00"
"0,34";"MERCEARIA NAO ALIMENTOS \ BAZAR \ CHURRASCO \ ACESSORIOS CHURRASCO";"1.412,000";"6";"10,59";"14.946,15";"0,01";"0,00";"0,00";"0,00";"3,68";"5.194,34";"0,02";"34,75";"105,81";"51,41";"7.261,97";"6.051,00";"0,00";"0,00";"0,00";"3.700,80";"0,00";"7,92";"90,55";"0,00";"5.194,34";"0,02";"46,19";"314,589";"0,01";"291,960";"0,000";"0,000";"0,00";"0,00";"0,00"
"0,44";"MERCEARIA NAO ALIMENTOS \ BAZAR \ CHURRASCO \ CARVAO";"4.477,000";"3";"24,86";"111.297,58";"0,10";"4.615,38";"0,00";"4,15";"7,01";"31.363,64";"0,11";"28,18";"83,12";"45,39";"60.778,19";"47.406,67";"0,00";"0,00";"0,00";"32.527,27";"0,00";"61,20";"691,13";"0,00";"31.363,64";"0,11";"39,82";"16.207,548";"0,33";"8.698,000";"31,563";"3.526,204";"0,00";"0,00";"0,00"
"0,44";"MERCEARIA NAO ALIMENTOS \ BAZAR \ CHURRASCO \ ESPETO";"473,000";"1";"8,36";"3.952,47";"0,00";"0,00";"0,00";"0,00";"2,49";"1.179,01";"0,00";"29,83";"71,78";"41,79";"2.300,93";"1.617,15";"0,00";"0,00";"0,00";"1.156,32";"0,00";"4,46";"22,42";"0,00";"1.179,01";"0,00";"42,17";"41,151";"0,00";"0,000";"0,000";"0,000";"0,00";"0,00";"0,00"
"0,44";"MERCEARIA NAO ALIMENTOS \ BAZAR \ CHURRASCO \ GRELHA";"28,000";"2";"55,03";"1.540,94";"0,00";"0,00";"0,00";"0,00";"16,34";"457,40";"0,00";"29,68";"72,23";"41,94";"894,68";"633,31";"0,00";"0,00";"0,00";"450,23";"0,00";"1,04";"9,11";"0,00";"457,40";"0,00";"41,94";"0,000";"0,00";"0,000";"0,000";"0,000";"0,00";"0,00";"0,00"
"0,44";"MERCEARIA NAO ALIMENTOS \ BAZAR \ CHURRASCO \ PALITOS";"200,000";"1";"10,99";"2.198,10";"0,00";"0,00";"0,00";"0,00";"3,83";"766,51";"0,00";"34,87";"95,75";"48,91";"1.122,93";"789,04";"0,00";"0,00";"0,00";"642,55";"0,00";"1,91";"13,42";"0,00";"766,51";"0,00";"49,28";"0,000";"0,00";"0,000";"0,000";"0,000";"0,00";"0,00";"0,00"
"0,44";"MERCEARIA NAO ALIMENTOS \ BAZAR \ CHURRASCO \ TABUA";"66,000";"3";"34,15";"2.253,92";"0,00";"0,00";"0,00";"0,00";"13,19";"870,84";"0,00";"38,64";"122,12";"54,98";"1.014,74";"780,92";"0,00";"0,00";"0,00";"602,16";"0,00";"1,50";"13,49";"0,00";"870,84";"0,00";"52,72";"100,590";"0,00";"2,996";"0,000";"0,000";"0,00";"0,00";"0,00"
"0,51";"MERCEARIA NAO ALIMENTOS \ BAZAR \ DESCARTAVEIS \ ALUMINIO";"10.935,000";"17";"6,97";"76.243,79";"0,07";"0,00";"0,00";"0,00";"2,25";"24.580,35";"0,09";"32,24";"88,06";"46,83";"40.542,41";"29.358,45";"0,00";"0,00";"0,00";"22.304,98";"0,00";"30,80";"457,24";"0,00";"24.580,35";"0,09";"45,57";"627,901";"0,01";"0,000";"0,000";"0,000";"0,00";"0,00";"0,00"
"0,51";"MERCEARIA NAO ALIMENTOS \ BAZAR \ DESCARTAVEIS \ CANUDOS";"181,000";"1";"4,31";"780,01";"0,00";"0,00";"0,00";"0,00";"1,64";"297,03";"0,00";"38,08";"118,18";"54,17";"357,51";"254,56";"0,00";"0,00";"0,00";"228,42";"0,00";"0,17";"3,86";"0,00";"297,03";"0,00";"53,85";"0,000";"0,00";"0,000";"0,000";"0,000";"0,00";"0,00";"0,00"
"0,55";"MERCEARIA NAO ALIMENTOS \ BAZAR \ DESCARTAVEIS \ COPOS-TULIPAS";"4.167,000";"16";"10,42";"43.406,51";"0,04";"0,00";"0,00";"0,00";"4,09";"17.051,56";"0,06";"39,28";"81,16";"44,80";"23.960,73";"21.393,01";"0,00";"0,00";"0,00";"4.961,94";"0,00";"38,71";"307,79";"0,00";"17.051,56";"0,06";"44,35";"513,645";"0,01";"0,000";"0,000";"0,000";"0,00";"0,00";"0,00"
"0,58";"MERCEARIA NAO ALIMENTOS \ BAZAR \ DESCARTAVEIS \ FILMES PLASTICOS";"3.990,000";"6";"8,22";"32.791,94";"0,03";"0,00";"0,00";"0,00";"2,20";"8.776,14";"0,03";"26,76";"66,08";"39,79";"19.744,91";"14.426,04";"0,00";"0,00";"0,00";"9.589,76";"0,00";"24,19";"192,01";"0,00";"8.776,14";"0,03";"37,82";"455,167";"0,01";"0,000";"0,000";"0,000";"0,00";"0,00";"0,00"
"0,66";"MERCEARIA NAO ALIMENTOS \ BAZAR \ DESCARTAVEIS \ FILTROS";"19.315,000";"10";"4,71";"91.044,48";"0,08";"78.358,42";"0,07";"86,07";"1,52";"29.364,61";"0,10";"32,25";"59,55";"37,32";"57.063,81";"53.150,45";"0,00";"0,00";"0,00";"8.529,43";"0,00";"13,79";"686,87";"0,00";"29.364,61";"0,10";"35,59";"1.272,737";"0,03";"0,000";"0,000";"0,000";"0,00";"0,00";"0,00"
"0,66";"MERCEARIA NAO ALIMENTOS \ BAZAR \ DESCARTAVEIS \ FORMAS";"115,000";"1";"16,03";"1.843,74";"0,00";"0,00";"0,00";"0,00";"5,87";"675,50";"0,00";"36,64";"73,22";"42,27";"1.064,39";"997,69";"0,00";"0,00";"0,00";"170,55";"0,00";"1,11";"14,07";"0,00";"675,50";"0,00";"40,37";"0,000";"0,00";"0,000";"0,000";"0,000";"0,00";"0,00";"0,00"
"0,67";"MERCEARIA NAO ALIMENTOS \ BAZAR \ DESCARTAVEIS \ FOSFOROS";"2.657,000";"2";"5,40";"14.357,01";"0,01";"0,00";"0,00";"0,00";"1,50";"3.994,77";"0,01";"27,82";"85,75";"46,17";"7.729,01";"6.157,90";"0,00";"0,00";"0,00";"4.204,34";"0,00";"0,07";"77,24";"0,00";"3.994,77";"0,01";"39,35";"197,781";"0,00";"0,000";"0,000";"0,000";"0,00";"0,00";"0,00"
"0,80";"MERCEARIA NAO ALIMENTOS \ BAZAR \ DESCARTAVEIS \ GUARDANAPOS";"30.716,000";"8";"4,71";"144.597,74";"0,13";"39.833,46";"0,04";"27,55";"1,60";"48.997,54";"0,17";"33,89";"70,64";"41,40";"84.738,91";"82.224,91";"0,00";"0,00";"0,00";"13.375,29";"0,00";"85,80";"1.111,53";"0,00";"48.997,54";"0,17";"37,34";"2.314,232";"0,05";"0,000";"0,000";"0,000";"0,00";"0,00";"0,00"
"0,80";"MERCEARIA NAO ALIMENTOS \ BAZAR \ DESCARTAVEIS \ KIT DESCARTAVEL";"394,000";"5";"9,59";"3.778,93";"0,00";"0,00";"0,00";"0,00";"4,12";"1.622,85";"0,01";"42,94";"90,91";"47,62";"1.979,39";"1.806,53";"0,00";"0,00";"0,00";"349,55";"0,00";"3,99";"27,90";"0,00";"1.622,85";"0,01";"47,32";"14,478";"0,00";"0,000";"0,000";"0,000";"0,00";"0,00";"0,00"
"0,80";"MERCEARIA NAO ALIMENTOS \ BAZAR \ DESCARTAVEIS \ PALITOS";"2.149,000";"1";"1,49";"3.208,10";"0,00";"0,00";"0,00";"0,00";"0,61";"1.318,77";"0,00";"41,11";"161,28";"61,73";"1.227,86";"947,94";"0,00";"0,00";"0,00";"941,39";"0,00";"0,06";"20,47";"0,00";"1.318,77";"0,00";"58,18";"32,235";"0,00";"0,000";"0,000";"0,000";"0,00";"0,00";"0,00"
"0,81";"MERCEARIA NAO ALIMENTOS \ BAZAR \ DESCARTAVEIS \ PAPEL MANTEIGA";"920,000";"2";"5,89";"5.416,03";"0,01";"0,00";"0,00";"0,00";"1,77";"1.631,55";"0,01";"30,12";"83,07";"45,38";"2.958,43";"2.200,53";"0,00";"0,00";"0,00";"1.583,95";"0,00";"0,00";"33,04";"0,00";"1.631,55";"0,01";"42,58";"75,880";"0,00";"0,000";"0,000";"0,000";"0,00";"0,00";"0,00"
"0,83";"MERCEARIA NAO ALIMENTOS \ BAZAR \ DESCARTAVEIS \ PRATOS";"3.998,000";"9";"6,57";"26.283,25";"0,02";"0,00";"0,00";"0,00";"3,00";"12.009,79";"0,04";"45,69";"103,33";"50,82";"12.926,22";"11.842,26";"0,00";"0,00";"0,00";"2.431,20";"0,00";"18,36";"198,90";"0,00";"12.009,79";"0,04";"50,35";"166,502";"0,00";"0,000";"0,000";"0,000";"0,00";"0,00";"0,00"
"0,86";"MERCEARIA NAO ALIMENTOS \ BAZAR \ DESCARTAVEIS \ SACOS";"2.741,000";"14";"12,67";"34.716,27";"0,03";"0,00";"0,00";"0,00";"3,79";"10.386,44";"0,04";"29,92";"76,56";"43,36";"19.662,50";"14.180,49";"0,00";"0,00";"0,00";"10.149,34";"0,00";"21,14";"201,37";"0,00";"10.386,44";"0,04";"42,28";"254,087";"0,01";"1,700";"0,000";"0,000";"0,00";"0,00";"0,00"
"1,07";"MERCEARIA NAO ALIMENTOS \ BAZAR \ DESCARTAVEIS \ SACOS PARA LIXO";"15.932,000";"38";"14,11";"224.866,73";"0,21";"61.662,73";"0,06";"27,42";"5,12";"81.601,65";"0,28";"36,29";"85,01";"45,95";"121.543,39";"119.614,02";"0,00";"0,00";"0,00";"23.651,06";"0,00";"183,07";"1.651,75";"0,00";"81.601,65";"0,28";"40,55";"2.642,419";"0,05";"20,430";"0,000";"0,000";"0,00";"0,00";"0,00"
"1,08";"MERCEARIA NAO ALIMENTOS \ BAZAR \ DESCARTAVEIS \ TALHERES DESCARTAVEIS";"2.587,000";"6";"5,92";"15.326,65";"0,01";"0,00";"0,00";"0,00";"2,76";"7.152,79";"0,02";"46,67";"108,41";"52,02";"7.354,08";"6.756,14";"0,00";"0,00";"0,00";"1.417,72";"0,00";"12,44";"114,61";"0,00";"7.152,79";"0,02";"51,43";"74,914";"0,00";"0,000";"0,000";"0,000";"0,00";"0,00";"0,00"
"1,32";"MERCEARIA NAO ALIMENTOS \ BAZAR \ DESCARTAVEIS \ TOALHAS DE PAPEL";"42.665,000";"11";"6,00";"255.785,06";"0,24";"185.600,12";"0,17";"72,56";"1,84";"78.514,33";"0,27";"30,70";"64,55";"39,23";"155.448,63";"153.610,61";"0,00";"0,00";"0,00";"23.660,12";"0,00";"102,51";"1.938,21";"0,00";"78.514,33";"0,27";"33,82";"9.646,616";"0,19";"0,000";"0,000";"0,000";"0,00";"0,00";"0,00"
"1,32";"MERCEARIA NAO ALIMENTOS \ BAZAR \ ELETRO E ELETRONICO \ MAQUINA DE CAFE";"113,000";"2";"43,73";"4.941,08";"0,00";"3.192,00";"0,00";"64,60";"-16,89";"-1.908,11";"-0,01";"-38,62";"-22,70";"-29,37";"6.392,14";"6.392,14";"0,00";"0,00";"0,00";"457,05";"0,00";"3,81";"34,40";"0,00";"-1.908,11";"-0,01";"-42,55";"0,000";"0,00";"0,000";"0,000";"0,000";"0,00";"0,00";"0,00"
"1,32";"MERCEARIA NAO ALIMENTOS \ BAZAR \ FERRAGENS \ ACESSORIOS DE FERRAGENS";"2,000";"1";"6,99";"13,98";"0,00";"0,00";"0,00";"0,00";"0,29";"0,58";"0,00";"4,15";"10,60";"9,59";"12,64";"12,11";"0,00";"0,00";"0,00";"1,29";"0,00";"0,02";"0,12";"0,00";"0,58";"0,00";"4,57";"0,000";"0,00";"0,000";"0,000";"0,000";"0,00";"0,00";"0,00"
"1,32";"MERCEARIA NAO ALIMENTOS \ BAZAR \ FESTAS \ BALOES";"279,000";"6";"18,98";"5.296,15";"0,00";"0,00";"0,00";"0,00";"6,81";"1.899,36";"0,01";"35,86";"101,30";"50,32";"2.630,94";"1.848,96";"0,00";"0,00";"0,00";"1.547,83";"0,00";"2,52";"30,22";"0,00";"1.899,36";"0,01";"50,67";"15,903";"0,00";"0,000";"0,000";"0,000";"0,00";"0,00";"0,00"
"1,32";"MERCEARIA NAO ALIMENTOS \ BAZAR \ FESTAS \ EMBALAGENS";"75,000";"1";"9,01";"676,09";"0,00";"0,00";"0,00";"0,00";"3,27";"244,99";"0,00";"36,24";"109,42";"52,25";"322,84";"233,47";"0,00";"0,00";"0,00";"197,63";"0,00";"0,47";"2,89";"0,00";"244,99";"0,00";"51,20";"5,100";"0,00";"0,000";"0,000";"0,000";"0,00";"0,00";"0,00"
"1,32";"MERCEARIA NAO ALIMENTOS \ BAZAR \ FESTAS \ FAIXAS";"59,000";"1";"6,99";"412,41";"0,00";"0,00";"0,00";"0,00";"2,53";"149,33";"0,00";"36,21";"105,36";"51,31";"200,82";"142,48";"0,00";"0,00";"0,00";"120,60";"0,00";"0,00";"2,28";"0,00";"149,33";"0,00";"51,17";"0,000";"0,00";"0,000";"0,000";"0,000";"0,00";"0,00";"0,00"
"1,32";"MERCEARIA NAO ALIMENTOS \ BAZAR \ FESTAS \ FOMINHAS-FUNDO";"258,000";"6";"8,75";"2.256,35";"0,00";"0,00";"0,00";"0,00";"3,10";"800,95";"0,00";"35,50";"100,37";"50,09";"1.126,07";"795,81";"0,00";"0,00";"0,00";"659,59";"0,00";"0,90";"13,05";"0,00";"800,95";"0,00";"50,16";"3,942";"0,00";"0,000";"0,000";"0,000";"0,00";"0,00";"0,00"
"1,34";"MERCEARIA NAO ALIMENTOS \ BAZAR \ FESTAS \ VELAS PARA FESTA";"3.537,000";"30";"6,37";"22.541,24";"0,02";"0,00";"0,00";"0,00";"1,92";"6.804,15";"0,02";"30,19";"73,17";"42,25";"13.016,57";"9.145,83";"0,00";"0,00";"0,00";"6.591,27";"0,00";"10,46";"129,71";"0,00";"6.804,15";"0,02";"42,66";"40,363";"0,00";"0,000";"0,000";"0,000";"0,00";"0,00";"0,00"
"1,35";"MERCEARIA NAO ALIMENTOS \ BAZAR \ LAVANDERIA \ ACESSORIOS LAVANDERIA";"842,000";"8";"13,73";"11.560,34";"0,01";"0,00";"0,00";"0,00";"3,55";"2.989,94";"0,01";"25,86";"70,50";"41,35";"6.780,38";"5.192,04";"0,00";"0,00";"0,00";"3.378,36";"0,00";"7,31";"69,46";"0,00";"2.989,94";"0,01";"36,54";"14,560";"0,00";"1,430";"0,000";"0,000";"0,00";"0,00";"0,00"
"1,35";"MERCEARIA NAO ALIMENTOS \ BAZAR \ LIMPEZA CASEIRA \ BALDE";"35,000";"1";"14,99";"524,65";"0,00";"0,00";"0,00";"0,00";"4,20";"146,83";"0,00";"27,99";"82,30";"45,15";"287,79";"224,48";"0,00";"0,00";"0,00";"153,35";"0,00";"0,35";"3,50";"0,00";"146,83";"0,00";"39,54";"6,825";"0,00";"6,545";"0,000";"0,000";"0,00";"0,00";"0,00"
"1,38";"MERCEARIA NAO ALIMENTOS \ BAZAR \ LIMPEZA CASEIRA \ DESENTUPIDOR";"943,000";"5";"29,98";"28.275,22";"0,03";"0,00";"0,00";"0,00";"9,89";"9.327,46";"0,03";"32,99";"73,07";"42,22";"16.337,60";"15.189,15";"0,00";"0,00";"0,00";"3.758,61";"0,00";"21,51";"191,63";"0,00";"9.327,46";"0,03";"38,05";"588,659";"0,01";"362,100";"0,000";"0,000";"0,00";"0,00";"0,00"
"1,39";"MERCEARIA NAO ALIMENTOS \ BAZAR \ LIMPEZA CASEIRA \ ESCOVA";"971,000";"7";"10,87";"10.557,34";"0,01";"0,00";"0,00";"0,00";"2,91";"2.825,52";"0,01";"26,76";"73,81";"42,46";"6.074,23";"4.646,11";"0,00";"0,00";"0,00";"3.085,71";"0,00";"7,66";"62,25";"0,00";"2.825,52";"0,01";"37,82";"21,776";"0,00";"18,472";"0,000";"0,000";"0,00";"0,00";"0,00"
"1,55";"MERCEARIA NAO ALIMENTOS \ BAZAR \ LIMPEZA CASEIRA \ ESPONJAS - BUCHAS";"30.546,000";"31";"5,70";"174.019,94";"0,16";"93.757,94";"0,09";"53,88";"1,99";"60.857,12";"0,21";"34,97";"67,27";"40,22";"104.034,96";"96.954,19";"0,00";"0,00";"0,00";"16.208,63";"0,00";"111,69";"1.309,52";"0,00";"60.857,12";"0,21";"38,56";"957,913";"0,02";"349,053";"1,692";"102.848,664";"0,00";"0,00";"0,00"
"1,55";"MERCEARIA NAO ALIMENTOS \ BAZAR \ LIMPEZA CASEIRA \ FLANELAS";"487,000";"3";"10,48";"5.104,84";"0,00";"0,00";"0,00";"0,00";"2,80";"1.361,43";"0,00";"26,67";"62,91";"38,62";"3.133,60";"2.251,53";"0,00";"0,00";"0,00";"1.491,88";"0,00";"4,36";"28,96";"0,00";"1.361,43";"0,00";"37,68";"12,234";"0,00";"0,000";"0,000";"0,000";"0,00";"0,00";"0,00"
"1,55";"MERCEARIA NAO ALIMENTOS \ BAZAR \ LIMPEZA CASEIRA \ MOP";"83,000";"5";"36,34";"3.016,54";"0,00";"0,00";"0,00";"0,00";"7,88";"654,12";"0,00";"21,68";"58,88";"37,06";"1.898,68";"1.480,98";"0,00";"0,00";"0,00";"881,45";"0,00";"1,89";"18,30";"0,00";"654,12";"0,00";"30,64";"0,000";"0,00";"0,000";"0,000";"0,000";"0,00";"0,00";"0,00"
"1,55";"MERCEARIA NAO ALIMENTOS \ BAZAR \ LIMPEZA CASEIRA \ PA DE LIXO";"369,000";"4";"13,60";"5.017,07";"0,00";"0,00";"0,00";"0,00";"3,31";"1.219,70";"0,00";"24,31";"61,78";"38,19";"3.101,21";"2.330,93";"0,00";"0,00";"0,00";"1.466,44";"0,00";"4,30";"28,65";"0,00";"1.219,70";"0,00";"34,35";"21,413";"0,00";"0,000";"0,000";"0,000";"0,00";"0,00";"0,00"
"1,67";"MERCEARIA NAO ALIMENTOS \ BAZAR \ LIMPEZA CASEIRA \ PANO";"11.365,000";"26";"11,69";"132.864,76";"0,12";"49.435,65";"0,05";"37,21";"3,11";"35.334,22";"0,12";"26,59";"67,41";"40,27";"79.366,03";"58.687,30";"0,00";"0,00";"0,00";"38.843,25";"0,00";"95,45";"769,00";"0,00";"35.334,22";"0,12";"37,58";"788,478";"0,02";"3,564";"0,000";"0,000";"0,00";"0,00";"0,00"
"1,67";"MERCEARIA NAO ALIMENTOS \ BAZAR \ LIMPEZA CASEIRA \ PANO UMEDECIDO";"77,000";"1";"21,99";"1.693,23";"0,00";"0,00";"0,00";"0,00";"1,89";"145,15";"0,00";"8,57";"25,40";"20,25";"1.350,27";"1.053,24";"0,00";"0,00";"0,00";"494,83";"0,00";"1,34";"9,38";"0,00";"145,15";"0,00";"12,11";"4,235";"0,00";"0,000";"0,000";"0,000";"0,00";"0,00";"0,00"
"1,68";"MERCEARIA NAO ALIMENTOS \ BAZAR \ LIMPEZA CASEIRA \ RODO";"534,000";"7";"22,16";"11.836,02";"0,01";"0,00";"0,00";"0,00";"5,34";"2.851,79";"0,01";"24,09";"58,22";"36,80";"7.480,94";"5.525,36";"0,00";"0,00";"0,00";"3.458,87";"0,00";"8,65";"67,99";"0,00";"2.851,79";"0,01";"34,04";"5,980";"0,00";"0,000";"0,000";"0,000";"0,00";"0,00";"0,00"
"1,74";"MERCEARIA NAO ALIMENTOS \ BAZAR \ LIMPEZA CASEIRA \ VASSOURAS";"2.008,000";"15";"30,12";"60.474,44";"0,06";"6.135,90";"0,01";"10,15";"8,17";"16.405,55";"0,06";"27,13";"66,61";"39,98";"36.296,46";"26.397,11";"0,00";"0,00";"0,00";"17.671,78";"0,00";"36,74";"352,12";"0,00";"16.405,55";"0,06";"38,33";"0,000";"0,00";"0,000";"0,000";"0,000";"0,00";"0,00";"0,00"
"1,95";"MERCEARIA NAO ALIMENTOS \ BAZAR \ PAPELARIA \ FIGURINHAS";"32.536,000";"1";"6,98";"227.175,58";"0,21";"0,00";"0,00";"0,00";"1,55";"50.281,32";"0,18";"22,13";"45,74";"31,38";"155.880,52";"155.880,52";"0,00";"0,00";"0,00";"21.013,74";"0,00";"0,00";"0,00";"0,00";"50.281,32";"0,17";"24,39";"8.687,112";"0,17";"0,000";"0,000";"0,000";"0,00";"0,00";"0,00"
"1,95";"MERCEARIA NAO ALIMENTOS \ BAZAR \ PAPELARIA \ REVISTA E LIVRO";"117,000";"2";"33,68";"3.940,55";"0,00";"1.499,75";"0,00";"38,06";"4,93";"576,44";"0,00";"14,63";"31,37";"23,88";"2.999,61";"2.999,61";"0,00";"0,00";"0,00";"364,50";"0,00";"0,00";"0,00";"0,00";"576,44";"0,00";"16,12";"0,000";"0,00";"0,000";"0,000";"0,000";"0,00";"0,00";"0,00"
"1,95";"MERCEARIA NAO ALIMENTOS \ BAZAR \ UTIL CASA E ACESSORIOS \ ACESSORIOS CASA";"310,000";"7";"10,13";"3.140,16";"0,00";"0,00";"0,00";"0,00";"3,52";"1.092,45";"0,00";"34,79";"88,29";"46,89";"1.667,70";"1.398,25";"0,00";"0,00";"0,00";"649,46";"0,00";"2,72";"19,38";"0,00";"1.092,45";"0,00";"43,86";"7,560";"0,00";"7,896";"0,000";"0,000";"0,00";"0,00";"0,00"
"1,97";"MERCEARIA NAO ALIMENTOS \ BAZAR \ UTIL COZINHA \ ACESSORIOS COZINHA";"1.809,000";"56";"13,15";"23.788,38";"0,02";"0,00";"0,00";"0,00";"4,06";"7.349,74";"0,03";"30,90";"68,08";"40,50";"14.153,10";"11.968,04";"0,00";"0,00";"0,00";"4.470,60";"0,00";"17,68";"158,10";"0,00";"7.349,74";"0,03";"38,05";"28,420";"0,00";"22,082";"0,000";"0,000";"0,00";"0,00";"0,00"
"1,97";"MERCEARIA NAO ALIMENTOS \ BAZAR \ UTIL COZINHA \ BALDE DE GELO";"7,000";"1";"38,99";"272,93";"0,00";"0,00";"0,00";"0,00";"11,73";"82,14";"0,00";"30,10";"83,68";"45,56";"148,59";"111,04";"0,00";"0,00";"0,00";"79,75";"0,00";"0,21";"1,75";"0,00";"82,14";"0,00";"42,52";"0,000";"0,00";"0,000";"0,000";"0,000";"0,00";"0,00";"0,00"
"1,97";"MERCEARIA NAO ALIMENTOS \ BAZAR \ UTIL COZINHA \ CANECA";"95,000";"7";"13,89";"1.319,17";"0,00";"0,00";"0,00";"0,00";"4,66";"442,67";"0,00";"33,56";"58,99";"37,10";"829,74";"754,47";"0,00";"0,00";"0,00";"122,02";"0,00";"1,12";"10,62";"0,00";"442,67";"0,00";"36,98";"0,000";"0,00";"0,000";"0,000";"0,000";"0,00";"0,00";"0,00"
"1,97";"MERCEARIA NAO ALIMENTOS \ BAZAR \ UTIL COZINHA \ COPO";"442,000";"11";"5,93";"2.618,92";"0,00";"0,00";"0,00";"0,00";"2,40";"1.061,27";"0,00";"40,52";"86,67";"46,43";"1.402,99";"1.315,40";"0,00";"0,00";"0,00";"242,25";"0,00";"2,00";"19,12";"0,00";"1.061,27";"0,00";"44,65";"21,060";"0,00";"231,960";"5,227";"501,037";"0,00";"0,00";"0,00"
"1,97";"MERCEARIA NAO ALIMENTOS \ BAZAR \ UTIL COZINHA \ FRIGIDEIRA";"45,000";"1";"49,90";"2.245,50";"0,00";"2.245,50";"0,00";"100,00";"10,79";"485,50";"0,00";"21,62";"58,66";"36,97";"1.415,25";"1.103,90";"0,00";"0,00";"0,00";"656,10";"0,00";"1,60";"12,80";"0,00";"485,50";"0,00";"30,55";"0,000";"0,00";"0,000";"0,000";"0,000";"0,00";"0,00";"0,00"
"1,97";"MERCEARIA NAO ALIMENTOS \ BAZAR \ UTIL COZINHA \ GARRAFA - JARRA";"10,000";"3";"71,54";"715,36";"0,00";"0,00";"0,00";"0,00";"26,57";"265,68";"0,00";"37,14";"72,12";"41,90";"415,61";"383,51";"0,00";"0,00";"0,00";"66,17";"0,00";"0,65";"5,71";"0,00";"265,68";"0,00";"40,92";"0,000";"0,00";"0,000";"0,000";"0,000";"0,00";"0,00";"0,00"
"1,97";"MERCEARIA NAO ALIMENTOS \ BAZAR \ UTIL COZINHA \ KIT UTENSILIOS COZINHA";"56,000";"2";"38,44";"2.152,83";"0,00";"0,00";"0,00";"0,00";"10,47";"586,20";"0,00";"27,23";"67,72";"40,38";"1.283,59";"943,56";"0,00";"0,00";"0,00";"623,07";"0,00";"1,41";"11,77";"0,00";"586,20";"0,00";"38,32";"0,000";"0,00";"17,278";"0,000";"0,000";"0,00";"0,00";"0,00"
"1,97";"MERCEARIA NAO ALIMENTOS \ BAZAR \ UTIL COZINHA \ PANO COPA";"12,000";"2";"15,49";"185,88";"0,00";"0,00";"0,00";"0,00";"3,90";"46,81";"0,00";"25,18";"55,26";"35,59";"119,72";"84,74";"0,00";"0,00";"0,00";"54,33";"0,00";"0,12";"1,20";"0,00";"46,81";"0,00";"35,58";"0,000";"0,00";"1,500";"0,000";"0,000";"0,00";"0,00";"0,00"
"1,97";"MERCEARIA NAO ALIMENTOS \ BAZAR \ UTIL COZINHA \ POTE";"219,000";"4";"17,08";"3.739,89";"0,00";"0,00";"0,00";"0,00";"5,91";"1.294,89";"0,00";"34,62";"87,64";"46,71";"1.993,07";"1.760,85";"0,00";"0,00";"0,00";"684,15";"0,00";"3,04";"25,04";"0,00";"1.294,89";"0,00";"42,38";"72,600";"0,00";"0,000";"2,904";"1.287,841";"0,00";"0,00";"0,00"
"1,98";"MERCEARIA NAO ALIMENTOS \ BAZAR \ UTIL COZINHA \ TACA";"396,000";"20";"27,90";"11.048,53";"0,01";"0,00";"0,00";"0,00";"10,51";"4.160,81";"0,01";"37,66";"77,83";"43,77";"6.212,80";"5.865,73";"0,00";"0,00";"0,00";"1.021,99";"0,00";"8,15";"74,74";"0,00";"4.160,81";"0,01";"41,50";"44,564";"0,00";"0,000";"0,000";"0,000";"0,00";"0,00";"0,00"
"1,98";"MERCEARIA NAO ALIMENTOS \ BAZAR \ UTIL COZINHA \ TALHER";"37,000";"1";"10,05";"371,67";"0,00";"0,00";"0,00";"0,00";"2,93";"108,46";"0,00";"29,18";"77,20";"43,57";"209,75";"154,56";"0,00";"0,00";"0,00";"108,65";"0,00";"0,28";"1,68";"0,00";"108,46";"0,00";"41,24";"0,000";"0,00";"1,591";"0,000";"0,000";"0,00";"0,00";"0,00"
"1,98";"MERCEARIA NAO ALIMENTOS \ BAZAR \ UTIL COZINHA \ TIGELA";"85,000";"2";"15,40";"1.309,15";"0,00";"0,00";"0,00";"0,00";"4,37";"371,23";"0,00";"28,36";"46,55";"31,76";"893,30";"816,82";"0,00";"0,00";"0,00";"121,10";"0,00";"1,19";"9,52";"0,00";"371,23";"0,00";"31,25";"0,000";"0,00";"0,000";"0,000";"0,000";"0,00";"0,00";"0,00"
"2,00";"MERCEARIA NAO ALIMENTOS \ BAZAR \ UTILIDADES \ LAMPADA";"2.898,000";"7";"8,59";"24.906,88";"0,02";"16.395,70";"0,02";"65,83";"3,28";"9.494,43";"0,03";"38,12";"72,43";"42,01";"14.444,65";"13.108,57";"0,00";"0,00";"0,00";"2.303,89";"0,00";"17,42";"197,52";"0,00";"9.494,43";"0,03";"42,01";"99,647";"0,00";"0,000";"0,000";"0,000";"0,00";"0,00";"0,00"
"2,02";"MERCEARIA NAO ALIMENTOS \ BAZAR \ UTILIDADES \ LUVA";"955,000";"6";"17,92";"17.117,37";"0,02";"0,00";"0,00";"0,00";"4,78";"4.565,70";"0,02";"26,67";"65,62";"39,62";"10.335,62";"7.549,71";"0,00";"0,00";"0,00";"5.001,95";"0,00";"10,30";"101,31";"0,00";"4.565,70";"0,02";"37,69";"42,570";"0,00";"0,000";"0,000";"0,000";"0,00";"0,00";"0,00"
"2,09";"MERCEARIA NAO ALIMENTOS \ BAZAR \ UTILIDADES \ PILHA E BATERIA";"4.071,000";"15";"18,05";"73.471,28";"0,07";"26.476,82";"0,02";"36,04";"4,09";"16.659,32";"0,06";"22,67";"64,99";"39,39";"44.529,60";"35.338,72";"0,00";"0,00";"0,00";"21.473,24";"0,00";"49,56";"437,51";"0,00";"16.659,32";"0,06";"32,04";"197,854";"0,00";"0,000";"0,000";"0,000";"0,00";"0,00";"0,00"
"2,14";"MERCEARIA NAO ALIMENTOS \ BAZAR \ UTILIDADES \ VELA";"3.615,000";"12";"14,52";"52.493,02";"0,05";"0,00";"0,00";"0,00";"4,72";"17.080,48";"0,06";"32,54";"83,84";"45,61";"28.553,24";"20.070,67";"0,00";"0,00";"0,00";"15.341,88";"0,00";"38,31";"321,61";"0,00";"17.080,48";"0,06";"45,98";"615,415";"0,01";"686,900";"0,000";"0,000";"0,00";"0,00";"0,00"
"2,26";"MERCEARIA NAO ALIMENTOS \ LIMPEZA \ BANHEIRO \ DESODORIZANTE SANITARIO";"16.471,000";"58";"8,17";"134.649,78";"0,12";"21.449,55";"0,02";"15,93";"2,43";"40.037,07";"0,14";"29,73";"62,22";"38,35";"83.006,10";"79.599,23";"0,00";"0,00";"0,00";"15.013,47";"0,00";"98,90";"962,36";"0,00";"40.037,07";"0,14";"33,47";"696,716";"0,01";"334,478";"0,211";"638.150,616";"0,00";"0,00";"0,00"
"2,32";"MERCEARIA NAO ALIMENTOS \ LIMPEZA \ BANHEIRO \ LIMPADORES DE BANHEIRO";"3.913,000";"16";"16,30";"63.786,73";"0,06";"231,60";"0,00";"0,36";"4,86";"19.020,49";"0,07";"29,82";"56,15";"35,96";"40.849,31";"36.170,47";"0,00";"0,00";"0,00";"8.595,77";"0,00";"43,23";"451,33";"0,00";"19.020,49";"0,07";"34,46";"1.160,924";"0,02";"685,050";"0,240";"265.778,042";"0,00";"0,00";"0,00"
"2,37";"MERCEARIA NAO ALIMENTOS \ LIMPEZA \ COZINHA \ DESENGORDURANTE";"3.663,000";"19";"14,46";"52.965,00";"0,05";"5.610,00";"0,01";"10,59";"4,34";"15.879,24";"0,06";"29,98";"56,26";"36,00";"33.896,11";"32.186,49";"0,00";"0,00";"0,00";"4.899,26";"0,00";"41,89";"389,52";"0,00";"15.879,24";"0,06";"33,04";"1.055,446";"0,02";"866,800";"0,000";"0,000";"0,00";"0,00";"0,00"
"2,37";"MERCEARIA NAO ALIMENTOS \ LIMPEZA \ COZINHA \ DESINFETANTE";"166,000";"3";"16,98";"2.819,44";"0,00";"0,00";"0,00";"0,00";"4,34";"719,99";"0,00";"25,54";"72,32";"41,97";"1.636,17";"1.275,47";"0,00";"0,00";"0,00";"823,98";"0,00";"1,95";"17,97";"0,00";"719,99";"0,00";"36,08";"0,000";"0,00";"0,000";"0,000";"0,000";"0,00";"0,00";"0,00"
"2,72";"MERCEARIA NAO ALIMENTOS \ LIMPEZA \ COZINHA \ DETERGENTE";"130.932,000";"27";"2,88";"376.433,33";"0,35";"26.726,91";"0,02";"7,10";"0,73";"96.146,80";"0,34";"25,54";"49,19";"32,97";"252.315,71";"245.466,45";"0,00";"0,00";"0,00";"34.820,08";"0,00";"63,60";"2.788,46";"0,00";"96.146,80";"0,33";"28,14";"68.725,374";"1,38";"32.752,600";"0,000";"0,000";"0,00";"0,00";"0,00"
"2,72";"MERCEARIA NAO ALIMENTOS \ LIMPEZA \ COZINHA \ KT LIMPADOR COZINHA";"213,000";"1";"12,43";"2.647,89";"0,00";"0,00";"0,00";"0,00";"3,34";"711,96";"0,00";"26,89";"56,56";"36,13";"1.691,28";"1.691,00";"0,00";"0,00";"0,00";"244,93";"0,00";"1,97";"20,06";"0,00";"711,96";"0,00";"29,63";"0,000";"0,00";"0,000";"0,000";"0,000";"0,00";"0,00";"0,00"
"2,73";"MERCEARIA NAO ALIMENTOS \ LIMPEZA \ COZINHA \ LIMPADOR";"954,000";"3";"10,64";"10.147,98";"0,01";"0,00";"0,00";"0,00";"3,40";"3.244,89";"0,01";"31,98";"56,63";"36,15";"6.479,01";"5.964,40";"0,00";"0,00";"0,00";"938,69";"0,00";"6,79";"79,93";"0,00";"3.244,89";"0,01";"35,23";"343,611";"0,01";"0,000";"0,000";"0,000";"0,00";"0,00";"0,00"
"2,79";"MERCEARIA NAO ALIMENTOS \ LIMPEZA \ COZINHA \ SABAO PASTOSO";"7.418,000";"8";"8,84";"65.577,08";"0,06";"39.054,24";"0,04";"59,55";"2,27";"16.805,38";"0,06";"25,63";"72,86";"42,15";"37.936,93";"29.593,29";"0,00";"0,00";"0,00";"19.178,41";"0,00";"56,87";"392,97";"0,00";"16.805,38";"0,06";"36,22";"3.567,083";"0,07";"4.134,000";"0,000";"0,000";"0,00";"0,00";"0,00"
"2,80";"MERCEARIA NAO ALIMENTOS \ LIMPEZA \ COZINHA \ SECANTE";"131,000";"1";"48,84";"6.397,73";"0,01";"0,00";"0,00";"0,00";"11,75";"1.539,38";"0,01";"24,06";"37,10";"27,06";"4.666,45";"4.266,56";"0,00";"0,00";"0,00";"591,79";"0,00";"5,35";"45,25";"0,00";"1.539,38";"0,01";"26,51";"37,073";"0,00";"32,750";"0,062";"103.189,194";"0,00";"0,00";"0,00"
"2,90";"MERCEARIA NAO ALIMENTOS \ LIMPEZA \ INSETICIDAS-REPELENTES \ INSETICIDA AEROSOL";"6.830,000";"18";"16,30";"111.342,80";"0,10";"4.144,97";"0,00";"3,72";"3,32";"22.677,07";"0,08";"20,37";"55,62";"35,74";"71.546,00";"56.119,59";"0,00";"0,00";"0,00";"32.546,14";"0,00";"63,83";"663,47";"0,00";"22.677,07";"0,08";"28,78";"2.663,819";"0,05";"342,630";"0,000";"0,000";"0,00";"0,00";"0,00"
"2,90";"MERCEARIA NAO ALIMENTOS \ LIMPEZA \ INSETICIDAS-REPELENTES \ INSETICIDA ELETRICO";"62,000";"3";"72,86";"4.517,44";"0,00";"0,00";"0,00";"0,00";"14,42";"893,99";"0,00";"19,79";"56,25";"36,00";"2.891,23";"2.303,57";"0,00";"0,00";"0,00";"1.319,88";"0,00";"2,86";"25,40";"0,00";"893,99";"0,00";"27,96";"11,900";"0,00";"0,000";"0,000";"0,000";"0,00";"0,00";"0,00"
"2,90";"MERCEARIA NAO ALIMENTOS \ LIMPEZA \ INSETICIDAS-REPELENTES \ INSETICIDA ESPIR-PASTILHA";"276,000";"1";"8,02";"2.214,87";"0,00";"0,00";"0,00";"0,00";"1,55";"428,51";"0,00";"19,35";"51,71";"34,08";"1.459,96";"1.138,77";"0,00";"0,00";"0,00";"647,59";"0,00";"2,52";"13,00";"0,00";"428,51";"0,00";"27,34";"39,192";"0,00";"0,000";"0,000";"0,000";"0,00";"0,00";"0,00"
"2,90";"MERCEARIA NAO ALIMENTOS \ LIMPEZA \ INSETICIDAS-REPELENTES \ INSETICIDA GEL";"33,000";"1";"20,05";"661,71";"0,00";"0,00";"0,00";"0,00";"4,78";"157,65";"0,00";"23,82";"69,24";"40,91";"391,00";"310,68";"0,00";"0,00";"0,00";"193,39";"0,00";"0,34";"4,30";"0,00";"157,65";"0,00";"33,66";"1,155";"0,00";"0,000";"0,000";"0,000";"0,00";"0,00";"0,00"
"2,91";"MERCEARIA NAO ALIMENTOS \ LIMPEZA \ INSETICIDAS-REPELENTES \ INSETICIDA ISCA";"284,000";"3";"27,34";"7.763,16";"0,01";"0,00";"0,00";"0,00";"4,46";"1.267,47";"0,00";"16,33";"44,42";"30,76";"5.375,44";"4.227,13";"0,00";"0,00";"0,00";"2.268,56";"0,00";"4,85";"44,35";"0,00";"1.267,47";"0,00";"23,07";"9,246";"0,00";"1,504";"0,000";"0,000";"0,00";"0,00";"0,00"
"2,91";"MERCEARIA NAO ALIMENTOS \ LIMPEZA \ INSETICIDAS-REPELENTES \ INSETICIDA LIQUIDO";"67,000";"3";"38,00";"2.546,05";"0,00";"0,00";"0,00";"0,00";"7,46";"500,10";"0,00";"19,64";"55,50";"35,69";"1.637,38";"1.301,99";"0,00";"0,00";"0,00";"743,96";"0,00";"1,61";"14,36";"0,00";"500,10";"0,00";"27,75";"17,249";"0,00";"5,600";"0,000";"0,000";"0,00";"0,00";"0,00"
"2,91";"MERCEARIA NAO ALIMENTOS \ LIMPEZA \ INSETICIDAS-REPELENTES \ KT REPELENTE";"129,000";"2";"22,62";"2.917,67";"0,00";"0,00";"0,00";"0,00";"4,65";"600,10";"0,00";"20,57";"58,58";"36,94";"1.839,90";"1.464,89";"0,00";"0,00";"0,00";"852,68";"0,00";"2,01";"16,17";"0,00";"600,10";"0,00";"29,06";"12,255";"0,00";"10,836";"0,000";"0,000";"0,00";"0,00";"0,00"
"2,93";"MERCEARIA NAO ALIMENTOS \ LIMPEZA \ INSETICIDAS-REPELENTES \ REPELENTE ELETRICO";"848,000";"11";"22,94";"19.449,88";"0,02";"40,96";"0,00";"0,21";"4,62";"3.913,91";"0,01";"20,12";"55,33";"35,62";"12.521,52";"9.851,83";"0,00";"0,00";"0,00";"5.684,13";"0,00";"12,05";"111,63";"0,00";"3.913,91";"0,01";"28,43";"57,080";"0,00";"12,771";"0,000";"0,000";"0,00";"0,00";"0,00"
"3,12";"MERCEARIA NAO ALIMENTOS \ LIMPEZA \ LIMPEZA GERAL \ AGUA SANITARIA";"30.981,000";"13";"6,47";"200.582,15";"0,19";"78.274,12";"0,07";"39,02";"2,35";"72.674,75";"0,25";"36,23";"81,73";"44,97";"110.371,35";"109.353,55";"0,00";"0,00";"0,00";"18.553,85";"0,00";"189,54";"1.567,76";"0,00";"72.674,75";"0,25";"39,92";"59.693,798";"1,20";"24.718,400";"0,008";"25.072.768,750";"0,00";"0,00";"0,00"
"3,24";"MERCEARIA NAO ALIMENTOS \ LIMPEZA \ LIMPEZA GERAL \ ALCOOL";"12.024,000";"12";"10,47";"125.898,17";"0,12";"0,00";"0,00";"0,00";"3,14";"37.782,69";"0,13";"30,01";"61,54";"38,10";"77.936,70";"72.495,71";"0,00";"0,00";"0,00";"15.619,77";"0,00";"105,33";"882,46";"0,00";"37.782,69";"0,13";"34,26";"10.408,790";"0,21";"356,000";"0,000";"0,000";"0,00";"0,00";"0,00"
"3,26";"MERCEARIA NAO ALIMENTOS \ LIMPEZA \ LIMPEZA GERAL \ ANTI MOFO - UMIDADE";"1.056,000";"6";"16,13";"17.033,12";"0,02";"0,00";"0,00";"0,00";"4,23";"4.463,69";"0,02";"26,21";"57,28";"36,42";"10.829,54";"7.591,25";"0,00";"0,00";"0,00";"4.978,18";"0,00";"12,50";"101,91";"0,00";"4.463,69";"0,02";"37,03";"249,258";"0,01";"109,800";"0,000";"0,000";"0,00";"0,00";"0,00"
"3,27";"MERCEARIA NAO ALIMENTOS \ LIMPEZA \ LIMPEZA GERAL \ AROMATIZANTE";"319,000";"7";"18,42";"5.877,01";"0,01";"0,00";"0,00";"0,00";"3,05";"972,64";"0,00";"16,55";"40,52";"28,83";"4.182,40";"3.262,34";"0,00";"0,00";"0,00";"1.642,03";"0,00";"3,72";"33,99";"0,00";"972,64";"0,00";"22,97";"27,200";"0,00";"9,000";"0,000";"0,000";"0,00";"0,00";"0,00"
"3,28";"MERCEARIA NAO ALIMENTOS \ LIMPEZA \ LIMPEZA GERAL \ CERA";"766,000";"6";"17,35";"13.292,50";"0,01";"9.019,62";"0,01";"67,85";"3,78";"2.895,10";"0,01";"21,78";"60,32";"37,62";"8.291,45";"6.511,68";"0,00";"0,00";"0,00";"3.885,73";"0,00";"7,37";"80,63";"0,00";"2.895,10";"0,01";"30,78";"0,000";"0,00";"0,000";"0,000";"0,000";"0,00";"0,00";"0,00"
"3,33";"MERCEARIA NAO ALIMENTOS \ LIMPEZA \ LIMPEZA GERAL \ CLORO";"4.610,000";"8";"10,92";"50.334,02";"0,05";"8.286,06";"0,01";"16,46";"2,61";"12.011,99";"0,04";"23,86";"56,88";"36,26";"32.085,42";"27.944,70";"0,00";"0,00";"0,00";"10.377,33";"0,00";"36,49";"333,30";"0,00";"12.011,99";"0,04";"30,06";"6.452,410";"0,13";"1.222,000";"1,775";"28.357,194";"0,00";"0,00";"0,00"
"3,58";"MERCEARIA NAO ALIMENTOS \ LIMPEZA \ LIMPEZA GERAL \ DESINFETANTE";"21.809,000";"78";"12,41";"270.547,33";"0,25";"52.684,70";"0,05";"19,47";"2,84";"61.923,55";"0,22";"22,89";"59,29";"37,22";"169.845,76";"134.704,55";"0,00";"0,00";"0,00";"73.919,23";"0,00";"161,70";"1.578,92";"0,00";"61.923,55";"0,21";"31,49";"25.717,445";"0,52";"18.532,270";"0,000";"0,000";"0,00";"0,00";"0,00"
"3,75";"MERCEARIA NAO ALIMENTOS \ LIMPEZA \ LIMPEZA GERAL \ DESODORIZADOR-ODORIZADOR";"8.598,000";"85";"21,65";"186.163,34";"0,17";"2.887,00";"0,00";"1,55";"5,50";"47.331,62";"0,17";"25,42";"53,92";"35,03";"120.950,31";"97.369,32";"0,00";"0,00";"0,00";"41.462,40";"0,00";"124,06";"1.155,36";"0,00";"47.331,62";"0,16";"32,71";"1.414,604";"0,03";"3.818,357";"7,776";"23.940,759";"0,00";"0,00";"0,00"
"3,79";"MERCEARIA NAO ALIMENTOS \ LIMPEZA \ LIMPEZA GERAL \ DESOMIDIFICANTE-NAFTALINA";"4.096,000";"11";"9,40";"38.504,75";"0,04";"0,00";"0,00";"0,00";"3,05";"12.510,85";"0,04";"32,49";"103,73";"50,92";"18.899,51";"14.738,01";"0,00";"0,00";"0,00";"11.255,88";"0,00";"25,19";"218,90";"0,00";"12.510,85";"0,04";"45,91";"603,563";"0,01";"194,120";"0,000";"0,000";"0,00";"0,00";"0,00"
"3,91";"MERCEARIA NAO ALIMENTOS \ LIMPEZA \ LIMPEZA GERAL \ KT LIMPEZA";"11.331,000";"7";"11,84";"134.131,01";"0,12";"126.679,30";"0,12";"94,44";"2,83";"32.078,37";"0,11";"23,92";"49,13";"32,94";"89.944,54";"89.645,52";"0,00";"0,00";"0,00";"12.407,12";"0,00";"105,60";"1.036,19";"0,00";"32.078,37";"0,11";"26,35";"17.969,553";"0,36";"0,000";"0,000";"0,000";"0,00";"0,00";"0,00"
"4,01";"MERCEARIA NAO ALIMENTOS \ LIMPEZA \ LIMPEZA GERAL \ LIMPADOR MULTI USO";"23.881,000";"33";"4,69";"111.969,04";"0,10";"78.385,31";"0,07";"70,01";"1,36";"32.530,66";"0,11";"29,05";"57,98";"36,70";"70.875,28";"68.703,64";"0,00";"0,00";"0,00";"10.734,74";"0,00";"39,22";"814,37";"0,00";"32.530,66";"0,11";"32,13";"12.993,181";"0,26";"3.624,000";"0,000";"0,000";"0,00";"0,00";"0,00"
"4,17";"MERCEARIA NAO ALIMENTOS \ LIMPEZA \ LIMPEZA GERAL \ LIMPADOR PERFUMADO";"21.239,000";"65";"8,01";"170.157,54";"0,16";"69.621,23";"0,06";"40,92";"2,46";"52.255,66";"0,18";"30,71";"63,00";"38,65";"104.388,77";"102.162,31";"0,00";"0,00";"0,00";"15.739,57";"0,00";"108,46";"1.264,13";"0,00";"52.255,66";"0,18";"33,84";"13.546,451";"0,27";"7.966,340";"0,309";"550.671,650";"0,00";"0,00";"0,00"
"4,28";"MERCEARIA NAO ALIMENTOS \ LIMPEZA \ LIMPEZA GERAL \ LIMPADOR USO GERAL";"7.554,000";"34";"16,14";"121.909,44";"0,11";"6.530,74";"0,01";"5,36";"4,48";"33.851,79";"0,12";"27,77";"48,17";"32,51";"82.274,82";"76.781,03";"0,00";"0,00";"0,00";"11.276,62";"0,00";"100,39";"896,64";"0,00";"33.851,79";"0,12";"30,60";"3.344,895";"0,07";"1.608,350";"0,291";"418.932,784";"0,00";"0,00";"0,00"
"4,33";"MERCEARIA NAO ALIMENTOS \ LIMPEZA \ LIMPEZA GERAL \ LUSTRA MOVEIS";"4.305,000";"15";"13,44";"57.839,48";"0,05";"4.412,78";"0,00";"7,63";"2,86";"12.295,51";"0,04";"21,26";"59,32";"37,23";"36.305,02";"28.639,34";"0,00";"0,00";"0,00";"16.904,62";"0,00";"39,55";"330,17";"0,00";"12.295,51";"0,04";"30,04";"1.290,518";"0,03";"810,100";"0,359";"161.112,758";"0,00";"0,00";"0,00"
"4,34";"MERCEARIA NAO ALIMENTOS \ LIMPEZA \ LIMPEZA GERAL \ OLEOS";"726,000";"3";"18,99";"13.785,34";"0,01";"0,00";"0,00";"0,00";"6,75";"4.901,74";"0,02";"35,56";"119,27";"54,39";"6.286,82";"4.979,10";"0,00";"0,00";"0,00";"3.904,50";"0,00";"7,64";"84,85";"0,00";"4.901,74";"0,02";"49,61";"126,277";"0,00";"136,700";"0,000";"0,000";"0,00";"0,00";"0,00"
"4,34";"MERCEARIA NAO ALIMENTOS \ LIMPEZA \ LIMPEZA GERAL \ POLIDOR";"102,000";"2";"50,37";"5.137,93";"0,00";"0,00";"0,00";"0,00";"8,82";"899,16";"0,00";"17,50";"48,30";"32,57";"3.464,54";"2.737,52";"0,00";"0,00";"0,00";"1.501,25";"0,00";"3,71";"31,69";"0,00";"899,16";"0,00";"24,72";"0,000";"0,00";"0,000";"0,000";"0,000";"0,00";"0,00";"0,00"
"4,36";"MERCEARIA NAO ALIMENTOS \ LIMPEZA \ LIMPEZA GERAL \ REMOVEDOR";"1.307,000";"8";"18,52";"24.201,83";"0,02";"7.560,76";"0,01";"31,24";"4,86";"6.349,06";"0,02";"26,23";"68,67";"40,71";"14.348,78";"11.857,18";"0,00";"0,00";"0,00";"5.995,59";"0,00";"17,79";"152,88";"0,00";"6.349,06";"0,02";"34,87";"479,044";"0,01";"637,500";"0,467";"51.824,047";"0,00";"0,00";"0,00"
"4,50";"MERCEARIA NAO ALIMENTOS \ LIMPEZA \ LIMPEZA GERAL \ SAPONACEO";"10.697,000";"18";"14,23";"152.234,45";"0,14";"27.649,92";"0,03";"18,16";"3,06";"32.755,68";"0,11";"21,52";"60,13";"37,55";"95.070,82";"74.982,99";"0,00";"0,00";"0,00";"44.495,78";"0,00";"97,14";"865,96";"0,00";"32.755,68";"0,11";"30,40";"5.608,427";"0,11";"3.190,800";"0,000";"0,000";"0,00";"0,00";"0,00"
"4,51";"MERCEARIA NAO ALIMENTOS \ LIMPEZA \ LIMPEZA GERAL \ SODA CAUSTICA";"417,000";"2";"16,69";"6.959,15";"0,01";"2.875,69";"0,00";"41,32";"4,56";"1.900,89";"0,01";"27,31";"65,74";"39,66";"4.198,86";"3.752,18";"0,00";"0,00";"0,00";"1.306,08";"0,00";"3,72";"44,70";"0,00";"1.900,89";"0,01";"33,63";"176,301";"0,00";"0,000";"0,000";"0,000";"0,00";"0,00";"0,00"
"4,86";"MERCEARIA NAO ALIMENTOS \ LIMPEZA \ ROUPAS \ AMACIANTE CONCENTRADO";"24.513,000";"53";"15,60";"382.304,64";"0,35";"223.516,22";"0,21";"58,47";"3,07";"75.253,52";"0,26";"19,68";"32,21";"24,36";"289.170,88";"269.550,65";"2.137,30";"0,00";"0,00";"35.363,18";"0,00";"331,45";"2.859,74";"0,00";"77.390,81";"0,27";"22,31";"17.176,725";"0,34";"4.484,200";"0,284";"1.346.143,099";"0,00";"0,00";"0,00"
"4,97";"MERCEARIA NAO ALIMENTOS \ LIMPEZA \ ROUPAS \ AMACIANTE DILUIDO";"13.072,000";"34";"8,92";"116.565,78";"0,11";"67.501,91";"0,06";"57,91";"2,64";"34.478,37";"0,12";"29,58";"61,20";"37,96";"72.313,44";"71.305,08";"0,00";"0,00";"0,00";"10.782,33";"0,00";"116,49";"877,29";"0,00";"34.478,37";"0,12";"32,59";"22.638,184";"0,45";"12.737,200";"1,237";"94.232,643";"0,00";"0,00";"0,00"
"4,98";"MERCEARIA NAO ALIMENTOS \ LIMPEZA \ ROUPAS \ ANTI UMIDADE";"302,000";"2";"23,06";"6.964,12";"0,01";"0,00";"0,00";"0,00";"9,04";"2.729,20";"0,01";"39,19";"91,99";"47,91";"3.627,37";"3.590,74";"0,00";"0,00";"0,00";"644,18";"0,00";"4,70";"44,62";"0,00";"2.729,20";"0,01";"43,18";"96,640";"0,00";"83,050";"0,000";"0,000";"0,00";"0,00";"0,00"
"5,00";"MERCEARIA NAO ALIMENTOS \ LIMPEZA \ ROUPAS \ FACILITADOR DE ROUPA";"969,000";"3";"22,86";"22.155,00";"0,02";"0,00";"0,00";"0,00";"4,18";"4.052,38";"0,01";"18,29";"46,61";"31,79";"15.111,35";"12.536,12";"0,00";"0,00";"0,00";"5.566,50";"0,00";"13,33";"128,04";"0,00";"4.052,38";"0,01";"24,43";"346,388";"0,01";"117,520";"0,000";"0,000";"0,00";"0,00";"0,00"
"5,01";"MERCEARIA NAO ALIMENTOS \ LIMPEZA \ ROUPAS \ KIT ROUPAS";"305,000";"2";"43,73";"13.337,02";"0,01";"0,00";"0,00";"0,00";"12,77";"3.895,76";"0,01";"29,21";"51,90";"34,17";"8.780,41";"8.207,58";"0,00";"0,00";"0,00";"1.233,67";"0,00";"11,13";"95,88";"0,00";"3.895,76";"0,01";"32,19";"0,000";"0,00";"0,000";"0,000";"0,000";"0,00";"0,00";"0,00"
"5,06";"MERCEARIA NAO ALIMENTOS \ LIMPEZA \ ROUPAS \ SABAO BARRA";"9.723,000";"23";"5,18";"50.409,92";"0,05";"11.589,53";"0,01";"22,99";"1,37";"13.323,68";"0,05";"26,43";"76,05";"43,20";"28.633,25";"22.337,99";"0,00";"0,00";"0,00";"14.748,26";"0,00";"3,59";"135,35";"0,00";"13.323,68";"0,05";"37,36";"909,383";"0,02";"1.717,180";"0,000";"0,000";"0,00";"0,00";"0,00"
"5,87";"MERCEARIA NAO ALIMENTOS \ LIMPEZA \ ROUPAS \ SABAO LIQUIDO";"35.292,000";"51";"24,59";"867.670,99";"0,81";"506.960,89";"0,47";"58,43";"5,53";"195.154,60";"0,68";"22,49";"45,18";"31,12";"597.643,90";"592.256,82";"0,00";"0,00";"0,00";"80.259,57";"0,00";"698,08";"6.421,27";"0,00";"195.154,60";"0,68";"24,78";"83.825,313";"1,68";"76.836,700";"0,000";"0,000";"0,00";"0,00";"0,00"
"6,37";"MERCEARIA NAO ALIMENTOS \ LIMPEZA \ ROUPAS \ SABAO PO";"34.395,000";"23";"15,71";"540.301,62";"0,50";"427.733,49";"0,40";"79,17";"2,38";"81.874,04";"0,29";"15,15";"31,08";"23,71";"412.206,17";"408.449,68";"0,00";"0,00";"0,00";"49.977,90";"0,00";"446,99";"4.130,31";"0,00";"81.874,04";"0,28";"16,70";"58.814,658";"1,18";"46.643,100";"259,581";"2.081,437";"0,00";"0,00";"0,00"
"6,51";"MERCEARIA NAO ALIMENTOS \ LIMPEZA \ ROUPAS \ TIRA MANCHAS-FERRUG-PELO";"9.779,000";"22";"15,10";"147.647,08";"0,14";"34.416,85";"0,03";"23,31";"4,28";"41.811,28";"0,15";"28,32";"51,01";"33,78";"97.774,37";"90.861,10";"0,00";"0,00";"0,00";"14.974,70";"0,00";"137,34";"1.112,22";"0,00";"41.811,28";"0,15";"31,51";"3.175,558";"0,06";"541,940";"0,000";"0,000";"0,00";"0,00";"0,00"
"6,59";"MERCEARIA NAO ALIMENTOS \ PERFUMARIA \ DEPILACO \ APARELHO BARBEAR";"5.416,000";"30";"15,02";"81.335,96";"0,08";"8.499,11";"0,01";"10,45";"4,18";"22.644,40";"0,08";"27,84";"45,87";"31,45";"55.759,54";"51.167,98";"0,00";"0,00";"0,00";"7.523,58";"0,00";"75,52";"620,44";"0,00";"22.644,40";"0,08";"30,68";"171,518";"0,00";"0,000";"0,320";"254.174,875";"0,00";"0,00";"0,00"
"6,63";"MERCEARIA NAO ALIMENTOS \ PERFUMARIA \ DEPILACO \ APARELHO DEPILAR";"1.955,000";"16";"21,12";"41.289,14";"0,04";"9.099,72";"0,01";"22,04";"5,60";"10.944,57";"0,04";"26,51";"42,68";"29,91";"28.938,58";"26.525,33";"0,00";"0,00";"0,00";"3.819,25";"0,00";"31,39";"291,09";"0,00";"10.944,57";"0,04";"29,21";"71,124";"0,00";"0,000";"0,000";"0,000";"0,00";"0,00";"0,00"
"6,63";"MERCEARIA NAO ALIMENTOS \ PERFUMARIA \ DEPILACO \ BALSAMO";"22,000";"2";"44,67";"982,68";"0,00";"0,00";"0,00";"0,00";"11,39";"250,57";"0,00";"25,50";"34,23";"25,50";"732,11";"732,11";"0,00";"0,00";"0,00";"0,00";"0,00";"0,78";"6,90";"0,00";"250,57";"0,00";"25,50";"5,838";"0,00";"2,190";"0,000";"0,000";"0,00";"0,00";"0,00"
"6,67";"MERCEARIA NAO ALIMENTOS \ PERFUMARIA \ DEPILACO \ CARGAS-LAMINAS";"837,000";"8";"45,57";"38.139,38";"0,04";"1.709,64";"0,00";"4,48";"11,71";"9.804,38";"0,03";"25,71";"41,89";"29,52";"26.879,15";"24.807,11";"0,00";"0,00";"0,00";"3.527,89";"0,00";"28,77";"267,75";"0,00";"9.804,38";"0,03";"28,33";"13,140";"0,00";"0,000";"0,000";"0,000";"0,00";"0,00";"0,00"
"6,67";"MERCEARIA NAO ALIMENTOS \ PERFUMARIA \ DEPILACO \ CREME-GEL DE BARBEAR";"240,000";"4";"11,10";"2.663,27";"0,00";"0,00";"0,00";"0,00";"4,10";"985,01";"0,00";"36,98";"58,69";"36,98";"1.678,26";"1.678,26";"0,00";"0,00";"0,00";"0,00";"0,00";"2,27";"22,49";"0,00";"985,01";"0,00";"36,98";"19,680";"0,00";"15,145";"0,000";"0,000";"0,00";"0,00";"0,00"
"6,68";"MERCEARIA NAO ALIMENTOS \ PERFUMARIA \ DEPILACO \ ESPUMA DE BARBEAR";"319,000";"4";"21,39";"6.822,41";"0,01";"0,00";"0,00";"0,00";"5,17";"1.648,55";"0,01";"24,16";"31,86";"24,16";"5.173,86";"5.173,86";"0,00";"0,00";"0,00";"0,00";"0,00";"6,06";"53,03";"0,00";"1.648,55";"0,01";"24,16";"78,372";"0,00";"59,665";"0,000";"0,000";"0,00";"0,00";"0,00"
"6,68";"MERCEARIA NAO ALIMENTOS \ PERFUMARIA \ FARMACIA INFANT \ CREME";"133,000";"2";"15,69";"2.086,72";"0,00";"0,00";"0,00";"0,00";"4,86";"645,89";"0,00";"30,95";"44,83";"30,95";"1.440,83";"1.440,83";"0,00";"0,00";"0,00";"0,00";"0,00";"2,46";"16,82";"0,00";"645,89";"0,00";"30,95";"3,854";"0,00";"7,050";"0,000";"0,000";"0,00";"0,00";"0,00"
"6,68";"MERCEARIA NAO ALIMENTOS \ PERFUMARIA \ FARMACIA \ AGUA OXIGENADA";"1.206,000";"3";"2,59";"3.121,00";"0,00";"0,00";"0,00";"0,00";"1,16";"1.401,78";"0,00";"44,91";"81,54";"44,91";"1.719,22";"1.719,22";"0,00";"0,00";"0,00";"0,00";"0,00";"0,10";"21,69";"0,00";"1.401,78";"0,00";"44,91";"96,480";"0,00";"0,000";"0,000";"0,000";"0,00";"0,00";"0,00"
"6,69";"MERCEARIA NAO ALIMENTOS \ PERFUMARIA \ FARMACIA \ ALCOOL";"338,000";"2";"16,09";"5.436,97";"0,01";"0,00";"0,00";"0,00";"3,60";"1.216,19";"0,00";"22,37";"59,00";"37,11";"3.419,47";"2.967,66";"0,00";"0,00";"0,00";"1.253,13";"0,00";"3,04";"33,68";"0,00";"1.216,19";"0,00";"29,07";"123,396";"0,00";"109,200";"0,000";"0,000";"0,00";"0,00";"0,00"
"6,70";"MERCEARIA NAO ALIMENTOS \ PERFUMARIA \ FARMACIA \ ALGODAO";"2.579,000";"5";"4,83";"12.450,28";"0,01";"0,00";"0,00";"0,00";"1,62";"4.188,27";"0,01";"33,64";"114,61";"53,40";"5.801,47";"4.618,62";"0,00";"0,00";"0,00";"3.643,38";"0,00";"0,24";"73,96";"0,00";"4.188,27";"0,01";"47,56";"147,005";"0,00";"55,500";"0,000";"0,000";"0,00";"0,00";"0,00"
"6,70";"MERCEARIA NAO ALIMENTOS \ PERFUMARIA \ FARMACIA \ CREME";"1,000";"1";"37,79";"37,79";"0,00";"0,00";"0,00";"0,00";"14,86";"14,86";"0,00";"39,32";"64,81";"39,32";"22,93";"22,93";"0,00";"0,00";"0,00";"0,00";"0,00";"0,04";"0,34";"0,00";"14,86";"0,00";"39,32";"0,000";"0,00";"0,030";"0,000";"0,000";"0,00";"0,00";"0,00"
"6,70";"MERCEARIA NAO ALIMENTOS \ PERFUMARIA \ FARMACIA \ CURATIVO";"140,000";"2";"17,35";"2.428,80";"0,00";"0,00";"0,00";"0,00";"6,43";"900,55";"0,00";"37,08";"73,20";"42,26";"1.402,30";"1.303,59";"0,00";"0,00";"0,00";"224,66";"0,00";"2,12";"18,13";"0,00";"900,55";"0,00";"40,86";"3,420";"0,00";"0,000";"0,000";"0,000";"0,00";"0,00";"0,00"
"6,74";"MERCEARIA NAO ALIMENTOS \ PERFUMARIA \ FARMACIA \ HASTE FLEXIVEL";"7.656,000";"5";"4,95";"37.905,75";"0,04";"18.215,90";"0,02";"48,06";"1,56";"11.936,47";"0,04";"31,49";"58,80";"37,03";"23.870,58";"22.463,00";"0,00";"0,00";"0,00";"3.506,28";"0,00";"24,76";"289,45";"0,00";"11.936,47";"0,04";"34,70";"209,904";"0,00";"0,000";"0,000";"0,000";"0,00";"0,00";"0,00"
"6,74";"MERCEARIA NAO ALIMENTOS \ PERFUMARIA \ FARMACIA \ PRESERVATIVOS";"61,000";"2";"20,19";"1.231,82";"0,00";"0,00";"0,00";"0,00";"5,63";"343,38";"0,00";"27,88";"44,88";"30,98";"850,21";"774,49";"0,00";"0,00";"0,00";"113,94";"0,00";"0,52";"3,38";"0,00";"343,38";"0,00";"30,72";"0,800";"0,00";"0,800";"0,000";"0,000";"0,00";"0,00";"0,00"
"6,82";"MERCEARIA NAO ALIMENTOS \ PERFUMARIA \ FRALDA INFANTIL \ FRALDAS DESCART INFANTIL";"1.843,000";"41";"48,45";"89.289,10";"0,08";"64.060,53";"0,06";"71,75";"9,31";"17.160,76";"0,06";"19,22";"33,21";"24,93";"67.028,97";"63.869,10";"0,00";"0,00";"0,00";"8.259,24";"0,00";"29,86";"282,26";"0,00";"17.160,76";"0,06";"21,18";"1.418,830";"0,03";"0,000";"0,000";"0,000";"0,00";"0,00";"0,00"
"6,94";"MERCEARIA NAO ALIMENTOS \ PERFUMARIA \ HIGIENE INTIMA \ ABSORVENTE";"10.258,000";"50";"12,40";"127.189,94";"0,12";"36.957,36";"0,03";"29,06";"3,82";"39.193,35";"0,14";"30,81";"53,68";"34,93";"82.764,88";"76.231,52";"0,00";"0,00";"0,00";"11.765,07";"0,00";"2,04";"19,21";"0,00";"39.193,35";"0,14";"33,96";"1.112,149";"0,02";"0,000";"1,812";"70.193,124";"0,00";"0,00";"0,00"
"6,98";"MERCEARIA NAO ALIMENTOS \ PERFUMARIA \ HIGIENE INTIMA \ PROTETOR INTIMO";"2.612,000";"13";"16,83";"43.950,22";"0,04";"3.073,28";"0,00";"6,99";"4,21";"10.984,78";"0,04";"24,99";"39,11";"28,11";"31.594,87";"28.900,04";"0,00";"0,00";"0,00";"4.065,40";"0,00";"15,81";"149,27";"0,00";"10.984,78";"0,04";"27,54";"198,307";"0,00";"0,000";"0,000";"0,000";"0,00";"0,00";"0,00"
"6,99";"MERCEARIA NAO ALIMENTOS \ PERFUMARIA \ HIGIENE INTIMA \ SABONETE INTIMO";"495,000";"6";"17,33";"8.580,40";"0,01";"0,00";"0,00";"0,00";"4,37";"2.161,00";"0,01";"25,19";"49,86";"33,27";"5.725,67";"5.120,61";"11,46";"0,00";"0,00";"1.287,33";"0,00";"6,50";"51,94";"0,00";"2.172,46";"0,01";"29,79";"104,016";"0,00";"35,500";"0,000";"0,000";"0,00";"0,00";"0,00"
"6,99";"MERCEARIA NAO ALIMENTOS \ PERFUMARIA \ HIGIENE ORAL \ ACESSORIOS HIGIENE ORAL";"95,000";"2";"9,48";"900,59";"0,00";"0,00";"0,00";"0,00";"2,26";"214,89";"0,00";"23,86";"62,34";"38,40";"554,76";"437,36";"1,10";"0,00";"0,00";"247,25";"0,00";"0,99";"6,13";"0,00";"215,98";"0,00";"33,06";"0,000";"0,00";"0,040";"0,000";"0,000";"0,00";"0,00";"0,00"
"7,36";"MERCEARIA NAO ALIMENTOS \ PERFUMARIA \ HIGIENE ORAL \ CREME-GEL DENTAL";"48.710,000";"110";"8,27";"402.904,62";"0,37";"104.308,53";"0,10";"25,89";"1,87";"90.911,04";"0,32";"22,56";"35,70";"26,31";"296.908,85";"276.128,97";"7.678,53";"0,00";"0,00";"28.186,08";"0,00";"70,43";"1.243,11";"0,00";"98.589,57";"0,34";"26,31";"5.716,943";"0,11";"3.258,150";"0,531";"758.765,763";"0,00";"0,00";"0,00"
"7,42";"MERCEARIA NAO ALIMENTOS \ PERFUMARIA \ HIGIENE ORAL \ ENXAGUANTE BUCAL";"3.530,000";"26";"16,99";"59.960,94";"0,06";"28.435,15";"0,03";"47,42";"6,18";"21.820,34";"0,08";"36,39";"61,86";"38,22";"37.044,05";"37.044,05";"1.096,56";"0,00";"0,00";"0,00";"0,00";"52,05";"480,96";"0,00";"22.916,89";"0,08";"38,22";"1.649,058";"0,03";"979,500";"0,072";"832.790,833";"0,00";"0,00";"0,00"
"7,53";"MERCEARIA NAO ALIMENTOS \ PERFUMARIA \ HIGIENE ORAL \ ESCOVA DENTAL";"9.129,000";"58";"12,65";"115.487,06";"0,11";"17.622,93";"0,02";"15,26";"3,66";"33.434,75";"0,12";"28,95";"45,45";"31,25";"79.398,02";"73.695,59";"2,54";"0,00";"0,00";"8.354,19";"0,00";"36,46";"357,29";"0,00";"33.437,28";"0,12";"31,21";"233,974";"0,00";"0,000";"0,132";"874.901,970";"0,00";"0,00";"0,00"
"7,56";"MERCEARIA NAO ALIMENTOS \ PERFUMARIA \ HIGIENE ORAL \ FIO E FITA DENTAL";"1.840,000";"7";"16,76";"30.833,73";"0,03";"3.648,84";"0,00";"11,83";"4,79";"8.808,12";"0,03";"28,57";"43,87";"30,49";"21.432,27";"21.432,27";"593,33";"0,00";"0,00";"0,00";"0,00";"30,28";"247,52";"0,00";"9.401,46";"0,03";"30,49";"27,921";"0,00";"0,000";"0,000";"0,000";"0,00";"0,00";"0,00"
"7,56";"MERCEARIA NAO ALIMENTOS \ PERFUMARIA \ HIGIENE ORAL \ KIT HIGIENE ORAL";"196,000";"2";"17,01";"3.333,23";"0,00";"0,00";"0,00";"0,00";"4,62";"905,43";"0,00";"27,16";"41,00";"29,08";"2.364,01";"2.364,01";"63,79";"0,00";"0,00";"0,00";"0,00";"3,26";"24,51";"0,00";"969,22";"0,00";"29,08";"167,972";"0,00";"147,000";"0,000";"0,000";"0,00";"0,00";"0,00"
"7,56";"MERCEARIA NAO ALIMENTOS \ PERFUMARIA \ LENCOS-TOALHA \ LENCO PAPEL";"547,000";"1";"5,00";"2.732,59";"0,00";"0,00";"0,00";"0,00";"1,49";"815,47";"0,00";"29,84";"50,32";"33,48";"1.817,79";"1.664,35";"0,00";"0,00";"0,00";"252,76";"0,00";"0,02";"20,30";"0,00";"815,47";"0,00";"32,88";"32,820";"0,00";"0,000";"0,000";"0,000";"0,00";"0,00";"0,00"
"7,63";"MERCEARIA NAO ALIMENTOS \ PERFUMARIA \ LENCOS-TOALHA \ LENCO-TOALHA UMEDECIDO";"8.109,000";"8";"9,51";"77.130,71";"0,07";"67.093,56";"0,06";"86,99";"3,13";"25.404,49";"0,09";"32,94";"49,22";"32,98";"51.690,61";"51.690,61";"35,61";"0,00";"0,00";"0,00";"0,00";"72,55";"619,89";"0,00";"25.440,10";"0,09";"32,98";"2.521,639";"0,05";"0,000";"0,000";"0,000";"0,00";"0,00";"0,00"
"7,63";"MERCEARIA NAO ALIMENTOS \ PERFUMARIA \ LINHA CAPILAR \ ATIVADOR DE CACHOS";"49,000";"1";"13,45";"659,18";"0,00";"0,00";"0,00";"0,00";"4,90";"239,89";"0,00";"36,39";"57,21";"36,39";"419,29";"419,29";"0,00";"0,00";"0,00";"0,00";"0,00";"0,40";"4,96";"0,00";"239,89";"0,00";"36,39";"13,622";"0,00";"13,132";"0,000";"0,000";"0,00";"0,00";"0,00"
"7,70";"MERCEARIA NAO ALIMENTOS \ PERFUMARIA \ LINHA CAPILAR \ CONDICIONADOR";"3.434,000";"72";"20,98";"72.044,22";"0,07";"32.940,49";"0,03";"45,72";"6,84";"23.498,36";"0,08";"32,62";"48,40";"32,62";"48.545,86";"48.545,86";"0,00";"0,00";"0,00";"0,00";"0,00";"66,64";"585,46";"0,00";"23.498,36";"0,08";"32,62";"669,049";"0,01";"415,445";"0,000";"0,000";"0,00";"0,00";"0,00"
"7,71";"MERCEARIA NAO ALIMENTOS \ PERFUMARIA \ LINHA CAPILAR \ CREME HIDRATACAO";"728,000";"10";"10,95";"7.972,98";"0,01";"1.468,09";"0,00";"18,41";"3,69";"2.689,75";"0,01";"33,74";"50,91";"33,74";"5.283,23";"5.283,23";"0,00";"0,00";"0,00";"0,00";"0,00";"6,71";"66,97";"0,00";"2.689,75";"0,01";"33,74";"764,600";"0,02";"610,000";"0,000";"0,000";"0,00";"0,00";"0,00"
"7,74";"MERCEARIA NAO ALIMENTOS \ PERFUMARIA \ LINHA CAPILAR \ CREME PENTEAR";"2.085,000";"53";"16,67";"34.763,60";"0,03";"20.543,61";"0,02";"59,10";"6,07";"12.648,33";"0,04";"36,38";"57,19";"36,38";"22.115,27";"22.115,27";"0,00";"0,00";"0,00";"0,00";"0,00";"31,25";"291,35";"0,00";"12.648,33";"0,04";"36,38";"733,959";"0,01";"432,231";"0,000";"0,000";"0,00";"0,00";"0,00"
"7,74";"MERCEARIA NAO ALIMENTOS \ PERFUMARIA \ LINHA CAPILAR \ FINALIZACAO";"105,000";"4";"40,11";"4.211,56";"0,00";"917,70";"0,00";"21,79";"12,83";"1.347,20";"0,00";"31,99";"47,03";"31,99";"2.864,36";"2.864,36";"0,00";"0,00";"0,00";"0,00";"0,00";"3,86";"33,90";"0,00";"1.347,20";"0,00";"31,99";"8,448";"0,00";"9,690";"0,000";"0,000";"0,00";"0,00";"0,00"
"7,74";"MERCEARIA NAO ALIMENTOS \ PERFUMARIA \ LINHA CAPILAR \ GEL E FIXADOR";"291,000";"3";"16,18";"4.708,20";"0,00";"0,00";"0,00";"0,00";"5,36";"1.558,40";"0,01";"33,10";"49,48";"33,10";"3.149,80";"3.149,80";"0,00";"0,00";"0,00";"0,00";"0,00";"5,18";"36,72";"0,00";"1.558,40";"0,01";"33,10";"81,765";"0,00";"79,200";"0,000";"0,000";"0,00";"0,00";"0,00"
"7,95";"MERCEARIA NAO ALIMENTOS \ PERFUMARIA \ LINHA CAPILAR \ KIT CAPILAR";"9.024,000";"77";"24,67";"222.640,52";"0,21";"47.270,49";"0,04";"21,23";"6,34";"57.195,57";"0,20";"25,69";"34,57";"25,69";"165.444,95";"165.444,95";"0,00";"0,00";"0,00";"0,00";"0,00";"204,93";"1.806,21";"0,00";"57.195,57";"0,20";"25,69";"5.430,090";"0,11";"2.486,330";"1,707";"130.427,955";"0,00";"0,00";"0,00"
"7,95";"MERCEARIA NAO ALIMENTOS \ PERFUMARIA \ LINHA CAPILAR \ LOCAO CAPILAR";"40,000";"1";"39,99";"1.599,60";"0,00";"0,00";"0,00";"0,00";"9,69";"387,58";"0,00";"24,23";"31,98";"24,23";"1.212,02";"1.212,02";"0,00";"0,00";"0,00";"0,00";"0,00";"1,36";"12,24";"0,00";"387,58";"0,00";"24,23";"0,000";"0,00";"0,000";"0,000";"0,000";"0,00";"0,00";"0,00"
"7,97";"MERCEARIA NAO ALIMENTOS \ PERFUMARIA \ LINHA CAPILAR \ MASCARA CAPILAR";"564,000";"29";"32,17";"18.142,85";"0,02";"5.423,41";"0,01";"29,89";"10,14";"5.720,57";"0,02";"31,53";"46,05";"31,53";"12.422,28";"12.422,28";"0,00";"0,00";"0,00";"0,00";"0,00";"16,73";"143,29";"0,00";"5.720,57";"0,02";"31,53";"149,074";"0,00";"109,070";"0,000";"0,000";"0,00";"0,00";"0,00"
"7,98";"MERCEARIA NAO ALIMENTOS \ PERFUMARIA \ LINHA CAPILAR \ OLEO CAPILAR";"525,000";"8";"26,42";"13.871,88";"0,01";"4.321,20";"0,00";"31,15";"9,17";"4.812,97";"0,02";"34,70";"53,13";"34,70";"9.058,91";"9.058,91";"0,00";"0,00";"0,00";"0,00";"0,00";"11,78";"105,09";"0,00";"4.812,97";"0,02";"34,70";"41,104";"0,00";"9,120";"0,000";"0,000";"0,00";"0,00";"0,00"
"7,98";"MERCEARIA NAO ALIMENTOS \ PERFUMARIA \ LINHA CAPILAR \ PO DESCOLORANTE";"787,000";"3";"4,19";"3.297,03";"0,00";"0,00";"0,00";"0,00";"1,44";"1.136,10";"0,00";"34,46";"52,57";"34,46";"2.160,93";"2.160,93";"0,00";"0,00";"0,00";"0,00";"0,00";"0,04";"27,82";"0,00";"1.136,10";"0,00";"34,46";"19,675";"0,00";"15,740";"0,000";"0,000";"0,00";"0,00";"0,00"
"7,98";"MERCEARIA NAO ALIMENTOS \ PERFUMARIA \ LINHA CAPILAR \ REPARADOR DE PONTAS";"57,000";"1";"11,14";"635,19";"0,00";"0,00";"0,00";"0,00";"4,33";"246,65";"0,00";"38,83";"63,48";"38,83";"388,54";"388,54";"0,00";"0,00";"0,00";"0,00";"0,00";"0,57";"5,79";"0,00";"246,65";"0,00";"38,83";"0,000";"0,00";"0,000";"0,000";"0,000";"0,00";"0,00";"0,00"
"8,15";"MERCEARIA NAO ALIMENTOS \ PERFUMARIA \ LINHA CAPILAR \ SHAMPOO";"8.771,000";"111";"20,64";"181.071,71";"0,17";"51.462,90";"0,05";"28,42";"6,57";"57.649,00";"0,20";"31,84";"46,71";"31,84";"123.422,71";"123.422,71";"0,00";"0,00";"0,00";"0,00";"0,00";"172,38";"1.455,08";"0,00";"57.649,00";"0,20";"31,84";"2.541,727";"0,05";"1.769,585";"0,142";"1.275.152,887";"0,00";"0,00";"0,00"
"8,17";"MERCEARIA NAO ALIMENTOS \ PERFUMARIA \ LINHA CAPILAR \ TINTURA";"1.292,000";"24";"12,81";"16.555,54";"0,02";"12.087,21";"0,01";"73,01";"4,93";"6.363,57";"0,02";"38,44";"62,44";"38,44";"10.191,97";"10.191,97";"0,00";"0,00";"0,00";"0,00";"0,00";"15,12";"138,26";"0,00";"6.363,57";"0,02";"38,44";"209,106";"0,00";"1,700";"0,019";"871.344,211";"0,00";"0,00";"0,00"
"8,20";"MERCEARIA NAO ALIMENTOS \ PERFUMARIA \ LINHA CAPILAR \ TRATAMENTO CAPILAR";"1.260,000";"41";"28,01";"35.298,80";"0,03";"19.171,24";"0,02";"54,31";"9,01";"11.347,52";"0,04";"32,15";"47,38";"32,15";"23.951,28";"23.951,28";"0,00";"0,00";"0,00";"0,00";"0,00";"30,92";"282,42";"0,00";"11.347,52";"0,04";"32,15";"187,551";"0,00";"210,610";"0,000";"0,000";"0,00";"0,00";"0,00"
"8,20";"MERCEARIA NAO ALIMENTOS \ PERFUMARIA \ LINHA CORPORAL \ COLONIA E PERFUME";"118,000";"3";"32,32";"3.813,59";"0,00";"0,00";"0,00";"0,00";"9,85";"1.162,45";"0,00";"30,48";"43,85";"30,48";"2.651,14";"2.651,14";"0,00";"0,00";"0,00";"0,00";"0,00";"3,48";"30,46";"0,00";"1.162,45";"0,00";"30,48";"18,468";"0,00";"0,000";"0,000";"0,000";"0,00";"0,00";"0,00"
"8,20";"MERCEARIA NAO ALIMENTOS \ PERFUMARIA \ LINHA CORPORAL \ CREME HIDRATANTE";"405,000";"5";"11,34";"4.592,03";"0,00";"3.352,33";"0,00";"73,00";"3,11";"1.258,79";"0,00";"27,41";"37,76";"27,41";"3.333,24";"3.333,24";"0,00";"0,00";"0,00";"0,00";"0,00";"4,74";"37,39";"0,00";"1.258,79";"0,00";"27,41";"88,815";"0,00";"76,920";"0,000";"0,000";"0,00";"0,00";"0,00"
"8,52";"MERCEARIA NAO ALIMENTOS \ PERFUMARIA \ LINHA CORPORAL \ DESODORANTE AEROSOL";"24.039,000";"102";"14,50";"348.511,77";"0,32";"99.590,31";"0,09";"28,58";"4,73";"113.693,35";"0,40";"32,62";"48,42";"32,62";"234.818,42";"234.818,42";"0,00";"0,00";"0,00";"0,00";"0,00";"326,12";"2.882,02";"0,00";"113.693,35";"0,39";"32,62";"3.336,370";"0,07";"3.208,899";"0,000";"0,000";"0,00";"0,00";"0,00"
"8,52";"MERCEARIA NAO ALIMENTOS \ PERFUMARIA \ LINHA CORPORAL \ DESODORANTE BARRA";"152,000";"4";"26,07";"3.962,20";"0,00";"0,00";"0,00";"0,00";"12,72";"1.932,83";"0,01";"48,78";"95,24";"48,78";"2.029,37";"2.029,37";"0,00";"0,00";"0,00";"0,00";"0,00";"4,23";"32,58";"0,00";"1.932,83";"0,01";"48,78";"14,440";"0,00";"6,840";"0,000";"0,000";"0,00";"0,00";"0,00"
"8,54";"MERCEARIA NAO ALIMENTOS \ PERFUMARIA \ LINHA CORPORAL \ DESODORANTE CREME";"2.502,000";"10";"7,74";"19.363,14";"0,02";"14.849,59";"0,01";"76,69";"3,30";"8.250,88";"0,03";"42,61";"74,25";"42,61";"11.112,26";"11.112,26";"0,00";"0,00";"0,00";"0,00";"0,00";"23,27";"155,99";"0,00";"8.250,88";"0,03";"42,61";"175,226";"0,00";"128,745";"0,000";"0,000";"0,00";"0,00";"0,00"
"8,54";"MERCEARIA NAO ALIMENTOS \ PERFUMARIA \ LINHA CORPORAL \ DESODORANTE GEL";"177,000";"2";"29,84";"5.281,14";"0,00";"419,70";"0,00";"7,95";"7,90";"1.397,53";"0,00";"26,46";"35,99";"26,46";"3.883,61";"3.883,61";"0,00";"0,00";"0,00";"0,00";"0,00";"4,65";"41,58";"0,00";"1.397,53";"0,00";"26,46";"13,806";"0,00";"7,965";"0,000";"0,000";"0,00";"0,00";"0,00"
"8,58";"MERCEARIA NAO ALIMENTOS \ PERFUMARIA \ LINHA CORPORAL \ DESODORANTE ROLLON";"3.698,000";"29";"11,31";"41.842,33";"0,04";"3.470,54";"0,00";"8,29";"4,02";"14.880,93";"0,05";"35,56";"55,19";"35,56";"26.961,40";"26.961,40";"0,00";"0,00";"0,00";"0,00";"0,00";"41,50";"356,63";"0,00";"14.880,93";"0,05";"35,56";"265,167";"0,01";"162,030";"0,000";"0,000";"0,00";"0,00";"0,00"
"8,58";"MERCEARIA NAO ALIMENTOS \ PERFUMARIA \ LINHA CORPORAL \ DESODORANTE SPRAY";"1,000";"1";"5,99";"5,99";"0,00";"0,00";"0,00";"0,00";"0,12";"0,12";"0,00";"2,00";"2,04";"2,00";"5,87";"5,87";"0,00";"0,00";"0,00";"0,00";"0,00";"0,01";"0,05";"0,00";"0,12";"0,00";"2,00";"0,000";"0,00";"0,090";"0,000";"0,000";"0,00";"0,00";"0,00"
"8,58";"MERCEARIA NAO ALIMENTOS \ PERFUMARIA \ LINHA CORPORAL \ ESPONJA E BUCHA";"206,000";"3";"13,48";"2.776,73";"0,00";"0,00";"0,00";"0,00";"3,30";"678,92";"0,00";"24,45";"72,09";"41,89";"1.613,50";"1.286,18";"0,00";"0,00";"0,00";"811,63";"0,00";"1,74";"15,19";"0,00";"678,92";"0,00";"34,55";"3,715";"0,00";"0,000";"0,000";"0,000";"0,00";"0,00";"0,00"
"8,58";"MERCEARIA NAO ALIMENTOS \ PERFUMARIA \ LINHA CORPORAL \ KIT CORPORAL";"132,000";"6";"29,13";"3.845,64";"0,00";"0,00";"0,00";"0,00";"8,48";"1.119,48";"0,00";"29,11";"59,58";"37,34";"2.409,84";"2.243,15";"0,00";"0,00";"0,00";"483,01";"0,00";"2,88";"24,94";"0,00";"1.119,48";"0,00";"33,29";"42,510";"0,00";"364,100";"0,000";"0,000";"0,00";"0,00";"0,00"
"8,61";"MERCEARIA NAO ALIMENTOS \ PERFUMARIA \ LINHA CORPORAL \ LOCAO HIDRATANTE-CORPORAL";"2.443,000";"22";"11,22";"27.416,58";"0,03";"13.601,20";"0,01";"49,61";"3,92";"9.572,11";"0,03";"34,91";"53,64";"34,91";"17.844,47";"17.844,47";"0,00";"0,00";"0,00";"0,00";"0,00";"24,96";"224,92";"0,00";"9.572,11";"0,03";"34,91";"490,914";"0,01";"258,210";"0,000";"0,000";"0,00";"0,00";"0,00"
"8,61";"MERCEARIA NAO ALIMENTOS \ PERFUMARIA \ LINHA CORPORAL \ OLEO CORPORAL";"197,000";"1";"14,02";"2.762,64";"0,00";"0,00";"0,00";"0,00";"4,12";"812,45";"0,00";"29,41";"41,66";"29,41";"1.950,19";"1.950,19";"0,00";"0,00";"0,00";"0,00";"0,00";"1,85";"23,45";"0,00";"812,45";"0,00";"29,41";"21,276";"0,00";"19,700";"0,000";"0,000";"0,00";"0,00";"0,00"
"8,61";"MERCEARIA NAO ALIMENTOS \ PERFUMARIA \ LINHA CORPORAL \ PROTETOR CORPORAL";"63,000";"10";"61,63";"3.882,92";"0,00";"0,00";"0,00";"0,00";"20,07";"1.264,27";"0,00";"32,56";"56,11";"35,94";"2.487,27";"2.320,69";"0,00";"0,00";"0,00";"297,96";"0,00";"3,52";"31,52";"0,00";"1.264,27";"0,00";"35,27";"0,000";"0,00";"3,460";"0,000";"0,000";"0,00";"0,00";"0,00"
"8,62";"MERCEARIA NAO ALIMENTOS \ PERFUMARIA \ LINHA CORPORAL \ REPELENTE";"590,000";"11";"23,52";"13.875,00";"0,01";"0,00";"0,00";"0,00";"8,23";"4.855,85";"0,02";"35,00";"83,32";"45,45";"7.568,90";"6.854,00";"0,00";"0,00";"0,00";"2.165,16";"0,00";"11,01";"100,31";"0,00";"4.855,85";"0,02";"41,47";"58,153";"0,00";"48,627";"0,000";"0,000";"0,00";"0,00";"0,00"
"9,12";"MERCEARIA NAO ALIMENTOS \ PERFUMARIA \ LINHA CORPORAL \ SABONETE";"121.193,000";"212";"4,47";"541.265,45";"0,50";"113.054,74";"0,10";"20,89";"1,12";"135.990,01";"0,47";"25,12";"43,39";"30,26";"377.487,66";"348.052,34";"7.040,65";"0,00";"0,00";"50.182,45";"0,00";"155,48";"2.292,64";"0,00";"143.030,66";"0,50";"29,13";"14.147,832";"0,28";"8.379,215";"4,529";"119.511,029";"0,00";"0,00";"0,00"
"9,12";"MERCEARIA NAO ALIMENTOS \ PERFUMARIA \ LINHA CORPORAL \ TALCO";"103,000";"2";"17,34";"1.785,54";"0,00";"0,00";"0,00";"0,00";"5,02";"517,14";"0,00";"28,96";"40,77";"28,96";"1.268,40";"1.268,40";"0,00";"0,00";"0,00";"0,00";"0,00";"1,98";"15,20";"0,00";"517,14";"0,00";"28,96";"0,000";"0,00";"15,200";"0,000";"0,000";"0,00";"0,00";"0,00"
"9,12";"MERCEARIA NAO ALIMENTOS \ PERFUMARIA \ LINHA FACIAL \ ACESSORIO FACIAL";"61,000";"4";"39,21";"2.391,53";"0,00";"0,00";"0,00";"0,00";"8,31";"507,06";"0,00";"21,20";"49,39";"33,06";"1.600,84";"1.338,48";"0,00";"0,00";"0,00";"546,00";"0,00";"1,44";"13,44";"0,00";"507,06";"0,00";"27,47";"6,129";"0,00";"0,900";"0,000";"0,000";"0,00";"0,00";"0,00"
"9,12";"MERCEARIA NAO ALIMENTOS \ PERFUMARIA \ LINHA FACIAL \ GEL HIDRATANTE";"154,000";"4";"34,00";"5.236,16";"0,00";"0,00";"0,00";"0,00";"11,24";"1.731,39";"0,01";"33,07";"57,93";"36,68";"3.315,42";"3.154,78";"0,00";"0,00";"0,00";"350,00";"0,00";"4,54";"38,95";"0,00";"1.731,39";"0,01";"35,43";"12,243";"0,00";"9,370";"0,180";"29.089,778";"0,00";"0,00";"0,00"
"9,12";"MERCEARIA NAO ALIMENTOS \ PERFUMARIA \ LINHA FACIAL \ LOCAO FACIAL";"17,000";"1";"45,11";"766,83";"0,00";"0,00";"0,00";"0,00";"11,19";"190,28";"0,00";"24,81";"33,00";"24,81";"576,55";"576,55";"0,00";"0,00";"0,00";"0,00";"0,00";"0,60";"5,23";"0,00";"190,28";"0,00";"24,81";"0,714";"0,00";"0,000";"0,000";"0,000";"0,00";"0,00";"0,00"
"9,13";"MERCEARIA NAO ALIMENTOS \ PERFUMARIA \ LINHA FACIAL \ SABONETE FACIAL";"382,000";"2";"14,91";"5.696,36";"0,01";"6.104,36";"0,01";"107,16";"2,69";"1.027,81";"0,00";"18,04";"66,73";"40,02";"3.416,62";"3.003,12";"0,00";"0,00";"0,00";"1.665,43";"0,00";"3,46";"32,76";"0,00";"1.027,81";"0,00";"25,50";"81,366";"0,00";"57,300";"0,000";"0,000";"0,00";"0,00";"0,00"
"9,81";"MERCEARIA NAO ALIMENTOS \ PERFUMARIA \ PAPEL HIGIENICO \ FOLHA DUPLA";"53.652,000";"10";"13,65";"732.371,56";"0,68";"714.896,14";"0,66";"97,61";"3,79";"203.568,06";"0,71";"27,80";"46,96";"31,95";"498.352,41";"463.467,55";"14.084,43";"0,00";"0,00";"51.251,51";"0,00";"261,83";"2.283,21";"0,00";"217.652,50";"0,76";"31,96";"43.362,399";"0,87";"0,000";"0,000";"0,000";"0,00";"0,00";"0,00"
"9,82";"MERCEARIA NAO ALIMENTOS \ PERFUMARIA \ PAPEL HIGIENICO \ FOLHA QUDRUPLA";"491,000";"1";"30,03";"14.743,45";"0,01";"0,00";"0,00";"0,00";"10,82";"5.314,49";"0,02";"36,05";"68,82";"40,76";"8.733,45";"8.122,12";"274,47";"0,00";"0,00";"1.032,37";"0,00";"3,83";"39,16";"0,00";"5.588,96";"0,02";"40,76";"703,603";"0,01";"0,000";"0,000";"0,000";"0,00";"0,00";"0,00"
"10,00";"MERCEARIA NAO ALIMENTOS \ PERFUMARIA \ PAPEL HIGIENICO \ FOLHA TRIPLA";"9.122,000";"6";"20,84";"190.086,35";"0,18";"0,00";"0,00";"0,00";"6,71";"61.187,53";"0,21";"32,19";"57,93";"36,68";"120.359,79";"111.934,59";"3.654,13";"0,00";"0,00";"13.310,10";"0,00";"59,99";"576,54";"0,00";"64.841,66";"0,23";"36,68";"8.973,628";"0,18";"0,000";"0,000";"0,000";"0,00";"0,00";"0,00"
"10,00";"MERCEARIA NAO ALIMENTOS \ PERFUMARIA \ PES E MAOS \ ACESSORIO PES E MAOS";"535,000";"3";"6,81";"3.642,28";"0,00";"0,00";"0,00";"0,00";"2,22";"1.186,25";"0,00";"32,57";"84,02";"45,66";"1.979,30";"1.391,55";"0,00";"0,00";"0,00";"1.064,48";"0,00";"0,78";"20,74";"0,00";"1.186,25";"0,00";"46,02";"11,821";"0,00";"0,000";"0,000";"0,000";"0,00";"0,00";"0,00"
"10,00";"MERCEARIA NAO ALIMENTOS \ PERFUMARIA \ PES E MAOS \ ACETONA-REMOVEDOR";"1.115,000";"3";"4,78";"5.326,42";"0,00";"0,00";"0,00";"0,00";"1,96";"2.186,55";"0,01";"41,05";"69,64";"41,05";"3.139,87";"3.139,87";"0,00";"0,00";"0,00";"0,00";"0,00";"1,11";"43,33";"0,00";"2.186,55";"0,01";"41,05";"99,085";"0,00";"0,000";"0,000";"0,000";"0,00";"0,00";"0,00"
"10,00";"MERCEARIA NAO ALIMENTOS \ PERFUMARIA \ PES E MAOS \ ESMALTE";"711,000";"13";"6,21";"4.413,09";"0,00";"0,00";"0,00";"0,00";"2,47";"1.755,97";"0,01";"39,79";"66,09";"39,79";"2.657,12";"2.657,12";"0,00";"0,00";"0,00";"0,00";"0,00";"6,39";"33,27";"0,00";"1.755,97";"0,01";"39,79";"24,636";"0,00";"5,688";"0,000";"0,000";"0,00";"0,00";"0,00"
"10,00";"MERCEARIA NAO ALIMENTOS \ PERFUMARIA \ PES E MAOS \ HIGIENIZADOR";"8,000";"1";"19,24";"153,92";"0,00";"0,00";"0,00";"0,00";"1,59";"12,74";"0,00";"8,28";"27,77";"21,73";"120,47";"96,20";"0,00";"0,00";"0,00";"44,98";"0,00";"0,08";"0,98";"0,00";"12,74";"0,00";"11,69";"0,000";"0,00";"4,000";"0,000";"0,000";"0,00";"0,00";"0,00"
"10,01";"MERCEARIA NAO ALIMENTOS \ PERFUMARIA \ PES E MAOS \ TALCO";"1.432,000";"9";"10,59";"15.163,48";"0,01";"11.870,25";"0,01";"78,28";"3,55";"5.079,68";"0,02";"33,50";"50,37";"33,50";"10.083,80";"10.083,80";"0,00";"0,00";"0,00";"0,00";"0,00";"17,35";"125,08";"0,00";"5.079,68";"0,02";"33,50";"195,088";"0,00";"121,720";"0,000";"0,000";"0,00";"0,00";"0,00"
"10,01";"MERCEARIA NAO ALIMENTOS \ PETSHOP \ ACESSORIOS PET \ ACESSORIOS PET";"3,000";"1";"17,99";"53,97";"0,00";"0,00";"0,00";"0,00";"-1,39";"-4,17";"0,00";"-7,73";"4,65";"4,45";"51,57";"42,37";"0,00";"0,00";"0,00";"15,77";"0,00";"0,03";"0,33";"0,00";"-4,17";"0,00";"-10,92";"0,000";"0,00";"0,000";"0,000";"0,000";"0,00";"0,00";"0,00"
"10,03";"MERCEARIA NAO ALIMENTOS \ PETSHOP \ ALIMENTOS CAES \ PETISCOS CAES";"1.430,000";"10";"17,92";"25.621,27";"0,02";"0,00";"0,00";"0,00";"5,38";"7.690,33";"0,03";"30,02";"50,42";"33,52";"17.032,93";"15.560,97";"0,00";"0,00";"0,00";"2.369,97";"0,00";"19,06";"192,52";"0,00";"7.690,33";"0,03";"33,07";"119,025";"0,00";"0,000";"0,000";"0,000";"0,00";"0,00";"0,00"
"10,06";"MERCEARIA NAO ALIMENTOS \ PETSHOP \ ALIMENTOS CAES \ RACAO SECA CAES";"1.631,000";"13";"19,43";"31.691,99";"0,03";"5.625,58";"0,01";"17,75";"6,06";"9.881,15";"0,03";"31,18";"53,94";"35,04";"20.587,81";"18.879,33";"0,00";"0,00";"0,00";"2.931,51";"0,00";"26,88";"245,89";"0,00";"9.881,15";"0,03";"34,36";"1.490,062";"0,03";"401,700";"0,122";"259.770,410";"0,00";"0,00";"0,00"
"10,09";"MERCEARIA NAO ALIMENTOS \ PETSHOP \ ALIMENTOS CAES \ RACAO UMIDA CAES";"11.468,000";"11";"3,12";"35.754,22";"0,03";"30.048,67";"0,03";"84,04";"0,79";"9.069,31";"0,03";"25,37";"39,98";"28,56";"25.542,01";"23.377,65";"0,00";"0,00";"0,00";"3.307,27";"0,00";"2,79";"248,49";"0,00";"9.069,31";"0,03";"27,95";"1.165,625";"0,02";"279,650";"0,000";"0,000";"0,00";"0,00";"0,00"
"10,10";"MERCEARIA NAO ALIMENTOS \ PETSHOP \ ALIMENTOS GATOS \ PETISCOS GATOS";"857,000";"5";"13,30";"11.396,82";"0,01";"0,00";"0,00";"0,00";"4,17";"3.577,79";"0,01";"31,39";"54,37";"35,22";"7.382,87";"6.764,82";"0,00";"0,00";"0,00";"1.054,21";"0,00";"11,09";"89,44";"0,00";"3.577,79";"0,01";"34,59";"65,483";"0,00";"46,400";"0,000";"0,000";"0,00";"0,00";"0,00"
"10,13";"MERCEARIA NAO ALIMENTOS \ PETSHOP \ ALIMENTOS GATOS \ RACAO SECA GATOS";"1.648,000";"7";"18,40";"30.323,95";"0,03";"17.207,04";"0,02";"56,74";"5,23";"8.626,66";"0,03";"28,45";"47,10";"32,02";"20.615,14";"18.892,33";"0,00";"0,00";"0,00";"2.804,97";"0,00";"25,80";"233,74";"0,00";"8.626,66";"0,03";"31,35";"1.409,618";"0,03";"1.276,200";"0,000";"0,000";"0,00";"0,00";"0,00"
"10,18";"MERCEARIA NAO ALIMENTOS \ PETSHOP \ ALIMENTOS GATOS \ RACAO UMIDA GATOS";"16.695,000";"13";"3,05";"50.905,62";"0,05";"48.101,07";"0,04";"94,49";"0,82";"13.742,93";"0,05";"27,00";"43,43";"30,28";"35.492,59";"32.453,92";"0,00";"0,00";"0,00";"4.708,77";"0,00";"3,85";"355,48";"0,00";"13.742,93";"0,05";"29,75";"1.434,528";"0,03";"1.398,625";"0,000";"0,000";"0,00";"0,00";"0,00"
"10,19";"MERCEARIA NAO ALIMENTOS \ PETSHOP \ ALIMENTOS OUTROS ANIMAIS \ ALIMENTOS OUTROS ANIMAIS";"462,000";"11";"11,72";"5.412,35";"0,01";"0,00";"0,00";"0,00";"3,40";"1.571,54";"0,01";"29,04";"70,07";"41,20";"3.182,51";"2.896,97";"0,00";"0,00";"0,00";"943,84";"0,00";"3,82";"33,82";"0,00";"1.571,54";"0,01";"35,17";"0,000";"0,00";"266,200";"0,000";"0,000";"0,00";"0,00";"0,00"
"10,19";"MERCEARIA NAO ALIMENTOS \ PETSHOP \ HIGIENIZACAO PET \ AREIA PARA GATO";"352,000";"2";"11,78";"4.148,01";"0,00";"0,00";"0,00";"0,00";"2,58";"908,78";"0,00";"21,91";"59,63";"37,35";"2.598,59";"2.026,77";"0,00";"0,00";"0,00";"1.212,46";"0,00";"3,21";"23,81";"0,00";"908,78";"0,00";"30,96";"1.413,373";"0,03";"1.408,000";"0,000";"0,000";"0,00";"0,00";"0,00"
"10,19";"MERCEARIA NAO ALIMENTOS \ PETSHOP \ HIGIENIZACAO PET \ SHAMPOO-CONDICIONADOR PET";"80,000";"2";"14,47";"1.157,81";"0,00";"0,00";"0,00";"0,00";"3,70";"295,73";"0,00";"25,54";"73,11";"42,23";"668,84";"523,59";"0,00";"0,00";"0,00";"338,49";"0,00";"0,80";"7,59";"0,00";"295,73";"0,00";"36,09";"0,000";"0,00";"0,000";"0,000";"0,000";"0,00";"0,00";"0,00"
"10,19";"MERCEARIA NAO ALIMENTOS \ PETSHOP \ HIGIENIZACAO PET \ TAPETE HIGIENICO";"84,000";"1";"23,38";"1.964,06";"0,00";"0,00";"0,00";"0,00";"5,86";"492,27";"0,00";"25,06";"70,63";"41,39";"1.151,08";"897,82";"0,00";"0,00";"0,00";"573,97";"0,00";"1,53";"11,69";"0,00";"492,27";"0,00";"35,41";"0,000";"0,00";"0,000";"0,000";"0,000";"0,00";"0,00";"0,00"
"10,19";"MERCEARIA \ BEBIDAS ALCOOLICAS \ CERVEJA \ CERV ALE";"206,000";"5";"13,47";"2.773,84";"0,00";"0,00";"0,00";"0,00";"2,99";"616,78";"0,00";"22,24";"29,48";"22,77";"2.142,32";"2.111,46";"0,00";"0,00";"0,00";"45,60";"0,00";"2,85";"21,15";"0,00";"616,78";"0,00";"22,61";"107,800";"0,00";"2,640";"0,000";"0,000";"0,00";"0,00";"0,00"
"10,21";"MERCEARIA \ BEBIDAS ALCOOLICAS \ CERVEJA \ CERV ESCURA";"4.476,000";"7";"5,75";"25.753,48";"0,02";"0,00";"0,00";"0,00";"0,95";"4.230,61";"0,01";"16,43";"19,88";"16,59";"21.482,11";"21.389,49";"0,00";"0,00";"0,00";"133,38";"0,00";"21,12";"212,14";"0,00";"4.230,61";"0,01";"16,51";"1.572,475";"0,03";"23,400";"0,000";"0,000";"0,00";"0,00";"0,00"
"10,23";"MERCEARIA \ BEBIDAS ALCOOLICAS \ CERVEJA \ CERV IPA";"1.880,000";"11";"9,44";"17.742,98";"0,02";"0,00";"0,00";"0,00";"2,32";"4.368,00";"0,02";"24,62";"35,17";"26,02";"13.126,49";"12.367,39";"0,00";"0,00";"0,00";"1.007,59";"0,00";"16,01";"129,14";"0,00";"4.368,00";"0,02";"26,10";"478,109";"0,01";"319,490";"0,000";"0,000";"0,00";"0,00";"0,00"
"11,22";"MERCEARIA \ BEBIDAS ALCOOLICAS \ CERVEJA \ CERV LAGER";"175.434,000";"49";"6,05";"1.061.562,94";"0,99";"424.572,07";"0,39";"39,99";"1,15";"201.939,36";"0,70";"19,02";"23,55";"19,06";"859.185,82";"858.727,30";"299,01";"0,00";"0,00";"597,27";"0,00";"1.097,46";"8.928,59";"0,00";"202.238,37";"0,70";"19,06";"84.103,049";"1,69";"33.890,385";"0,000";"0,000";"0,00";"0,00";"0,00"
"11,22";"MERCEARIA \ BEBIDAS ALCOOLICAS \ CERVEJA \ CERV MARZEN";"92,000";"1";"7,99";"735,08";"0,00";"0,00";"0,00";"0,00";"1,89";"174,33";"0,00";"23,72";"31,09";"23,72";"560,75";"560,75";"0,00";"0,00";"0,00";"0,00";"0,00";"0,81";"5,75";"0,00";"174,33";"0,00";"23,72";"51,520";"0,00";"0,000";"0,000";"0,000";"0,00";"0,00";"0,00"
"11,97";"MERCEARIA \ BEBIDAS ALCOOLICAS \ CERVEJA \ CERV PILSEN";"116.753,000";"35";"6,89";"803.845,11";"0,75";"567.834,85";"0,53";"70,64";"0,89";"103.733,10";"0,36";"12,90";"14,83";"12,92";"700.026,90";"699.837,09";"0,00";"0,00";"0,00";"274,92";"0,00";"660,74";"6.977,31";"0,00";"103.733,10";"0,36";"12,91";"68.496,432";"1,37";"18.586,613";"21,407";"37.550,573";"0,00";"0,00";"0,00"
"11,98";"MERCEARIA \ BEBIDAS ALCOOLICAS \ CERVEJA \ CERV WEISS";"495,000";"7";"17,47";"8.648,08";"0,01";"0,00";"0,00";"0,00";"4,76";"2.357,41";"0,01";"27,26";"37,47";"27,26";"6.290,67";"6.290,67";"0,00";"0,00";"0,00";"0,00";"0,00";"7,25";"65,25";"0,00";"2.357,41";"0,01";"27,26";"160,024";"0,00";"23,500";"0,000";"0,000";"0,00";"0,00";"0,00"
"11,99";"MERCEARIA \ BEBIDAS ALCOOLICAS \ CERVEJA \ CERV WITBIER";"480,000";"5";"11,25";"5.399,67";"0,01";"0,00";"0,00";"0,00";"3,16";"1.516,64";"0,01";"28,09";"41,36";"29,26";"3.819,85";"3.688,16";"0,00";"0,00";"0,00";"194,87";"0,00";"5,39";"39,21";"0,00";"1.516,64";"0,01";"29,14";"220,573";"0,00";"0,000";"0,190";"28.419,316";"0,00";"0,00";"0,00"
"11,99";"MERCEARIA \ BEBIDAS ALCOOLICAS \ CERVEJA \ CHOPP";"214,000";"1";"16,93";"3.623,52";"0,00";"0,00";"0,00";"0,00";"5,43";"1.162,52";"0,00";"32,08";"47,24";"32,08";"2.461,00";"2.461,00";"0,00";"0,00";"0,00";"0,00";"0,00";"3,69";"27,80";"0,00";"1.162,52";"0,00";"32,08";"333,840";"0,01";"0,000";"0,000";"0,000";"0,00";"0,00";"0,00"
"12,01";"MERCEARIA \ BEBIDAS ALCOOLICAS \ DESTILADO \ AGUARDENTES";"2.801,000";"4";"7,88";"22.064,94";"0,02";"0,00";"0,00";"0,00";"2,38";"6.678,91";"0,02";"30,27";"86,08";"46,26";"11.857,73";"9.544,36";"0,00";"0,00";"0,00";"5.841,67";"0,00";"5,64";"149,03";"0,00";"6.678,91";"0,02";"41,17";"1.116,225";"0,02";"1.127,500";"0,000";"0,000";"0,00";"0,00";"0,00"
"12,04";"MERCEARIA \ BEBIDAS ALCOOLICAS \ DESTILADO \ CACHACA";"1.906,000";"9";"19,33";"36.842,83";"0,03";"0,00";"0,00";"0,00";"5,20";"9.907,83";"0,03";"26,89";"71,30";"41,62";"21.507,78";"17.171,73";"0,00";"0,00";"0,00";"9.763,28";"0,00";"23,55";"234,79";"0,00";"9.907,83";"0,03";"36,59";"1.785,279";"0,04";"183,500";"0,000";"0,000";"0,00";"0,00";"0,00"
"12,05";"MERCEARIA \ BEBIDAS ALCOOLICAS \ DESTILADO \ CONHAQUE";"258,000";"3";"24,49";"6.319,04";"0,01";"0,00";"0,00";"0,00";"6,38";"1.645,16";"0,01";"26,03";"78,32";"43,92";"3.543,65";"2.540,27";"0,00";"0,00";"0,00";"2.133,60";"0,00";"4,27";"36,60";"0,00";"1.645,16";"0,01";"39,31";"114,988";"0,00";"148,860";"0,000";"0,000";"0,00";"0,00";"0,00"
"12,11";"MERCEARIA \ BEBIDAS ALCOOLICAS \ DESTILADO \ GIN";"835,000";"21";"79,32";"66.229,37";"0,06";"17.073,10";"0,02";"25,78";"18,20";"15.198,26";"0,05";"22,95";"58,34";"36,84";"41.827,40";"28.674,59";"0,00";"0,00";"0,00";"22.356,52";"0,00";"40,66";"373,62";"0,00";"15.198,26";"0,05";"34,64";"506,312";"0,01";"424,850";"0,396";"167.245,884";"0,00";"0,00";"0,00"
"12,12";"MERCEARIA \ BEBIDAS ALCOOLICAS \ DESTILADO \ RUM";"170,000";"9";"51,18";"8.701,16";"0,01";"0,00";"0,00";"0,00";"12,30";"2.091,59";"0,01";"24,04";"69,66";"41,06";"5.128,56";"3.671,71";"0,00";"0,00";"0,00";"2.937,85";"0,00";"5,69";"49,49";"0,00";"2.091,59";"0,01";"36,29";"0,000";"0,00";"113,650";"0,000";"0,000";"0,00";"0,00";"0,00"
"12,13";"MERCEARIA \ BEBIDAS ALCOOLICAS \ DESTILADO \ TEQUILA";"49,000";"6";"136,88";"6.707,34";"0,01";"0,00";"0,00";"0,00";"27,90";"1.367,10";"0,00";"20,38";"57,17";"36,37";"4.267,66";"3.076,13";"0,00";"0,00";"0,00";"2.264,11";"0,00";"4,42";"39,83";"0,00";"1.367,10";"0,00";"30,77";"0,000";"0,00";"21,250";"0,000";"0,000";"0,00";"0,00";"0,00"
"12,14";"MERCEARIA \ BEBIDAS ALCOOLICAS \ DESTILADO \ VERMOUTH";"344,000";"7";"43,24";"14.874,86";"0,01";"0,00";"0,00";"0,00";"9,33";"3.208,72";"0,01";"21,57";"56,31";"36,03";"9.516,06";"6.643,80";"0,00";"0,00";"0,00";"5.022,35";"0,00";"8,87";"82,88";"0,00";"3.208,72";"0,01";"32,57";"419,868";"0,01";"127,350";"0,000";"0,000";"0,00";"0,00";"0,00"
"12,25";"MERCEARIA \ BEBIDAS ALCOOLICAS \ DESTILADO \ VODKA";"4.007,000";"28";"28,57";"114.493,36";"0,11";"26.864,84";"0,02";"23,46";"6,32";"25.325,75";"0,09";"22,12";"59,27";"37,21";"71.886,86";"50.512,16";"0,00";"0,00";"0,00";"38.655,45";"0,00";"69,60";"661,58";"0,00";"25.325,75";"0,09";"33,39";"3.579,045";"0,07";"57,800";"0,000";"0,000";"0,00";"0,00";"0,00"
"12,42";"MERCEARIA \ BEBIDAS ALCOOLICAS \ DESTILADO \ WHISKY";"1.740,000";"33";"103,01";"179.244,69";"0,17";"55.928,53";"0,05";"31,20";"20,92";"36.394,58";"0,13";"20,30";"53,44";"34,83";"116.816,67";"82.341,53";"0,00";"0,00";"0,00";"60.508,59";"0,00";"112,73";"1.000,27";"0,00";"36.394,58";"0,13";"30,65";"714,465";"0,01";"270,977";"0,038";"4.716.965,526";"0,00";"0,00";"0,00"
"12,46";"MERCEARIA \ BEBIDAS ALCOOLICAS \ DRINKS E APERITIVOS \ APERITIVO";"903,000";"14";"46,78";"42.238,62";"0,04";"0,00";"0,00";"0,00";"11,11";"10.031,66";"0,04";"23,75";"63,92";"39,00";"25.767,30";"17.946,84";"0,00";"0,00";"0,00";"14.260,12";"0,00";"26,03";"236,52";"0,00";"10.031,66";"0,03";"35,85";"727,328";"0,01";"505,435";"0,033";"1.279.958,182";"0,00";"0,00";"0,00"
"12,54";"MERCEARIA \ BEBIDAS ALCOOLICAS \ DRINKS E APERITIVOS \ BEBIDA MISTA";"12.065,000";"31";"6,78";"81.757,64";"0,08";"51.603,01";"0,05";"63,12";"1,41";"16.954,46";"0,06";"20,74";"49,09";"32,93";"54.837,03";"37.190,54";"0,00";"0,00";"0,00";"27.612,64";"0,00";"36,18";"442,97";"0,00";"16.954,46";"0,06";"31,31";"4.443,445";"0,09";"2.069,809";"21,304";"3.837,666";"0,00";"0,00";"0,00"
"12,55";"MERCEARIA \ BEBIDAS ALCOOLICAS \ DRINKS E APERITIVOS \ CHOPP VINHO";"1.096,000";"1";"9,13";"10.010,46";"0,01";"0,00";"0,00";"0,00";"2,23";"2.442,51";"0,01";"24,40";"74,54";"42,71";"5.735,20";"4.186,59";"0,00";"0,00";"0,00";"3.381,37";"0,00";"9,73";"55,37";"0,00";"2.442,51";"0,01";"36,85";"726,648";"0,01";"0,000";"0,000";"0,000";"0,00";"0,00";"0,00"
"12,55";"MERCEARIA \ BEBIDAS ALCOOLICAS \ DRINKS E APERITIVOS \ COOLER";"54,000";"3";"23,09";"1.246,75";"0,00";"21,90";"0,00";"1,76";"5,60";"302,60";"0,00";"24,27";"72,42";"42,00";"723,07";"523,12";"0,00";"0,00";"0,00";"421,03";"0,00";"0,96";"6,89";"0,00";"302,60";"0,00";"36,65";"0,000";"0,00";"0,000";"0,000";"0,000";"0,00";"0,00";"0,00"
"12,61";"MERCEARIA \ BEBIDAS ALCOOLICAS \ DRINKS E APERITIVOS \ COQUETEIS";"5.770,000";"22";"11,34";"65.422,89";"0,06";"17.141,41";"0,02";"26,20";"2,67";"15.405,63";"0,05";"23,55";"67,56";"40,32";"39.043,79";"27.928,00";"0,00";"0,00";"0,00";"22.089,26";"0,00";"33,63";"377,34";"0,00";"15.405,63";"0,05";"35,55";"3.510,385";"0,07";"1.571,320";"0,000";"0,000";"0,00";"0,00";"0,00"
"12,67";"MERCEARIA \ BEBIDAS ALCOOLICAS \ DRINKS E APERITIVOS \ LICORES";"540,000";"32";"112,29";"60.636,79";"0,06";"5.848,95";"0,01";"9,65";"22,57";"12.188,05";"0,04";"20,10";"56,86";"36,25";"38.657,83";"27.979,47";"0,00";"0,00";"0,00";"20.469,28";"0,00";"37,59";"337,88";"0,00";"12.188,05";"0,04";"30,34";"134,059";"0,00";"289,930";"0,000";"0,000";"0,00";"0,00";"0,00"
"12,67";"MERCEARIA \ BEBIDAS ALCOOLICAS \ PREPARO BEBIDAS \ PREPARO DRINK";"107,000";"8";"35,62";"3.811,68";"0,00";"0,00";"0,00";"0,00";"8,00";"855,49";"0,00";"22,44";"54,00";"35,07";"2.475,05";"1.842,43";"0,00";"0,00";"0,00";"1.113,76";"0,00";"2,56";"22,81";"0,00";"855,49";"0,00";"31,71";"0,000";"0,00";"14,600";"0,000";"0,000";"0,00";"0,00";"0,00"
"12,68";"MERCEARIA \ BEBIDAS ALCOOLICAS \ VINHOS \ CHAMPAGNE";"12,000";"4";"499,08";"5.988,99";"0,01";"0,00";"0,00";"0,00";"94,58";"1.134,94";"0,00";"18,95";"56,35";"36,04";"3.830,52";"2.832,61";"0,00";"0,00";"0,00";"2.021,44";"0,00";"3,63";"32,68";"0,00";"1.134,94";"0,00";"28,61";"0,000";"0,00";"5,250";"0,000";"0,000";"0,00";"0,00";"0,00"
"12,90";"MERCEARIA \ BEBIDAS ALCOOLICAS \ VINHOS \ ESPUMANTES";"4.815,000";"47";"48,86";"235.269,00";"0,22";"137.309,21";"0,13";"58,36";"10,63";"51.189,28";"0,18";"21,76";"59,87";"37,45";"147.162,39";"105.374,84";"0,00";"0,00";"0,00";"78.704,88";"0,00";"136,44";"1.239,10";"0,00";"51.189,28";"0,18";"32,70";"6.475,388";"0,13";"3.729,714";"0,029";"8.112.724,138";"0,00";"0,00";"0,00"
"12,91";"MERCEARIA \ BEBIDAS ALCOOLICAS \ VINHOS \ FRISANTE";"427,000";"2";"27,31";"11.663,43";"0,01";"8.956,65";"0,01";"76,79";"7,87";"3.362,44";"0,01";"28,83";"95,20";"48,77";"5.974,99";"4.361,66";"0,00";"0,00";"0,00";"3.939,33";"0,00";"8,05";"65,67";"0,00";"3.362,44";"0,01";"43,53";"532,106";"0,01";"232,500";"0,000";"0,000";"0,00";"0,00";"0,00"
"12,91";"MERCEARIA \ BEBIDAS ALCOOLICAS \ VINHOS \ KT VINHO";"5,000";"1";"99,90";"499,50";"0,00";"0,00";"0,00";"0,00";"12,15";"60,74";"0,00";"12,16";"40,61";"28,88";"355,24";"270,14";"0,00";"0,00";"0,00";"168,63";"0,00";"0,35";"2,95";"0,00";"60,74";"0,00";"18,36";"0,000";"0,00";"8,750";"0,000";"0,000";"0,00";"0,00";"0,00"
"12,91";"MERCEARIA \ BEBIDAS ALCOOLICAS \ VINHOS \ SIDRA";"201,000";"1";"19,94";"4.008,06";"0,00";"0,00";"0,00";"0,00";"5,57";"1.119,98";"0,00";"27,94";"88,04";"46,82";"2.131,45";"1.533,99";"0,00";"0,00";"0,00";"1.354,09";"0,00";"1,99";"23,80";"0,00";"1.119,98";"0,00";"42,20";"0,000";"0,00";"0,000";"0,000";"0,000";"0,00";"0,00";"0,00"
"13,25";"MERCEARIA \ BEBIDAS ALCOOLICAS \ VINHOS \ VINHO BRANCO";"9.311,000";"135";"39,34";"366.301,14";"0,34";"143.403,08";"0,13";"39,15";"8,22";"76.506,38";"0,27";"20,89";"60,18";"37,57";"228.674,81";"166.118,81";"0,00";"0,00";"0,00";"123.675,95";"0,00";"228,30";"1.978,86";"0,00";"76.506,38";"0,27";"31,53";"8.397,207";"0,17";"1.893,370";"0,000";"0,000";"0,00";"0,00";"0,00"
"13,26";"MERCEARIA \ BEBIDAS ALCOOLICAS \ VINHOS \ VINHO PORTO";"105,000";"10";"95,39";"10.015,49";"0,01";"0,00";"0,00";"0,00";"18,30";"1.921,86";"0,01";"19,19";"71,51";"41,69";"5.839,72";"4.712,92";"0,00";"0,00";"0,00";"3.380,71";"0,00";"5,61";"51,72";"0,00";"1.921,86";"0,01";"28,97";"0,000";"0,00";"39,000";"0,000";"0,000";"0,00";"0,00";"0,00"
"13,33";"MERCEARIA \ BEBIDAS ALCOOLICAS \ VINHOS \ VINHO ROSE";"1.988,000";"39";"38,63";"76.802,85";"0,07";"43.020,60";"0,04";"56,01";"8,09";"16.073,91";"0,06";"20,93";"62,87";"38,60";"47.156,77";"34.795,34";"0,00";"0,00";"0,00";"25.933,61";"0,00";"47,43";"412,74";"0,00";"16.073,91";"0,06";"31,60";"1.738,458";"0,03";"205,500";"0,000";"0,000";"0,00";"0,00";"0,00"
"14,44";"MERCEARIA \ BEBIDAS ALCOOLICAS \ VINHOS \ VINHO TINTO";"25.946,000";"335";"46,04";"1.194.663,12";"1,11";"385.032,42";"0,36";"32,23";"9,63";"249.936,70";"0,87";"20,92";"60,90";"37,85";"742.483,41";"541.368,21";"0,00";"0,00";"0,00";"403.358,21";"0,00";"726,22";"6.424,35";"0,00";"249.936,70";"0,87";"31,59";"26.333,771";"0,53";"8.075,988";"0,044";"27.151.434,545";"0,00";"0,00";"0,00"
"14,52";"MERCEARIA \ BEBIDAS NAO ALCOOLICAS \ AGUAS \ AGUA DE COCO";"7.926,000";"10";"10,29";"81.577,21";"0,08";"16.993,97";"0,02";"20,83";"3,19";"25.310,09";"0,09";"31,03";"63,89";"38,98";"49.776,77";"48.553,18";"0,00";"0,00";"0,00";"7.713,94";"0,00";"54,63";"613,95";"0,00";"25.310,09";"0,09";"34,27";"6.141,370";"0,12";"1.208,000";"0,000";"0,000";"0,00";"0,00";"0,00"
"15,30";"MERCEARIA \ BEBIDAS NAO ALCOOLICAS \ AGUAS \ AGUA MINERAL";"272.527,000";"54";"3,08";"839.330,45";"0,78";"123,69";"0,00";"0,01";"0,89";"243.420,01";"0,85";"29,00";"65,05";"39,41";"508.543,02";"402.075,55";"15.427,84";"0,00";"0,00";"178.407,05";"0,00";"354,25";"5.537,35";"0,00";"258.847,85";"0,90";"39,16";"293.631,971";"5,89";"202.771,855";"31,496";"26.648,795";"0,00";"0,00";"0,00"
"15,38";"MERCEARIA \ BEBIDAS NAO ALCOOLICAS \ AGUAS \ AGUA TONICA";"18.887,000";"20";"4,63";"87.511,10";"0,08";"8.767,91";"0,01";"10,02";"1,11";"20.888,86";"0,07";"23,87";"31,49";"23,95";"66.554,84";"66.481,78";"0,00";"0,00";"0,00";"140,46";"0,00";"55,24";"726,89";"0,00";"20.888,86";"0,07";"23,91";"9.696,031";"0,19";"2.903,442";"0,000";"0,000";"0,00";"0,00";"0,00"
"15,42";"MERCEARIA \ BEBIDAS NAO ALCOOLICAS \ BEBIDAS VEGETAIS \ BEBIDA SOJA";"6.016,000";"10";"6,35";"38.175,78";"0,04";"0,00";"0,00";"0,00";"1,56";"9.379,17";"0,03";"24,57";"37,12";"27,07";"27.840,25";"25.265,35";"0,00";"0,00";"0,00";"3.531,26";"0,00";"32,68";"274,54";"0,00";"9.379,17";"0,03";"27,07";"4.795,038";"0,10";"4.036,000";"0,000";"0,000";"0,00";"0,00";"0,00"
"15,54";"MERCEARIA \ BEBIDAS NAO ALCOOLICAS \ BEBIDAS VEGETAIS \ BEBIDA VEGETAIS ESPECIAIS";"7.596,000";"36";"16,70";"126.824,16";"0,12";"43.433,62";"0,04";"34,25";"3,80";"28.865,16";"0,10";"22,76";"37,41";"27,23";"92.293,27";"91.008,09";"291,68";"0,00";"0,00";"6.659,23";"0,00";"102,09";"931,60";"0,00";"29.156,83";"0,10";"24,26";"6.835,572";"0,14";"5.151,100";"0,000";"0,000";"0,00";"0,00";"0,00"
"15,61";"MERCEARIA \ BEBIDAS NAO ALCOOLICAS \ CERVEJA \ CERVEJA";"15.209,000";"13";"4,67";"71.054,01";"0,07";"14.681,08";"0,01";"20,66";"0,62";"9.359,69";"0,03";"13,17";"15,17";"13,17";"61.694,32";"61.694,32";"0,00";"0,00";"0,00";"0,00";"0,00";"64,54";"611,81";"0,00";"9.359,69";"0,03";"13,17";"3.375,702";"0,07";"5.079,931";"0,000";"0,000";"0,00";"0,00";"0,00"
"15,66";"MERCEARIA \ BEBIDAS NAO ALCOOLICAS \ CHA, ISOTONICO, BEB MISTA \ BEBIDA MISTA N.ALCOOLICOS";"17.734,000";"9";"2,89";"51.206,02";"0,05";"7.578,96";"0,01";"14,80";"1,08";"19.202,13";"0,07";"37,50";"60,42";"37,67";"31.919,21";"31.919,21";"0,00";"0,00";"0,00";"84,69";"0,00";"7,75";"471,01";"0,00";"19.202,13";"0,07";"37,56";"3.853,495";"0,08";"3.421,250";"0,000";"0,000";"0,00";"0,00";"0,00"
"16,35";"MERCEARIA \ BEBIDAS NAO ALCOOLICAS \ CHA, ISOTONICO, BEB MISTA \ CHA PRONTO";"112.549,000";"42";"6,59";"741.224,03";"0,69";"261.703,25";"0,24";"35,31";"1,78";"200.306,96";"0,70";"27,02";"37,16";"27,09";"540.424,20";"540.424,20";"0,00";"0,00";"0,00";"492,88";"0,00";"747,38";"6.280,80";"0,00";"200.306,96";"0,70";"27,04";"131.778,633";"2,64";"40.318,400";"4,294";"172.618,544";"0,00";"0,00";"0,00"
"16,49";"MERCEARIA \ BEBIDAS NAO ALCOOLICAS \ CHA, ISOTONICO, BEB MISTA \ ISOTONICO";"28.686,000";"21";"5,10";"146.390,90";"0,14";"126.624,12";"0,12";"86,50";"1,09";"31.387,64";"0,11";"21,44";"27,29";"21,44";"115.003,26";"115.003,26";"0,00";"0,00";"0,00";"0,00";"0,00";"143,07";"1.209,48";"0,00";"31.387,64";"0,11";"21,44";"15.305,914";"0,31";"3.813,150";"0,058";"2.523.981,034";"0,00";"0,00";"0,00"
"16,49";"MERCEARIA \ BEBIDAS NAO ALCOOLICAS \ ENERGETICO \ ENERGETICO GARRAFA";"189,000";"2";"13,02";"2.460,41";"0,00";"0,00";"0,00";"0,00";"5,81";"1.097,49";"0,00";"44,61";"80,52";"44,61";"1.362,92";"1.362,92";"0,00";"0,00";"0,00";"0,00";"0,00";"1,89";"22,72";"0,00";"1.097,49";"0,00";"44,61";"403,515";"0,01";"378,000";"0,000";"0,000";"0,00";"0,00";"0,00"
"16,89";"MERCEARIA \ BEBIDAS NAO ALCOOLICAS \ ENERGETICO \ ENERGETICO LATA";"43.232,000";"40";"10,04";"433.903,81";"0,40";"135.669,78";"0,13";"31,27";"1,91";"82.506,16";"0,29";"19,01";"23,48";"19,01";"351.397,65";"351.397,65";"0,00";"0,00";"0,00";"0,00";"0,00";"394,72";"3.562,09";"0,00";"82.506,16";"0,29";"19,01";"16.755,611";"0,34";"9.850,573";"0,000";"0,000";"0,00";"0,00";"0,00"
"16,89";"MERCEARIA \ BEBIDAS NAO ALCOOLICAS \ ESPUMANTE \ ESPUMANTE";"71,000";"4";"71,86";"5.102,38";"0,00";"1.257,20";"0,00";"24,64";"20,93";"1.486,07";"0,01";"29,13";"44,41";"30,75";"3.533,25";"3.533,25";"0,00";"0,00";"0,00";"83,07";"0,00";"4,34";"39,14";"0,00";"1.486,07";"0,01";"29,61";"71,681";"0,00";"21,000";"0,000";"0,000";"0,00";"0,00";"0,00"
"16,95";"MERCEARIA \ BEBIDAS NAO ALCOOLICAS \ REFRESCOS \ REFRESCOS PO";"51.878,000";"30";"1,28";"66.564,09";"0,06";"43.415,27";"0,04";"65,22";"0,31";"16.149,06";"0,06";"24,26";"68,17";"40,54";"39.581,62";"30.883,10";"0,00";"0,00";"0,00";"19.531,93";"0,00";"2,10";"456,44";"0,00";"16.149,06";"0,06";"34,34";"912,183";"0,02";"815,916";"0,000";"0,000";"0,00";"0,00";"0,00"
"17,10";"MERCEARIA \ BEBIDAS NAO ALCOOLICAS \ REFRESCOS \ REFRESCOS PRONTOS";"55.677,000";"33";"2,87";"159.741,67";"0,15";"39.576,42";"0,04";"24,78";"0,86";"47.848,18";"0,17";"29,95";"44,43";"30,76";"110.598,81";"110.596,68";"0,00";"0,00";"0,00";"1.296,80";"0,00";"83,09";"1.268,39";"0,00";"47.848,18";"0,17";"30,20";"30.919,262";"0,62";"14.759,195";"0,000";"0,000";"0,00";"0,00";"0,00"
"17,11";"MERCEARIA \ BEBIDAS NAO ALCOOLICAS \ REFRIGERANTE \ KT REFRIGERANTE";"917,000";"2";"16,43";"15.067,61";"0,01";"0,00";"0,00";"0,00";"3,36";"3.076,94";"0,01";"20,42";"25,66";"20,42";"11.990,67";"11.990,67";"0,00";"0,00";"0,00";"0,00";"0,00";"17,88";"130,59";"0,00";"3.076,94";"0,01";"20,42";"3.730,480";"0,07";"0,000";"0,000";"0,000";"0,00";"0,00";"0,00"
"19,62";"MERCEARIA \ BEBIDAS NAO ALCOOLICAS \ REFRIGERANTE \ REFRIGERANTE GARRAFA";"485.757,000";"68";"5,57";"2.706.884,49";"2,51";"555.329,83";"0,52";"20,52";"1,26";"612.732,12";"2,14";"22,64";"29,26";"22,64";"2.094.152,37";"2.094.152,37";"0,00";"0,00";"0,00";"0,00";"0,00";"2.611,36";"22.618,67";"0,00";"612.732,12";"2,13";"22,64";"519.248,201";"10,42";"257.972,210";"0,000";"0,000";"0,00";"0,00";"0,00"
"19,97";"MERCEARIA \ BEBIDAS NAO ALCOOLICAS \ REFRIGERANTE \ REFRIGERANTE LATA";"58.242,000";"25";"6,40";"372.530,80";"0,35";"110.416,64";"0,10";"29,64";"1,75";"101.945,80";"0,36";"27,37";"37,68";"27,37";"270.585,00";"270.585,00";"0,00";"0,00";"0,00";"0,00";"0,00";"238,21";"3.013,65";"0,00";"101.945,80";"0,35";"27,37";"35.512,462";"0,71";"18.338,760";"0,000";"0,000";"0,00";"0,00";"0,00"
"20,09";"MERCEARIA \ BEBIDAS NAO ALCOOLICAS \ SUCOS-NECTAR \ NECTAR PRONTO";"20.116,000";"27";"6,45";"129.758,22";"0,12";"708,47";"0,00";"0,55";"1,58";"31.852,22";"0,11";"24,55";"38,34";"27,72";"93.795,54";"86.850,72";"0,00";"0,00";"0,00";"11.055,28";"0,00";"100,19";"970,54";"0,00";"31.852,22";"0,11";"26,83";"13.185,658";"0,26";"10.832,590";"10,346";"12.541,873";"0,00";"0,00";"0,00"
"20,20";"MERCEARIA \ BEBIDAS NAO ALCOOLICAS \ SUCOS-NECTAR \ SUCO CONCENTRADO";"13.817,000";"20";"8,88";"122.758,48";"0,11";"109.596,67";"0,10";"89,28";"1,82";"25.199,04";"0,09";"20,53";"55,27";"35,59";"79.063,53";"61.671,21";"0,00";"0,00";"0,00";"35.888,23";"0,00";"81,64";"739,11";"0,00";"25.199,04";"0,09";"29,01";"12.187,450";"0,24";"10.287,820";"2,498";"49.142,706";"0,00";"0,00";"0,00"
"20,47";"MERCEARIA \ BEBIDAS NAO ALCOOLICAS \ SUCOS-NECTAR \ SUCO INTEGRAL";"15.577,000";"33";"18,37";"286.150,18";"0,27";"148.025,11";"0,14";"51,73";"5,20";"81.043,19";"0,28";"28,32";"59,10";"37,15";"179.850,27";"177.936,90";"0,00";"0,00";"0,00";"27.170,09";"0,00";"246,23";"2.103,39";"0,00";"81.043,19";"0,28";"31,29";"21.733,261";"0,44";"13.646,200";"0,000";"0,000";"0,00";"0,00";"0,00"
"20,53";"MERCEARIA \ BEBIDAS NAO ALCOOLICAS \ SUCOS-NECTAR \ SUCO PRONTO";"8.472,000";"15";"7,09";"60.070,36";"0,06";"3.021,40";"0,00";"5,03";"1,76";"14.892,01";"0,05";"24,79";"40,91";"29,03";"42.630,32";"40.443,57";"0,00";"0,00";"0,00";"4.734,78";"0,00";"50,20";"465,41";"0,00";"14.892,01";"0,05";"26,91";"4.726,202";"0,09";"3.889,150";"0,000";"0,000";"0,00";"0,00";"0,00"
"20,55";"MERCEARIA \ BEBIDAS NAO ALCOOLICAS \ SUPLEMENTO ALIMENTAR \ SUPLEMENTO ALIMENTAR";"3.879,000";"22";"5,69";"22.065,39";"0,02";"11.438,21";"0,01";"51,84";"1,63";"6.332,51";"0,02";"28,70";"60,05";"37,52";"13.786,80";"12.439,90";"0,00";"0,00";"0,00";"3.292,98";"0,00";"16,46";"156,69";"0,00";"6.332,51";"0,02";"33,73";"1.085,707";"0,02";"1.034,695";"0,418";"52.788,014";"0,00";"0,00";"0,00"
"20,55";"MERCEARIA \ BEBIDAS NAO ALCOOLICAS \ VINHOS \ SIDRA";"19,000";"1";"19,15";"363,83";"0,00";"0,00";"0,00";"0,00";"6,17";"117,22";"0,00";"32,22";"69,49";"41,00";"214,66";"212,96";"0,00";"0,00";"0,00";"33,65";"0,00";"0,34";"2,77";"0,00";"117,22";"0,00";"35,50";"0,000";"0,00";"12,540";"0,000";"0,000";"0,00";"0,00";"0,00"
"20,55";"MERCEARIA \ BEBIDAS NAO ALCOOLICAS \ VINHOS \ VINHOS";"52,000";"5";"56,00";"2.912,02";"0,00";"1.229,52";"0,00";"42,22";"10,50";"546,17";"0,00";"18,76";"30,59";"23,42";"2.229,95";"1.646,80";"0,00";"0,00";"0,00";"719,05";"0,00";"1,76";"15,79";"0,00";"546,17";"0,00";"24,91";"0,000";"0,00";"39,000";"0,000";"0,000";"0,00";"0,00";"0,00"
"20,66";"MERCEARIA \ BEBIDAS NAO ALCOOLICAS \ XAROPE \ XAROPE";"9.950,000";"23";"11,88";"118.163,22";"0,11";"38.714,45";"0,04";"32,76";"3,14";"31.205,72";"0,11";"26,41";"76,20";"43,25";"67.062,57";"52.412,70";"0,00";"0,00";"0,00";"34.544,80";"0,00";"91,64";"701,26";"0,00";"31.205,72";"0,11";"37,32";"12.731,236";"0,26";"7.615,400";"0,000";"0,000";"0,00";"0,00";"0,00"
"20,99";"MERCEARIA \ BISCOITO-TORRADA-BATATA \ BATATAS \ BATATAS CHIPS";"33.558,000";"36";"10,64";"357.204,68";"0,33";"97.216,41";"0,09";"27,22";"2,69";"90.194,90";"0,31";"25,25";"42,37";"29,76";"250.900,72";"233.968,34";"0,00";"0,00";"0,00";"33.041,43";"0,00";"286,51";"2.660,14";"0,00";"90.194,90";"0,31";"27,82";"2.954,497";"0,06";"2.246,802";"0,000";"0,000";"0,00";"0,00";"0,00"
"21,42";"MERCEARIA \ BISCOITO-TORRADA-BATATA \ BATATAS \ BATATAS PALHA";"44.277,000";"17";"10,38";"459.598,69";"0,43";"251.207,31";"0,23";"54,66";"2,86";"126.468,34";"0,44";"27,52";"51,23";"33,88";"303.906,49";"290.617,47";"0,00";"0,00";"0,00";"42.512,88";"0,00";"412,39";"3.555,29";"0,00";"126.468,34";"0,44";"30,32";"6.556,500";"0,13";"4.912,495";"0,000";"0,000";"0,00";"0,00";"0,00"
"21,78";"MERCEARIA \ BISCOITO-TORRADA-BATATA \ BATATAS \ SALGADINHO BATATA";"37.221,000";"14";"10,43";"388.154,54";"0,36";"454.898,21";"0,42";"117,20";"2,26";"84.008,93";"0,29";"21,64";"44,41";"30,75";"268.783,61";"268.241,32";"0,00";"0,00";"0,00";"35.904,29";"0,00";"324,96";"2.878,29";"0,00";"84.008,93";"0,29";"23,85";"5.565,283";"0,11";"3.732,846";"0,000";"0,000";"0,00";"0,00";"0,00"
"21,84";"MERCEARIA \ BISCOITO-TORRADA-BATATA \ BISCOITOS DOCE \ AMANTEIGADO-PETROLOIS";"4.712,000";"12";"13,45";"63.372,27";"0,06";"0,00";"0,00";"0,00";"4,37";"20.584,96";"0,07";"32,48";"66,92";"40,09";"37.966,69";"36.925,38";"0,00";"0,00";"0,00";"5.861,93";"0,00";"43,12";"457,06";"0,00";"20.584,96";"0,07";"35,79";"1.543,444";"0,03";"1.302,900";"0,000";"0,000";"0,00";"0,00";"0,00"
"21,85";"MERCEARIA \ BISCOITO-TORRADA-BATATA \ BISCOITOS DOCE \ BISCOITO CHAMPANHE";"478,000";"1";"14,66";"7.005,25";"0,01";"0,00";"0,00";"0,00";"2,98";"1.426,75";"0,00";"20,37";"29,89";"23,01";"5.393,38";"4.930,51";"0,00";"0,00";"0,00";"647,99";"0,00";"4,66";"53,15";"0,00";"1.426,75";"0,00";"22,44";"111,374";"0,00";"0,000";"0,000";"0,000";"0,00";"0,00";"0,00"
"22,06";"MERCEARIA \ BISCOITO-TORRADA-BATATA \ BISCOITOS DOCE \ BISCOITO MAIZENA";"61.366,000";"11";"3,71";"227.935,78";"0,21";"44.473,16";"0,04";"19,51";"0,77";"47.505,58";"0,17";"20,84";"56,71";"36,19";"145.453,12";"140.697,51";"0,00";"0,00";"0,00";"39.732,70";"0,00";"13,54";"1.731,03";"0,00";"47.505,58";"0,16";"25,24";"11.754,134";"0,24";"10.980,295";"0,610";"373.665,213";"0,00";"0,00";"0,00"
"22,08";"MERCEARIA \ BISCOITO-TORRADA-BATATA \ BISCOITOS DOCE \ BISCOITOS COM COBERTURA";"4.265,000";"6";"4,25";"18.147,00";"0,02";"1.464,90";"0,00";"8,07";"1,00";"4.260,08";"0,01";"23,48";"38,57";"27,84";"13.095,78";"12.208,32";"0,00";"0,00";"0,00";"1.678,60";"0,00";"0,74";"134,00";"0,00";"4.260,08";"0,01";"25,87";"510,711";"0,01";"152,640";"0,829";"21.890,229";"0,00";"0,00";"0,00"
"22,16";"MERCEARIA \ BISCOITO-TORRADA-BATATA \ BISCOITOS DOCE \ BISCOITOS COOKIES";"18.037,000";"31";"4,57";"82.506,59";"0,08";"22.763,96";"0,02";"27,59";"1,29";"23.261,70";"0,08";"28,19";"52,81";"34,56";"53.991,47";"51.613,03";"0,00";"0,00";"0,00";"7.631,86";"0,00";"62,53";"611,99";"0,00";"23.261,70";"0,08";"31,07";"1.546,400";"0,03";"923,893";"1,102";"74.869,864";"0,00";"0,00";"0,00"
"22,36";"MERCEARIA \ BISCOITO-TORRADA-BATATA \ BISCOITOS DOCE \ BISCOITOS DOCE S.RECHEIO";"37.695,000";"45";"5,84";"220.043,20";"0,20";"67.438,79";"0,06";"30,65";"1,38";"52.137,85";"0,18";"23,69";"50,98";"33,76";"145.745,93";"133.650,58";"0,00";"0,00";"0,00";"34.254,76";"0,00";"105,73";"1.564,37";"0,00";"52.137,85";"0,18";"28,06";"6.958,595";"0,14";"5.413,723";"0,000";"0,000";"0,00";"0,00";"0,00"
"22,74";"MERCEARIA \ BISCOITO-TORRADA-BATATA \ BISCOITOS DOCE \ BISCOITOS DOCES RECHEADOS";"123.016,000";"67";"3,36";"412.760,27";"0,38";"374.315,06";"0,35";"90,69";"0,65";"80.407,60";"0,28";"19,48";"38,68";"27,89";"297.626,37";"293.258,48";"0,00";"0,00";"0,00";"39.094,19";"0,00";"56,73";"3.037,69";"0,00";"80.407,60";"0,28";"21,52";"15.547,311";"0,31";"11.099,717";"16,675";"24.753,240";"0,00";"0,00";"0,00"
"22,74";"MERCEARIA \ BISCOITO-TORRADA-BATATA \ BISCOITOS DOCE \ BISCOITOS MARIA";"494,000";"1";"6,21";"3.066,30";"0,00";"0,00";"0,00";"0,00";"1,23";"606,78";"0,00";"19,79";"40,50";"28,83";"2.182,39";"1.564,47";"0,00";"0,00";"0,00";"895,05";"0,00";"0,07";"18,65";"0,00";"606,78";"0,00";"27,95";"178,828";"0,00";"0,000";"0,000";"0,000";"0,00";"0,00";"0,00"
"22,84";"MERCEARIA \ BISCOITO-TORRADA-BATATA \ BISCOITOS DOCE \ BISCOITOS ROSCAS";"22.753,000";"10";"4,77";"108.592,98";"0,10";"104.398,63";"0,10";"96,14";"1,19";"27.156,58";"0,09";"25,01";"63,45";"38,82";"66.438,98";"56.614,29";"0,00";"0,00";"0,00";"24.822,12";"0,00";"8,49";"652,64";"0,00";"27.156,58";"0,09";"32,42";"7.023,502";"0,14";"397,830";"0,000";"0,000";"0,00";"0,00";"0,00"
"23,08";"MERCEARIA \ BISCOITO-TORRADA-BATATA \ BISCOITOS DOCE \ BISCOITOS WAFER";"80.267,000";"38";"3,24";"260.053,19";"0,24";"164.455,41";"0,15";"63,24";"0,92";"74.056,41";"0,26";"28,48";"58,91";"37,07";"163.647,67";"161.668,79";"0,00";"0,00";"0,00";"24.328,00";"0,00";"30,32";"1.826,68";"0,00";"74.056,41";"0,26";"31,42";"7.807,396";"0,16";"3.624,821";"18,425";"14.114,149";"0,00";"0,00";"0,00"
"23,13";"MERCEARIA \ BISCOITO-TORRADA-BATATA \ BISCOITOS SALGADO \ AGUA";"9.708,000";"2";"5,34";"51.863,43";"0,05";"41.168,95";"0,04";"79,38";"1,36";"13.237,57";"0,05";"25,52";"61,09";"37,92";"32.196,24";"28.759,03";"0,00";"0,00";"0,00";"9.866,83";"0,00";"17,21";"354,82";"0,00";"13.237,57";"0,05";"31,52";"2.231,932";"0,04";"1.534,240";"0,000";"0,000";"0,00";"0,00";"0,00"
"23,16";"MERCEARIA \ BISCOITO-TORRADA-BATATA \ BISCOITOS SALGADO \ AGUA E SAL";"7.521,000";"5";"4,53";"34.036,38";"0,03";"9.518,65";"0,01";"27,97";"0,99";"7.425,35";"0,03";"21,82";"49,87";"33,27";"22.711,32";"17.738,97";"0,00";"0,00";"0,00";"8.872,07";"0,00";"0,73";"231,52";"0,00";"7.425,35";"0,03";"29,51";"1.970,342";"0,04";"1.712,904";"0,715";"47.603,329";"0,00";"0,00";"0,00"
"23,27";"MERCEARIA \ BISCOITO-TORRADA-BATATA \ BISCOITOS SALGADO \ BISCOITO POLVILHO";"19.739,000";"9";"6,11";"120.672,86";"0,11";"48.893,27";"0,05";"40,52";"1,82";"36.004,39";"0,13";"29,84";"60,57";"37,72";"75.152,00";"73.506,23";"0,00";"0,00";"0,00";"11.162,24";"0,00";"125,25";"944,11";"0,00";"36.004,39";"0,12";"32,88";"2.043,426";"0,04";"1.211.464,960";"0,000";"0,000";"0,00";"0,00";"0,00"
"23,27";"MERCEARIA \ BISCOITO-TORRADA-BATATA \ BISCOITOS SALGADO \ BISCOITO SAGADO RECHEADO";"303,000";"4";"5,54";"1.678,84";"0,00";"1.504,52";"0,00";"89,62";"1,39";"422,48";"0,00";"25,16";"52,47";"34,41";"1.101,07";"1.101,07";"0,00";"0,00";"0,00";"155,29";"0,00";"1,02";"11,58";"0,00";"422,48";"0,00";"27,73";"33,936";"0,00";"30,300";"0,000";"0,000";"0,00";"0,00";"0,00"
"23,77";"MERCEARIA \ BISCOITO-TORRADA-BATATA \ BISCOITOS SALGADO \ BISCOITO SALGADINHO";"95.498,000";"74";"5,59";"533.431,38";"0,50";"136.479,43";"0,13";"25,59";"1,63";"156.098,36";"0,54";"29,26";"53,64";"34,91";"347.184,49";"327.990,62";"0,00";"0,00";"0,00";"49.342,40";"0,00";"280,89";"3.924,68";"0,00";"156.098,36";"0,54";"32,25";"6.522,050";"0,13";"5.201,555";"0,000";"0,000";"0,00";"0,00";"0,00"
"24,07";"MERCEARIA \ BISCOITO-TORRADA-BATATA \ BISCOITOS SALGADO \ BISCOITO SALGADO";"54.257,000";"37";"6,05";"328.028,18";"0,30";"254.835,08";"0,24";"77,69";"1,48";"80.542,50";"0,28";"24,55";"47,63";"32,26";"222.201,19";"216.433,84";"0,00";"0,00";"0,00";"31.051,84";"0,00";"194,45";"2.292,77";"0,00";"80.542,50";"0,28";"27,12";"8.197,030";"0,16";"6.559,345";"0,000";"0,000";"0,00";"0,00";"0,00"
"24,26";"MERCEARIA \ BISCOITO-TORRADA-BATATA \ BISCOITOS SALGADO \ CREAM CRACKER";"37.447,000";"17";"5,40";"202.313,03";"0,19";"143.033,28";"0,13";"70,70";"1,23";"46.012,24";"0,16";"22,74";"54,64";"35,33";"130.825,95";"105.692,61";"0,00";"0,00";"0,00";"50.608,18";"0,00";"32,83";"1.313,72";"0,00";"46.012,24";"0,16";"30,33";"11.328,296";"0,23";"9.773,905";"62,786";"3.222,263";"0,00";"0,00";"0,00"
"24,49";"MERCEARIA \ BISCOITO-TORRADA-BATATA \ TORRADAS \ TORRADAS";"40.228,000";"37";"6,04";"243.020,87";"0,23";"57.908,43";"0,05";"23,83";"1,64";"65.895,10";"0,23";"27,11";"51,07";"33,80";"160.867,75";"154.646,34";"0,00";"0,00";"0,00";"22.479,43";"0,00";"205,72";"1.828,75";"0,00";"65.895,10";"0,23";"29,88";"4.968,192";"0,10";"2.891,274";"0,000";"0,000";"0,00";"0,00";"0,00"
"24,67";"MERCEARIA \ BOMBONIERE \ APERITIVO-SNACKS \ APER-SNACKS AMENDOIM";"21.305,000";"23";"9,01";"191.976,83";"0,18";"45.837,69";"0,04";"23,88";"2,55";"54.248,46";"0,19";"28,26";"50,72";"33,65";"127.376,31";"119.596,30";"0,00";"0,00";"0,00";"18.132,07";"0,00";"208,43";"1.508,57";"0,00";"54.248,46";"0,19";"31,21";"3.762,632";"0,08";"3.423,360";"0,000";"0,000";"0,00";"0,00";"0,00"
"24,68";"MERCEARIA \ BOMBONIERE \ APERITIVO-SNACKS \ APER-SNACKS BATATA";"862,000";"4";"10,00";"8.620,56";"0,01";"0,00";"0,00";"0,00";"3,75";"3.231,82";"0,01";"37,49";"77,12";"43,54";"4.867,08";"4.591,34";"0,00";"0,00";"0,00";"797,40";"0,00";"6,75";"54,16";"0,00";"3.231,82";"0,01";"41,31";"44,600";"0,00";"0,000";"0,000";"0,000";"0,00";"0,00";"0,00"
"24,68";"MERCEARIA \ BOMBONIERE \ APERITIVO-SNACKS \ APER-SNACKS CASTANHA CAJU";"104,000";"1";"13,99";"1.454,96";"0,00";"0,00";"0,00";"0,00";"3,59";"373,32";"0,00";"25,66";"40,52";"28,84";"1.035,42";"947,05";"0,00";"0,00";"0,00";"134,58";"0,00";"0,91";"10,01";"0,00";"373,32";"0,00";"28,27";"5,200";"0,00";"5,200";"0,000";"0,000";"0,00";"0,00";"0,00"
"24,70";"MERCEARIA \ BOMBONIERE \ APERITIVO-SNACKS \ APER-SNACKS INTEGRAL";"2.781,000";"3";"7,54";"20.969,60";"0,02";"20.947,70";"0,02";"99,90";"2,52";"7.011,15";"0,02";"33,43";"74,47";"42,68";"12.018,76";"12.018,76";"0,00";"0,00";"0,00";"1.939,69";"0,00";"22,68";"147,87";"0,00";"7.011,15";"0,02";"36,84";"216,918";"0,00";"194,670";"0,000";"0,000";"0,00";"0,00";"0,00"
"24,72";"MERCEARIA \ BOMBONIERE \ APERITIVO-SNACKS \ APER-SNACKS MIX";"1.162,000";"4";"18,73";"21.768,72";"0,02";"0,00";"0,00";"0,00";"5,71";"6.631,94";"0,02";"30,47";"69,93";"41,15";"12.810,69";"9.980,42";"242,28";"0,00";"0,00";"4.914,08";"0,00";"6,99";"83,40";"0,00";"6.874,22";"0,02";"40,79";"233,100";"0,00";"51,550";"0,023";"946.466,087";"0,00";"0,00";"0,00"
"24,72";"MERCEARIA \ BOMBONIERE \ APERITIVO-SNACKS \ APER-SNACKS QUINOA";"274,000";"1";"12,63";"3.461,20";"0,00";"0,00";"0,00";"0,00";"2,53";"694,31";"0,00";"20,06";"56,17";"35,97";"2.216,29";"1.755,63";"0,00";"0,00";"0,00";"1.011,26";"0,00";"0,04";"7,61";"0,00";"694,31";"0,00";"28,34";"0,000";"0,00";"68,500";"4,312";"802,690";"0,00";"0,00";"0,00"
"24,72";"MERCEARIA \ BOMBONIERE \ APERITIVO-SNACKS \ APERITIVO-SNACK TORRESMO";"262,000";"1";"8,01";"2.097,48";"0,00";"0,00";"0,00";"0,00";"2,61";"682,89";"0,00";"32,56";"58,54";"36,92";"1.322,99";"1.220,58";"0,00";"0,00";"0,00";"194,02";"0,00";"2,31";"16,17";"0,00";"682,89";"0,00";"35,88";"13,886";"0,00";"0,000";"0,000";"0,000";"0,00";"0,00";"0,00"
"24,75";"MERCEARIA \ BOMBONIERE \ APERITIVO-SNACKS \ OVINHOS DE AMENDOIM";"4.085,000";"1";"8,32";"33.999,38";"0,03";"25.513,69";"0,02";"75,04";"2,30";"9.402,57";"0,03";"27,66";"45,54";"31,29";"23.360,99";"21.451,86";"0,00";"0,00";"0,00";"3.144,94";"0,00";"37,52";"265,78";"0,00";"9.402,57";"0,03";"30,47";"612,750";"0,01";"592,325";"0,000";"0,000";"0,00";"0,00";"0,00"
"24,86";"MERCEARIA \ BOMBONIERE \ BISCOITOS \ BISCOITO COM COBERTURA";"16.335,000";"6";"7,45";"121.680,74";"0,11";"120.176,75";"0,11";"98,76";"1,92";"31.413,11";"0,11";"25,82";"52,58";"34,46";"79.747,95";"79.012,16";"0,00";"0,00";"0,00";"11.255,47";"0,00";"147,56";"920,07";"0,00";"31.413,11";"0,11";"28,45";"1.584,495";"0,03";"1.289,890";"0,000";"0,000";"0,00";"0,00";"0,00"
"25,51";"MERCEARIA \ BOMBONIERE \ CHOCOLATES \ BOMBONS";"63.343,000";"41";"11,02";"697.830,63";"0,65";"485.941,70";"0,45";"69,64";"-0,71";"-45.214,61";"-0,16";"-6,48";"1,23";"1,22";"689.336,74";"672.756,83";"0,00";"0,00";"0,00";"70.288,42";"0,00";"541,57";"5.094,20";"0,00";"-45.214,61";"-0,16";"-7,21";"11.862,601";"0,24";"2.493,369";"0,000";"0,000";"0,00";"0,00";"0,00"
"26,19";"MERCEARIA \ BOMBONIERE \ CHOCOLATES \ CHOCOLATES BARRA";"78.778,000";"105";"9,34";"736.118,91";"0,68";"487.986,00";"0,45";"66,29";"1,31";"103.578,23";"0,36";"14,07";"28,43";"22,14";"573.146,70";"558.958,81";"0,00";"0,00";"0,00";"73.581,87";"0,00";"662,54";"5.510,52";"0,00";"103.578,23";"0,36";"15,63";"6.553,200";"0,13";"3.975,527";"0,083";"8.868.902,530";"0,00";"0,00";"0,00"
"26,58";"MERCEARIA \ BOMBONIERE \ CHOCOLATES \ CHOCOLATES SACHE-TABLETE";"64.062,000";"44";"6,51";"417.045,98";"0,39";"207.170,23";"0,19";"49,68";"1,05";"67.149,43";"0,23";"16,10";"29,22";"22,61";"322.734,24";"310.279,28";"0,00";"0,00";"0,00";"39.617,27";"0,00";"293,40";"3.086,67";"0,00";"67.149,43";"0,23";"17,79";"3.824,675";"0,08";"712,141";"0,000";"0,000";"0,00";"0,00";"0,00"
"26,83";"MERCEARIA \ BOMBONIERE \ CHOCOLATES \ OVOS DE PASCOA";"4.148,000";"57";"64,42";"267.204,89";"0,25";"254.711,01";"0,24";"95,32";"0,71";"2.947,18";"0,01";"1,10";"5,64";"5,34";"252.928,94";"239.541,26";"0,00";"0,00";"0,00";"24.716,45";"0,00";"209,49";"1.885,15";"0,00";"2.947,18";"0,01";"1,22";"814,459";"0,02";"679,604";"0,619";"431.671,874";"0,00";"0,00";"0,00"
"26,83";"MERCEARIA \ BOMBONIERE \ CHOCOLATES \ TRUFAS";"67,000";"1";"42,59";"2.853,71";"0,00";"0,00";"0,00";"0,00";"10,40";"697,10";"0,00";"24,43";"38,02";"27,55";"2.067,62";"1.892,64";"0,00";"0,00";"0,00";"263,97";"0,00";"2,80";"23,10";"0,00";"697,10";"0,00";"26,92";"0,000";"0,00";"0,000";"0,000";"0,000";"0,00";"0,00";"0,00"
"26,98";"MERCEARIA \ BOMBONIERE \ GULOUSEIMAS \ BALAS E GOMAS";"30.667,350";"48";"5,43";"166.669,33";"0,15";"68,77";"0,00";"0,04";"1,27";"38.939,18";"0,14";"23,36";"64,80";"39,32";"101.135,61";"78.988,02";"0,00";"0,00";"0,00";"48.742,14";"0,00";"71,99";"949,27";"0,00";"38.939,18";"0,14";"33,02";"1.353,733";"0,03";"932,781";"0,000";"0,000";"0,00";"0,00";"0,00"
"27,01";"MERCEARIA \ BOMBONIERE \ GULOUSEIMAS \ BARRA DE CEREAIS-FRUTAS";"5.160,000";"11";"5,61";"28.924,25";"0,03";"0,00";"0,00";"0,00";"1,60";"8.277,19";"0,03";"28,62";"56,34";"36,04";"18.500,99";"17.971,57";"0,00";"0,00";"0,00";"2.675,49";"0,00";"5,15";"194,30";"0,00";"8.277,19";"0,03";"31,53";"413,861";"0,01";"525,993";"0,000";"0,000";"0,00";"0,00";"0,00"
"27,04";"MERCEARIA \ BOMBONIERE \ GULOUSEIMAS \ CONFEITOS";"2.961,000";"6";"10,71";"31.705,01";"0,03";"0,00";"0,00";"0,00";"3,22";"9.530,54";"0,03";"30,06";"50,99";"33,77";"20.997,58";"19.241,76";"0,00";"0,00";"0,00";"2.932,71";"0,00";"26,31";"228,74";"0,00";"9.530,54";"0,03";"33,12";"269,064";"0,01";"186,205";"0,000";"0,000";"0,00";"0,00";"0,00"
"27,09";"MERCEARIA \ BOMBONIERE \ GULOUSEIMAS \ CREME";"1.805,000";"1";"29,67";"53.557,91";"0,05";"3.408,64";"0,00";"6,36";"7,78";"14.042,57";"0,05";"26,22";"54,97";"35,47";"34.561,24";"34.561,24";"0,00";"0,00";"0,00";"4.954,11";"0,00";"49,32";"394,62";"0,00";"14.042,57";"0,05";"28,89";"685,900";"0,01";"595,650";"0,000";"0,000";"0,00";"0,00";"0,00"
"27,18";"MERCEARIA \ BOMBONIERE \ GULOUSEIMAS \ DOCE VARIADO";"6.933,000";"19";"13,21";"91.597,49";"0,09";"3.571,23";"0,00";"3,90";"3,67";"25.437,83";"0,09";"27,77";"68,07";"40,50";"54.500,48";"46.099,74";"0,00";"0,00";"0,00";"20.059,92";"0,00";"59,99";"593,77";"0,00";"25.437,83";"0,09";"35,56";"1.271,544";"0,03";"865,106";"0,000";"0,000";"0,00";"0,00";"0,00"
"27,22";"MERCEARIA \ BOMBONIERE \ GULOUSEIMAS \ DROPS-PASTILHAS";"15.830,000";"11";"2,40";"38.065,16";"0,04";"0,00";"0,00";"0,00";"0,51";"8.107,43";"0,03";"21,30";"59,36";"37,25";"23.885,79";"18.818,58";"0,00";"0,00";"0,00";"11.139,14";"0,00";"0,38";"187,74";"0,00";"8.107,43";"0,03";"30,11";"447,208";"0,01";"285,918";"0,000";"0,000";"0,00";"0,00";"0,00"
"27,23";"MERCEARIA \ BOMBONIERE \ GULOUSEIMAS \ PIPOCA";"809,000";"7";"10,51";"8.505,29";"0,01";"0,00";"0,00";"0,00";"2,92";"2.359,86";"0,01";"27,75";"46,15";"31,58";"5.819,63";"5.358,69";"0,00";"0,00";"0,00";"786,74";"0,00";"7,14";"62,85";"0,00";"2.359,86";"0,01";"30,57";"56,127";"0,00";"48,710";"0,000";"0,000";"0,00";"0,00";"0,00"
"27,76";"MERCEARIA \ CEREAIS \ ARROZ \ ARROZ BRANCO";"60.084,000";"25";"9,59";"575.941,09";"0,53";"173.235,48";"0,16";"30,08";"2,43";"145.863,70";"0,51";"25,33";"37,78";"27,42";"418.007,66";"402.915,46";"0,00";"0,00";"0,00";"27.161,93";"0,00";"14,37";"115,01";"0,00";"145.863,70";"0,51";"26,58";"103.366,178";"2,07";"11.658,000";"0,000";"0,000";"0,00";"0,00";"0,00"
"27,82";"MERCEARIA \ CEREAIS \ ARROZ \ ARROZ ESPECIAL-INTEGRAL";"6.218,000";"31";"11,07";"68.856,95";"0,06";"9.954,47";"0,01";"14,46";"3,14";"19.531,18";"0,07";"28,36";"52,50";"34,43";"45.152,58";"40.534,62";"0,00";"0,00";"0,00";"8.791,16";"0,00";"8,49";"73,33";"0,00";"19.531,18";"0,07";"32,52";"4.128,711";"0,08";"2.802,925";"0,000";"0,000";"0,00";"0,00";"0,00"
"27,91";"MERCEARIA \ CEREAIS \ ARROZ \ ARROZ PARBOILIZADO";"11.945,000";"11";"8,29";"98.967,84";"0,09";"26.114,74";"0,02";"26,39";"2,16";"25.854,31";"0,09";"26,12";"39,64";"28,39";"70.875,15";"68.411,59";"0,00";"0,00";"0,00";"4.701,94";"0,00";"1,67";"12,95";"0,00";"25.854,31";"0,09";"27,43";"12.078,885";"0,24";"2.540,000";"0,000";"0,000";"0,00";"0,00";"0,00"
"27,91";"MERCEARIA \ CEREAIS \ FARINACEOS \ CEVADA";"16,000";"1";"11,99";"191,84";"0,00";"0,00";"0,00";"0,00";"2,76";"44,21";"0,00";"23,05";"63,56";"38,86";"117,29";"91,55";"0,00";"0,00";"0,00";"56,08";"0,00";"0,15";"1,20";"0,00";"44,21";"0,00";"32,56";"0,000";"0,00";"0,000";"0,000";"0,000";"0,00";"0,00";"0,00"
"27,91";"MERCEARIA \ CEREAIS \ FARINACEOS \ CURAU";"146,000";"1";"6,98";"1.019,66";"0,00";"0,00";"0,00";"0,00";"1,70";"247,58";"0,00";"24,28";"51,36";"33,93";"673,66";"473,61";"0,00";"0,00";"0,00";"298,47";"0,00";"0,01";"5,41";"0,00";"247,58";"0,00";"34,33";"0,000";"0,00";"0,000";"0,000";"0,000";"0,00";"0,00";"0,00"
"27,92";"MERCEARIA \ CEREAIS \ FARINACEOS \ CUSCUZ";"1.110,000";"5";"8,13";"9.020,93";"0,01";"0,00";"0,00";"0,00";"1,96";"2.174,66";"0,01";"24,11";"58,54";"36,92";"5.690,05";"4.439,24";"0,00";"0,00";"0,00";"2.407,03";"0,00";"3,86";"32,79";"0,00";"2.174,66";"0,01";"32,88";"527,837";"0,01";"460,600";"0,000";"0,000";"0,00";"0,00";"0,00"
"28,02";"MERCEARIA \ CEREAIS \ FARINACEOS \ FARINHA DE MANDIOCA";"17.741,000";"14";"5,95";"105.525,36";"0,10";"14.336,90";"0,01";"13,59";"2,31";"40.908,38";"0,14";"38,77";"71,47";"41,68";"61.543,09";"57.234,96";"0,00";"0,00";"0,00";"7.382,02";"0,00";"1,31";"12,98";"0,00";"40.908,38";"0,14";"41,68";"14.052,108";"0,28";"9.900,000";"0,000";"0,000";"0,00";"0,00";"0,00"
"28,03";"MERCEARIA \ CEREAIS \ FARINACEOS \ FARINHA DE MILHO";"1.304,000";"6";"6,44";"8.402,38";"0,01";"0,00";"0,00";"0,00";"1,51";"1.963,96";"0,01";"23,37";"55,05";"35,50";"5.419,16";"4.584,36";"0,00";"0,00";"0,00";"1.854,06";"0,00";"0,02";"0,16";"0,00";"1.963,96";"0,01";"29,99";"603,357";"0,01";"220,000";"0,085";"98.851,529";"0,00";"0,00";"0,00"
"28,05";"MERCEARIA \ CEREAIS \ FARINACEOS \ FARINHA DE ROSCA";"2.327,000";"5";"8,50";"19.776,73";"0,02";"0,00";"0,00";"0,00";"2,34";"5.437,85";"0,02";"27,50";"69,30";"40,93";"11.681,57";"8.555,51";"0,00";"0,00";"0,00";"5.783,37";"0,00";"4,65";"117,37";"0,00";"5.437,85";"0,02";"38,86";"673,825";"0,01";"961,200";"0,000";"0,000";"0,00";"0,00";"0,00"
"28,15";"MERCEARIA \ CEREAIS \ FARINACEOS \ FARINHA DE TRIGO";"21.590,000";"15";"5,18";"111.742,21";"0,10";"56.423,44";"0,05";"50,49";"1,56";"33.592,96";"0,12";"30,06";"53,97";"35,05";"72.572,55";"70.315,14";"0,00";"0,00";"0,00";"7.834,11";"0,00";"0,00";"0,00";"0,00";"33.592,96";"0,12";"32,33";"21.234,132";"0,43";"7.448,000";"0,000";"0,000";"0,00";"0,00";"0,00"
"28,23";"MERCEARIA \ CEREAIS \ FARINACEOS \ FAROFA PRONTA";"10.935,000";"15";"8,19";"89.559,13";"0,08";"51.427,94";"0,05";"57,42";"2,05";"22.372,01";"0,08";"24,98";"66,20";"39,83";"53.885,48";"40.986,61";"0,00";"0,00";"0,00";"26.200,51";"0,00";"75,97";"537,57";"0,00";"22.372,01";"0,08";"35,31";"3.398,021";"0,07";"1.654,750";"0,000";"0,000";"0,00";"0,00";"0,00"
"28,27";"MERCEARIA \ CEREAIS \ FARINACEOS \ FLOCOS DE MILHO";"12.353,000";"4";"3,87";"47.768,60";"0,04";"10.152,30";"0,01";"21,25";"1,28";"15.794,58";"0,06";"33,06";"73,94";"42,51";"27.463,32";"21.421,22";"0,00";"0,00";"0,00";"10.552,80";"0,00";"0,33";"3,30";"0,00";"15.794,58";"0,05";"42,44";"5.550,660";"0,11";"5.854,500";"0,000";"0,000";"0,00";"0,00";"0,00"
"28,29";"MERCEARIA \ CEREAIS \ FARINACEOS \ FUBA";"5.469,000";"5";"4,42";"24.165,43";"0,02";"0,00";"0,00";"0,00";"1,86";"10.163,04";"0,04";"42,06";"82,64";"45,25";"13.230,95";"12.304,78";"0,00";"0,00";"0,00";"1.697,61";"0,00";"0,00";"0,00";"0,00";"10.163,04";"0,04";"45,23";"4.256,268";"0,09";"4.653,000";"0,000";"0,000";"0,00";"0,00";"0,00"
"28,29";"MERCEARIA \ CEREAIS \ FARINACEOS \ GERMEN DE TRIGO";"9,000";"1";"19,98";"179,82";"0,00";"0,00";"0,00";"0,00";"5,41";"48,70";"0,00";"27,08";"78,57";"44,00";"100,70";"78,55";"0,00";"0,00";"0,00";"52,57";"0,00";"0,09";"1,17";"0,00";"48,70";"0,00";"38,27";"0,000";"0,00";"4,500";"0,000";"0,000";"0,00";"0,00";"0,00"
"28,38";"MERCEARIA \ CEREAIS \ FARINACEOS \ GRANOLA";"6.071,000";"22";"16,23";"98.510,15";"0,09";"34.200,96";"0,03";"34,72";"4,78";"29.002,47";"0,10";"29,44";"63,10";"38,69";"60.398,04";"54.394,74";"0,00";"0,00";"0,00";"15.112,94";"0,00";"67,51";"657,30";"0,00";"29.002,47";"0,10";"34,78";"2.012,795";"0,04";"1.690,400";"0,000";"0,000";"0,00";"0,00";"0,00"
"28,38";"MERCEARIA \ CEREAIS \ FARINACEOS \ LEVEDO";"9,000";"1";"13,99";"125,91";"0,00";"0,00";"0,00";"0,00";"2,60";"23,41";"0,00";"18,59";"49,04";"32,90";"84,48";"65,69";"0,00";"0,00";"0,00";"36,80";"0,00";"0,08";"0,72";"0,00";"23,41";"0,00";"26,27";"0,000";"0,00";"1,350";"0,000";"0,000";"0,00";"0,00";"0,00"
"28,38";"MERCEARIA \ CEREAIS \ FARINACEOS \ MANDIOCA";"21,000";"1";"20,29";"426,16";"0,00";"0,00";"0,00";"0,00";"3,32";"69,64";"0,00";"16,34";"47,41";"32,16";"289,10";"254,41";"8,30";"0,00";"0,00";"93,81";"0,00";"0,35";"2,58";"0,00";"77,94";"0,00";"23,45";"0,000";"0,00";"0,000";"0,000";"0,000";"0,00";"0,00";"0,00"
"28,40";"MERCEARIA \ CEREAIS \ FARINACEOS \ MISTURA FARINHAS";"1.504,000";"5";"16,30";"24.516,06";"0,02";"0,00";"0,00";"0,00";"5,01";"7.531,32";"0,03";"30,72";"93,30";"48,27";"12.682,75";"9.819,09";"0,00";"0,00";"0,00";"7.165,65";"0,00";"14,07";"136,44";"0,00";"7.531,32";"0,03";"43,41";"422,503";"0,01";"297,500";"0,000";"0,000";"0,00";"0,00";"0,00"
"28,40";"MERCEARIA \ CEREAIS \ FARINACEOS \ POLENTA";"27,000";"2";"28,05";"757,30";"0,00";"0,00";"0,00";"0,00";"6,54";"176,45";"0,00";"23,30";"79,65";"44,34";"421,55";"378,21";"0,00";"0,00";"0,00";"202,64";"0,00";"0,32";"2,56";"0,00";"176,45";"0,00";"31,81";"10,120";"0,00";"7,000";"0,014";"54.092,857";"0,00";"0,00";"0,00"
"28,41";"MERCEARIA \ CEREAIS \ FARINACEOS \ POLVILHO";"1.284,000";"4";"7,64";"9.808,29";"0,01";"0,00";"0,00";"0,00";"2,37";"3.047,04";"0,01";"31,07";"77,13";"43,54";"5.537,42";"3.893,59";"0,00";"0,00";"0,00";"2.867,67";"0,00";"7,84";"56,83";"0,00";"3.047,04";"0,01";"43,90";"596,786";"0,01";"477,000";"0,000";"0,000";"0,00";"0,00";"0,00"
"28,41";"MERCEARIA \ CEREAIS \ FARINACEOS \ PROTEINA";"214,000";"2";"14,69";"3.142,78";"0,00";"0,00";"0,00";"0,00";"4,46";"954,95";"0,00";"30,39";"63,82";"38,96";"1.918,48";"1.496,39";"0,00";"0,00";"0,00";"691,44";"0,00";"0,03";"7,90";"0,00";"954,95";"0,00";"38,96";"88,382";"0,00";"85,600";"0,000";"0,000";"0,00";"0,00";"0,00"
"28,41";"MERCEARIA \ CEREAIS \ FARINACEOS \ QUINOA";"19,000";"1";"23,99";"455,81";"0,00";"0,00";"0,00";"0,00";"5,82";"110,55";"0,00";"24,25";"67,56";"40,32";"272,03";"212,05";"0,00";"0,00";"0,00";"133,20";"0,00";"0,36";"2,70";"0,00";"110,55";"0,00";"34,27";"0,000";"0,00";"0,000";"0,000";"0,000";"0,00";"0,00";"0,00"
"28,42";"MERCEARIA \ CEREAIS \ FARINACEOS \ SEMENTES";"1.133,000";"7";"10,26";"11.622,59";"0,01";"6.860,48";"0,01";"59,03";"3,49";"3.957,62";"0,01";"34,05";"112,90";"53,03";"5.459,10";"4.267,36";"0,00";"0,00";"0,00";"3.397,61";"0,00";"0,13";"29,66";"0,00";"3.957,62";"0,01";"48,12";"76,141";"0,00";"158,650";"0,000";"0,000";"0,00";"0,00";"0,00"
"28,52";"MERCEARIA \ CEREAIS \ FARINACEOS \ TAPIOCA";"15.767,000";"7";"7,11";"112.123,02";"0,10";"28.492,81";"0,03";"25,41";"1,95";"30.732,46";"0,11";"27,41";"75,76";"43,10";"63.794,54";"48.587,32";"0,00";"0,00";"0,00";"32.803,25";"0,00";"0,00";"0,00";"0,00";"30.732,46";"0,11";"38,75";"7.540,930";"0,15";"2.859,200";"0,000";"0,000";"0,00";"0,00";"0,00"
"28,53";"MERCEARIA \ CEREAIS \ FARINACEOS \ TRIGO PARA KIBE";"1.626,000";"3";"6,01";"9.772,19";"0,01";"3.063,45";"0,00";"31,35";"1,52";"2.465,14";"0,01";"25,23";"59,51";"37,31";"6.126,45";"4.447,19";"0,00";"0,00";"0,00";"2.859,86";"0,00";"0,11";"57,21";"0,00";"2.465,14";"0,01";"35,66";"789,168";"0,02";"555,000";"0,000";"0,000";"0,00";"0,00";"0,00"
"28,70";"MERCEARIA \ CEREAIS \ FEIJAO \ FEIJAO COLORIDO";"21.639,000";"34";"8,44";"182.733,73";"0,17";"58.425,31";"0,05";"31,97";"2,73";"59.080,11";"0,21";"32,33";"54,13";"35,12";"118.561,87";"114.825,05";"0,00";"0,00";"0,00";"8.828,57";"0,00";"0,00";"0,00";"0,00";"59.080,11";"0,21";"33,97";"11.796,084";"0,24";"6.126,600";"0,000";"0,000";"0,00";"0,00";"0,00"
"28,95";"MERCEARIA \ CEREAIS \ FEIJAO \ FEIJAO PRETO";"43.276,000";"8";"6,33";"273.853,45";"0,25";"117.333,66";"0,11";"42,85";"1,40";"60.494,37";"0,21";"22,09";"31,48";"23,94";"208.281,17";"200.352,04";"0,00";"0,00";"0,00";"13.007,04";"0,00";"0,00";"0,00";"0,00";"60.494,37";"0,21";"23,19";"43.738,293";"0,88";"22.417,000";"0,000";"0,000";"0,00";"0,00";"0,00"
"28,96";"MERCEARIA \ CEREAIS \ GRAOS \ AMENDOIM";"1.033,000";"2";"9,28";"9.586,29";"0,01";"0,00";"0,00";"0,00";"2,37";"2.446,61";"0,01";"25,52";"62,49";"38,46";"5.899,50";"4.335,00";"0,00";"0,00";"0,00";"2.804,68";"0,00";"0,06";"19,95";"0,00";"2.446,61";"0,01";"36,08";"235,110";"0,00";"286,000";"0,000";"0,000";"0,00";"0,00";"0,00"
"29,00";"MERCEARIA \ CEREAIS \ GRAOS \ CANJICA";"9.110,000";"8";"4,64";"42.313,23";"0,04";"19.115,30";"0,02";"45,18";"1,44";"13.139,24";"0,05";"31,05";"80,68";"44,65";"23.418,93";"17.415,08";"0,00";"0,00";"0,00";"11.758,91";"0,00";"0,00";"0,00";"0,00";"13.139,24";"0,05";"43,00";"4.124,324";"0,08";"3.798,200";"0,000";"0,000";"0,00";"0,00";"0,00"
"29,08";"MERCEARIA \ CEREAIS \ GRAOS \ ERVILHA CEREAIS";"12.810,000";"4";"6,57";"84.218,47";"0,08";"73.841,28";"0,07";"87,68";"1,92";"24.640,09";"0,09";"29,26";"66,93";"40,09";"50.452,81";"39.353,16";"1.662,67";"0,00";"0,00";"18.562,55";"0,00";"0,75";"250,96";"0,00";"26.302,76";"0,09";"40,06";"5.627,757";"0,11";"5.145,400";"0,000";"0,000";"0,00";"0,00";"0,00"
"29,08";"MERCEARIA \ CEREAIS \ GRAOS \ GERGELIM";"67,000";"1";"16,09";"1.077,85";"0,00";"0,00";"0,00";"0,00";"4,01";"268,78";"0,00";"24,94";"70,16";"41,23";"633,42";"494,07";"0,00";"0,00";"0,00";"315,00";"0,00";"0,00";"2,52";"0,00";"268,78";"0,00";"35,23";"0,000";"0,00";"0,000";"0,000";"0,000";"0,00";"0,00";"0,00"
"29,10";"MERCEARIA \ CEREAIS \ GRAOS \ GRAO DE BICO";"1.787,000";"4";"10,88";"19.449,62";"0,02";"0,00";"0,00";"0,00";"3,17";"5.664,49";"0,02";"29,12";"66,10";"39,79";"11.709,87";"9.133,66";"366,81";"0,00";"0,00";"4.284,66";"0,00";"0,04";"52,59";"0,00";"6.031,30";"0,02";"39,77";"818,031";"0,02";"579,400";"0,000";"0,000";"0,00";"0,00";"0,00"
"29,12";"MERCEARIA \ CEREAIS \ GRAOS \ LENTILHA";"1.953,000";"3";"10,69";"20.872,75";"0,02";"0,00";"0,00";"0,00";"3,07";"6.004,37";"0,02";"28,77";"64,94";"39,37";"12.654,85";"9.870,78";"397,88";"0,00";"0,00";"4.599,72";"0,00";"0,15";"57,01";"0,00";"6.402,25";"0,02";"39,34";"799,495";"0,02";"775,500";"0,000";"0,000";"0,00";"0,00";"0,00"
"29,25";"MERCEARIA \ CEREAIS \ GRAOS \ MILHO PIPOCA";"32.327,000";"19";"4,49";"145.087,11";"0,13";"114.697,93";"0,11";"79,05";"1,38";"44.726,54";"0,16";"30,83";"73,65";"42,41";"83.551,96";"72.892,92";"0,00";"0,00";"0,00";"27.467,65";"0,00";"9,59";"743,77";"0,00";"44.726,54";"0,16";"38,03";"8.749,529";"0,18";"6.839,020";"0,000";"0,000";"0,00";"0,00";"0,00"
"29,25";"MERCEARIA \ CEREAIS \ GRAOS \ SAGU";"169,000";"1";"9,03";"1.525,83";"0,00";"0,00";"0,00";"0,00";"2,80";"472,54";"0,00";"30,97";"66,02";"39,76";"919,09";"716,89";"0,00";"0,00";"0,00";"336,40";"0,00";"1,59";"9,62";"0,00";"472,54";"0,00";"39,73";"86,528";"0,00";"84,500";"0,000";"0,000";"0,00";"0,00";"0,00"
"29,32";"MERCEARIA \ CONSERVAS \ ATOMATADOS \ EXTRATO DE TOMATE";"9.719,000";"10";"7,44";"72.321,85";"0,07";"7.008,76";"0,01";"9,69";"2,08";"20.221,74";"0,07";"27,96";"55,94";"35,87";"46.376,79";"45.410,34";"0,00";"0,00";"0,00";"6.689,77";"0,00";"73,69";"558,41";"0,00";"20.221,74";"0,07";"30,81";"2.911,925";"0,06";"2.122,480";"0,000";"0,000";"0,00";"0,00";"0,00"
"29,58";"MERCEARIA \ CONSERVAS \ ATOMATADOS \ MOLHOS DE TOMATE";"93.105,000";"37";"2,98";"277.214,33";"0,26";"21.690,60";"0,02";"7,82";"0,95";"88.207,39";"0,31";"31,82";"62,97";"38,64";"170.097,00";"163.364,62";"0,00";"0,00";"0,00";"25.642,33";"0,00";"88,39";"2.195,71";"0,00";"88.207,39";"0,31";"35,06";"29.681,869";"0,60";"17.915,580";"0,000";"0,000";"0,00";"0,00";"0,00"
"29,68";"MERCEARIA \ CONSERVAS \ ATOMATADOS \ PASSATA DE TOMATE";"7.424,000";"10";"14,84";"110.208,52";"0,10";"0,00";"0,00";"0,00";"4,35";"32.316,85";"0,11";"29,32";"53,27";"34,76";"71.902,92";"67.697,38";"0,00";"0,00";"0,00";"10.194,29";"0,00";"76,38";"788,56";"0,00";"32.316,85";"0,11";"32,31";"5.318,433";"0,11";"3.688,750";"0,000";"0,000";"0,00";"0,00";"0,00"
"29,70";"MERCEARIA \ CONSERVAS \ ATOMATADOS \ POLPA DE TOMATE";"1.644,000";"4";"11,29";"18.567,72";"0,02";"0,00";"0,00";"0,00";"3,52";"5.789,85";"0,02";"31,18";"56,37";"36,05";"11.874,56";"11.060,36";"0,00";"0,00";"0,00";"1.717,51";"0,00";"19,52";"147,69";"0,00";"5.789,85";"0,02";"34,36";"439,008";"0,01";"424,320";"0,000";"0,000";"0,00";"0,00";"0,00"
"29,73";"MERCEARIA \ CONSERVAS \ ATOMATADOS \ TOMATE PELADO";"2.748,000";"7";"10,22";"28.074,95";"0,03";"0,00";"0,00";"0,00";"3,34";"9.190,81";"0,03";"32,74";"63,31";"38,77";"17.191,01";"16.287,20";"0,00";"0,00";"0,00";"2.596,93";"0,00";"24,86";"200,47";"0,00";"9.190,81";"0,03";"36,07";"1.245,900";"0,03";"781,600";"0,128";"219.335,547";"0,00";"0,00";"0,00"
"29,86";"MERCEARIA \ CONSERVAS \ CONDIMENTOS \ CONDIMENTOS";"31.208,000";"57";"4,57";"142.637,10";"0,13";"0,00";"0,00";"0,00";"1,57";"48.877,98";"0,17";"34,27";"92,98";"48,18";"73.912,49";"55.238,46";"73,43";"0,00";"0,00";"38.447,24";"0,00";"49,63";"856,58";"0,00";"48.951,40";"0,17";"46,98";"502,138";"0,01";"102,973";"0,000";"0,000";"0,00";"0,00";"0,00"
"29,90";"MERCEARIA \ CONSERVAS \ MAIONESE \ MAIONESE ESPECIAL";"2.639,000";"5";"15,36";"40.547,31";"0,04";"0,00";"0,00";"0,00";"3,69";"9.732,26";"0,03";"24,00";"43,02";"30,08";"28.350,42";"27.064,42";"0,00";"0,00";"0,00";"3.750,63";"0,00";"25,16";"299,16";"0,00";"9.732,26";"0,03";"26,45";"1.168,102";"0,02";"279,540";"0,000";"0,000";"0,00";"0,00";"0,00"
"30,11";"MERCEARIA \ CONSERVAS \ MAIONESE \ MAIONESE TRADICIONAL";"19.392,000";"18";"11,61";"225.188,05";"0,21";"47.801,98";"0,04";"21,23";"3,11";"60.245,22";"0,21";"26,75";"54,53";"35,29";"145.723,46";"135.888,18";"0,00";"0,00";"0,00";"29.054,65";"0,00";"187,34";"1.691,90";"0,00";"60.245,22";"0,21";"30,72";"9.172,241";"0,18";"3.866,765";"0,000";"0,000";"0,00";"0,00";"0,00"
"30,11";"MERCEARIA \ CONSERVAS \ MOLHOS \ CALDA";"25,000";"1";"50,10";"1.252,60";"0,00";"0,00";"0,00";"0,00";"9,83";"245,85";"0,00";"19,63";"55,00";"35,48";"808,12";"640,76";"0,00";"0,00";"0,00";"365,99";"0,00";"0,80";"6,40";"0,00";"245,85";"0,00";"27,73";"0,000";"0,00";"0,000";"0,000";"0,000";"0,00";"0,00";"0,00"
"30,31";"MERCEARIA \ CONSERVAS \ MOLHOS \ CATCHUP";"19.142,000";"22";"11,47";"219.476,11";"0,20";"33.368,28";"0,03";"15,20";"3,38";"64.741,12";"0,23";"29,50";"60,85";"37,83";"136.446,60";"122.314,18";"0,00";"0,00";"0,00";"32.420,81";"0,00";"177,18";"1.589,14";"0,00";"64.741,12";"0,22";"34,61";"9.231,209";"0,19";"135.187,707";"0,216";"1.016.093,102";"0,00";"0,00";"0,00"
"30,32";"MERCEARIA \ CONSERVAS \ MOLHOS \ MOLHO BARBECUE";"1.137,000";"5";"14,07";"15.999,31";"0,01";"0,00";"0,00";"0,00";"4,40";"5.007,74";"0,02";"31,30";"54,59";"35,31";"10.349,47";"9.511,63";"0,00";"0,00";"0,00";"1.479,94";"0,00";"16,54";"124,35";"0,00";"5.007,74";"0,02";"34,49";"334,168";"0,01";"74,580";"0,000";"0,000";"0,00";"0,00";"0,00"
"30,32";"MERCEARIA \ CONSERVAS \ MOLHOS \ MOLHO DE ALHO";"559,000";"4";"4,75";"2.655,79";"0,00";"1.437,65";"0,00";"54,13";"1,71";"956,72";"0,00";"36,02";"72,02";"41,87";"1.543,85";"1.453,41";"0,00";"0,00";"0,00";"245,66";"0,00";"0,21";"19,97";"0,00";"956,72";"0,00";"39,70";"43,690";"0,00";"24,300";"0,037";"71.778,108";"0,00";"0,00";"0,00"
"30,34";"MERCEARIA \ CONSERVAS \ MOLHOS \ MOLHO DE PIMENTA";"1.921,000";"12";"10,66";"20.481,56";"0,02";"3.235,55";"0,00";"15,80";"3,02";"5.809,20";"0,02";"28,36";"48,98";"32,88";"13.747,81";"12.734,19";"0,00";"0,00";"0,00";"1.938,18";"0,00";"11,37";"148,39";"0,00";"5.809,20";"0,02";"31,33";"220,761";"0,00";"51,495";"0,052";"393.876,154";"0,00";"0,00";"0,00"
"30,40";"MERCEARIA \ CONSERVAS \ MOLHOS \ MOLHO ESPECIAL";"5.525,000";"41";"10,88";"60.120,17";"0,06";"2.833,87";"0,00";"4,71";"3,35";"18.535,49";"0,06";"30,83";"55,24";"35,58";"38.727,02";"35.188,56";"0,00";"0,00";"0,00";"6.396,12";"0,00";"59,65";"437,31";"0,00";"18.535,49";"0,06";"34,50";"1.090,785";"0,02";"979,490";"0,093";"646.453,441";"0,00";"0,00";"0,00"
"30,41";"MERCEARIA \ CONSERVAS \ MOLHOS \ MOLHO INGLES";"1.682,000";"4";"4,82";"8.099,62";"0,01";"3.981,69";"0,00";"49,16";"1,58";"2.657,30";"0,01";"32,81";"64,91";"39,36";"4.911,56";"4.547,25";"0,00";"0,00";"0,00";"895,07";"0,00";"0,53";"59,74";"0,00";"2.657,30";"0,01";"36,88";"209,694";"0,00";"72,900";"0,124";"65.319,516";"0,00";"0,00";"0,00"
"30,42";"MERCEARIA \ CONSERVAS \ MOLHOS \ MOLHO MADEIRA";"1.494,000";"2";"5,80";"8.671,30";"0,01";"0,00";"0,00";"0,00";"2,01";"3.010,05";"0,01";"34,71";"62,46";"38,45";"5.337,45";"4.859,16";"0,00";"0,00";"0,00";"802,10";"0,00";"14,07";"71,97";"0,00";"3.010,05";"0,01";"38,25";"366,606";"0,01";"344,400";"0,000";"0,000";"0,00";"0,00";"0,00"
"30,42";"MERCEARIA \ CONSERVAS \ MOLHOS \ MOLHO P.LANCHE";"428,000";"2";"7,49";"3.207,44";"0,00";"0,00";"0,00";"0,00";"2,55";"1.091,36";"0,00";"34,03";"62,66";"38,52";"1.971,87";"1.819,39";"0,00";"0,00";"0,00";"296,69";"0,00";"3,94";"25,80";"0,00";"1.091,36";"0,00";"37,49";"75,680";"0,00";"99,040";"0,000";"0,000";"0,00";"0,00";"0,00"
"30,43";"MERCEARIA \ CONSERVAS \ MOLHOS \ MOLHO P.SALADA";"879,000";"12";"9,45";"8.307,92";"0,01";"0,00";"0,00";"0,00";"2,90";"2.546,44";"0,01";"30,65";"52,56";"34,45";"5.445,69";"4.992,99";"0,00";"0,00";"0,00";"768,48";"0,00";"8,14";"60,47";"0,00";"2.546,44";"0,01";"33,77";"239,683";"0,00";"165,700";"0,000";"0,000";"0,00";"0,00";"0,00"
"30,46";"MERCEARIA \ CONSERVAS \ MOLHOS \ MOLHO SHOYU";"3.794,000";"16";"9,58";"36.336,68";"0,03";"3.742,70";"0,00";"10,30";"3,08";"11.689,89";"0,04";"32,17";"56,84";"36,24";"23.167,96";"21.285,65";"0,00";"0,00";"0,00";"3.361,14";"0,00";"20,76";"266,79";"0,00";"11.689,89";"0,04";"35,45";"634,576";"0,01";"492,550";"0,089";"408.277,303";"0,00";"0,00";"0,00"
"30,46";"MERCEARIA \ CONSERVAS \ MOLHOS \ MOLHO VERDE";"164,000";"1";"8,98";"1.472,72";"0,00";"0,00";"0,00";"0,00";"3,19";"523,56";"0,00";"35,55";"67,15";"40,17";"881,06";"812,93";"0,00";"0,00";"0,00";"136,23";"0,00";"1,46";"10,22";"0,00";"523,56";"0,00";"39,17";"37,720";"0,00";"32,800";"0,000";"0,000";"0,00";"0,00";"0,00"
"30,56";"MERCEARIA \ CONSERVAS \ MOLHOS \ MOSTARDAS";"7.253,000";"18";"14,12";"102.420,76";"0,10";"10.632,50";"0,01";"10,38";"4,24";"30.717,18";"0,11";"29,99";"54,99";"35,48";"66.084,14";"60.119,70";"0,00";"0,00";"0,00";"11.583,89";"0,00";"91,08";"764,04";"0,00";"30.717,18";"0,11";"33,82";"1.880,178";"0,04";"990,420";"0,000";"0,000";"0,00";"0,00";"0,00"
"30,57";"MERCEARIA \ CONSERVAS \ PASTAS \ PASTAS CONSERVA";"251,000";"9";"22,64";"5.682,78";"0,01";"0,00";"0,00";"0,00";"5,45";"1.367,77";"0,00";"24,07";"45,14";"31,10";"3.915,51";"3.189,93";"0,00";"0,00";"0,00";"1.125,08";"0,00";"2,53";"22,89";"0,00";"1.367,77";"0,00";"30,01";"0,000";"0,00";"25,470";"0,000";"0,000";"0,00";"0,00";"0,00"
"30,60";"MERCEARIA \ CONSERVAS \ PASTAS \ PATES CONSERVA";"3.305,000";"11";"10,42";"34.427,60";"0,03";"18.157,40";"0,02";"52,74";"2,95";"9.760,73";"0,03";"28,35";"51,19";"33,86";"22.771,70";"21.445,18";"0,00";"0,00";"0,00";"3.221,69";"0,00";"30,67";"255,70";"0,00";"9.760,73";"0,03";"31,28";"584,423";"0,01";"254,610";"0,130";"264.827,692";"0,00";"0,00";"0,00"
"30,60";"MERCEARIA \ CONSERVAS \ PESCADOS EM CONSERVA \ ANCHOVETA";"49,000";"3";"32,94";"1.614,20";"0,00";"0,00";"0,00";"0,00";"6,19";"303,16";"0,00";"18,78";"27,11";"21,33";"1.269,95";"1.161,73";"0,00";"0,00";"0,00";"149,31";"0,00";"1,16";"9,64";"0,00";"303,16";"0,00";"20,70";"0,000";"0,00";"19,528";"0,000";"0,000";"0,00";"0,00";"0,00"
"30,85";"MERCEARIA \ CONSERVAS \ PESCADOS EM CONSERVA \ ATUM";"21.849,000";"30";"12,13";"265.025,56";"0,25";"128.393,29";"0,12";"48,45";"3,36";"73.503,93";"0,26";"27,73";"47,89";"32,38";"179.208,97";"167.006,77";"0,00";"0,00";"0,00";"24.514,86";"0,00";"206,27";"1.956,65";"0,00";"73.503,93";"0,26";"30,56";"4.530,675";"0,09";"2.225,970";"4,004";"66.190,200";"0,00";"0,00";"0,00"
"30,95";"MERCEARIA \ CONSERVAS \ PESCADOS EM CONSERVA \ SARDINHA";"15.250,000";"14";"7,20";"109.874,58";"0,10";"82.651,43";"0,08";"75,22";"1,92";"29.294,03";"0,10";"26,66";"52,49";"34,42";"72.054,91";"63.427,76";"0,00";"0,00";"0,00";"17.152,79";"0,00";"138,73";"779,40";"0,00";"29.294,03";"0,10";"31,59";"2.541,811";"0,05";"1.522,620";"1,234";"89.039,368";"0,00";"0,00";"0,00"
"30,96";"MERCEARIA \ CONSERVAS \ PRATOS PRONTOS \ ALGA MARINHA";"164,000";"2";"58,72";"9.630,17";"0,01";"0,00";"0,00";"0,00";"7,70";"1.262,05";"0,00";"13,11";"37,71";"27,38";"6.993,08";"5.555,47";"0,00";"0,00";"0,00";"2.812,66";"0,00";"5,77";"54,99";"0,00";"1.262,05";"0,00";"18,51";"33,362";"0,00";"22,400";"0,000";"0,000";"0,00";"0,00";"0,00"
"30,96";"MERCEARIA \ CONSERVAS \ PRATOS PRONTOS \ ALMONDEGA";"43,000";"1";"13,98";"601,14";"0,00";"0,00";"0,00";"0,00";"3,92";"168,36";"0,00";"28,01";"46,32";"31,65";"410,85";"377,17";"0,00";"0,00";"0,00";"55,61";"0,00";"0,40";"4,40";"0,00";"168,36";"0,00";"30,86";"0,000";"0,00";"0,000";"0,000";"0,000";"0,00";"0,00";"0,00"
"30,96";"MERCEARIA \ CONSERVAS \ PRATOS PRONTOS \ FEIJOADA";"229,000";"2";"19,03";"4.358,79";"0,00";"0,00";"0,00";"0,00";"5,17";"1.183,15";"0,00";"27,14";"44,02";"30,56";"3.026,55";"2.772,45";"0,00";"0,00";"0,00";"403,19";"0,00";"3,40";"32,93";"0,00";"1.183,15";"0,00";"29,91";"0,000";"0,00";"32,500";"0,000";"0,000";"0,00";"0,00";"0,00"
"30,96";"MERCEARIA \ CONSERVAS \ PRATOS PRONTOS \ FIAMBRE";"194,000";"1";"12,98";"2.518,12";"0,00";"0,00";"0,00";"0,00";"3,44";"668,09";"0,00";"26,53";"42,78";"29,96";"1.763,62";"1.617,10";"0,00";"0,00";"0,00";"232,93";"0,00";"1,89";"20,79";"0,00";"668,09";"0,00";"29,24";"0,000";"0,00";"62,080";"0,000";"0,000";"0,00";"0,00";"0,00"
"30,96";"MERCEARIA \ CONSERVAS \ PRATOS PRONTOS \ PRATOS PRONTOS ESPECIAIS";"115,000";"1";"28,72";"3.303,30";"0,00";"0,00";"0,00";"0,00";"6,24";"717,79";"0,00";"21,73";"32,41";"24,48";"2.494,76";"2.279,95";"0,00";"0,00";"0,00";"305,56";"0,00";"3,07";"24,12";"0,00";"717,79";"0,00";"23,94";"52,555";"0,00";"46,000";"0,000";"0,000";"0,00";"0,00";"0,00"
"30,97";"MERCEARIA \ CONSERVAS \ PRATOS PRONTOS \ SALSICHA EM CONSERVA";"1.180,000";"4";"5,60";"6.612,13";"0,01";"0,00";"0,00";"0,00";"1,44";"1.696,17";"0,01";"25,65";"43,51";"30,32";"4.607,50";"3.885,23";"0,00";"0,00";"0,00";"1.030,73";"0,00";"3,60";"49,38";"0,00";"1.696,17";"0,01";"30,39";"171,305";"0,00";"0,000";"0,000";"0,000";"0,00";"0,00";"0,00"
"30,99";"MERCEARIA \ CONSERVAS \ SAL \ SAL ESPECIAL";"2.003,000";"16";"10,36";"20.741,58";"0,02";"847,70";"0,00";"4,09";"2,92";"5.847,86";"0,02";"28,19";"51,58";"34,03";"13.683,35";"12.397,99";"0,00";"0,00";"0,00";"2.495,74";"0,00";"17,98";"141,55";"0,00";"5.847,86";"0,02";"32,05";"499,307";"0,01";"13,950";"0,000";"0,000";"0,00";"0,00";"0,00"
"31,01";"MERCEARIA \ CONSERVAS \ SAL \ SAL GROSSO";"3.171,000";"11";"6,62";"20.977,26";"0,02";"0,00";"0,00";"0,00";"2,64";"8.387,29";"0,03";"39,98";"98,95";"49,74";"10.543,74";"9.619,40";"0,00";"0,00";"0,00";"2.970,56";"0,00";"8,18";"61,70";"0,00";"8.387,29";"0,03";"46,58";"2.597,555";"0,05";"1.298,000";"0,000";"0,000";"0,00";"0,00";"0,00"
"31,09";"MERCEARIA \ CONSERVAS \ SAL \ SAL REFINADO";"16.739,000";"8";"5,11";"85.604,81";"0,08";"4.136,00";"0,00";"4,83";"2,20";"36.789,50";"0,13";"42,98";"126,15";"55,78";"37.852,40";"34.886,12";"0,00";"0,00";"0,00";"13.929,19";"0,00";"5,09";"28,97";"0,00";"36.789,50";"0,13";"51,33";"15.242,424";"0,31";"256,800";"0,000";"0,000";"0,00";"0,00";"0,00"
"31,11";"MERCEARIA \ CONSERVAS \ SOPAS E CREMES \ CREME";"3.295,000";"6";"7,93";"26.113,12";"0,02";"19.798,61";"0,02";"75,82";"1,85";"6.081,08";"0,02";"23,29";"64,91";"39,36";"15.835,16";"12.392,85";"0,00";"0,00";"0,00";"7.639,19";"0,00";"23,34";"154,19";"0,00";"6.081,08";"0,02";"32,92";"174,377";"0,00";"139,308";"0,000";"0,000";"0,00";"0,00";"0,00"
"31,12";"MERCEARIA \ CONSERVAS \ SOPAS E CREMES \ SOPA";"1.879,000";"14";"8,16";"15.333,74";"0,01";"0,00";"0,00";"0,00";"2,04";"3.833,35";"0,01";"25,00";"71,02";"41,53";"8.965,96";"7.013,62";"0,00";"0,00";"0,00";"4.486,77";"0,00";"8,29";"89,75";"0,00";"3.833,35";"0,01";"35,34";"202,042";"0,00";"173,044";"0,077";"199.139,481";"0,00";"0,00";"0,00"
"31,15";"MERCEARIA \ CONSERVAS \ TEMPEROS \ ALHO TEMPEROS";"2.683,000";"8";"12,49";"33.498,98";"0,03";"0,00";"0,00";"0,00";"3,30";"8.864,45";"0,03";"26,46";"56,53";"36,11";"21.401,34";"16.715,79";"576,11";"0,00";"0,00";"7.342,63";"0,00";"2,85";"79,86";"0,00";"9.440,56";"0,03";"36,09";"576,655";"0,01";"529,400";"0,000";"0,000";"0,00";"0,00";"0,00"
"31,19";"MERCEARIA \ CONSERVAS \ TEMPEROS \ CALDO";"13.600,000";"30";"3,31";"44.986,67";"0,04";"22.061,19";"0,02";"49,04";"0,88";"11.990,70";"0,04";"26,65";"78,62";"44,02";"25.185,02";"19.819,85";"0,00";"0,00";"0,00";"13.176,12";"0,00";"0,31";"279,93";"0,00";"11.990,70";"0,04";"37,69";"768,913";"0,02";"352,304";"0,000";"0,000";"0,00";"0,00";"0,00"
"31,33";"MERCEARIA \ CONSERVAS \ TEMPEROS \ TEMPEROS";"23.236,000";"95";"6,61";"153.604,52";"0,14";"26.001,20";"0,02";"16,93";"2,10";"48.740,04";"0,17";"31,73";"63,15";"38,71";"94.150,83";"86.109,70";"0,16";"0,00";"0,00";"18.754,63";"0,00";"118,84";"1.135,14";"0,00";"48.740,19";"0,17";"36,14";"1.781,115";"0,04";"693,230";"0,208";"738.483,269";"0,00";"0,00";"0,00"
"31,33";"MERCEARIA \ CONSERVAS \ VEGETAIS EM CONSERVA \ ALCACHOFRA";"13,000";"1";"29,90";"388,70";"0,00";"0,00";"0,00";"0,00";"6,23";"81,00";"0,00";"20,84";"30,64";"23,45";"297,54";"271,74";"0,00";"0,00";"0,00";"35,95";"0,00";"0,30";"2,40";"0,00";"81,00";"0,00";"22,96";"0,000";"0,00";"3,185";"0,000";"0,000";"0,00";"0,00";"0,00"
"31,34";"MERCEARIA \ CONSERVAS \ VEGETAIS EM CONSERVA \ ALCAPARRA";"1.200,000";"3";"12,13";"14.551,74";"0,01";"0,00";"0,00";"0,00";"3,80";"4.563,57";"0,02";"31,36";"53,75";"34,96";"9.464,51";"8.642,13";"0,00";"0,00";"0,00";"1.346,04";"0,00";"10,81";"108,32";"0,00";"4.563,57";"0,02";"34,56";"187,145";"0,00";"65,840";"0,000";"0,000";"0,00";"0,00";"0,00"
"31,34";"MERCEARIA \ CONSERVAS \ VEGETAIS EM CONSERVA \ ASPARGO";"125,800";"2";"20,86";"2.624,25";"0,00";"0,00";"0,00";"0,00";"6,85";"861,92";"0,00";"32,84";"57,54";"36,53";"1.665,72";"1.519,59";"0,00";"0,00";"0,00";"242,74";"0,00";"2,28";"18,50";"0,00";"861,92";"0,00";"36,19";"0,000";"0,00";"25,174";"0,000";"0,000";"0,00";"0,00";"0,00"
"31,49";"MERCEARIA \ CONSERVAS \ VEGETAIS EM CONSERVA \ AZEITONA";"15.895,000";"55";"10,37";"164.857,79";"0,15";"47.514,67";"0,04";"28,82";"3,22";"51.205,72";"0,18";"31,06";"58,56";"36,93";"103.969,57";"98.402,72";"0,00";"0,00";"0,00";"15.249,35";"0,00";"162,41";"1.244,96";"0,00";"51.205,72";"0,18";"34,23";"3.378,550";"0,07";"1.577,580";"0,000";"0,000";"0,00";"0,00";"0,00"
"31,49";"MERCEARIA \ CONSERVAS \ VEGETAIS EM CONSERVA \ CEBOLINHA";"88,000";"3";"13,87";"1.220,78";"0,00";"0,00";"0,00";"0,00";"4,18";"367,43";"0,00";"30,10";"50,72";"33,65";"809,95";"740,43";"0,00";"0,00";"0,00";"112,92";"0,00";"0,84";"9,13";"0,00";"367,43";"0,00";"33,17";"0,000";"0,00";"0,000";"0,000";"0,000";"0,00";"0,00";"0,00"
"31,53";"MERCEARIA \ CONSERVAS \ VEGETAIS EM CONSERVA \ CHAMPIGNON";"4.851,000";"6";"8,05";"39.062,79";"0,04";"12.370,98";"0,01";"31,67";"1,60";"7.766,61";"0,03";"19,88";"55,08";"35,52";"25.188,67";"19.868,87";"0,00";"0,00";"0,00";"11.427,31";"0,00";"28,73";"225,22";"0,00";"7.766,61";"0,03";"28,10";"790,146";"0,02";"301,800";"0,000";"0,000";"0,00";"0,00";"0,00"
"31,53";"MERCEARIA \ CONSERVAS \ VEGETAIS EM CONSERVA \ CHUCRUTE";"21,000";"1";"38,98";"818,58";"0,00";"0,00";"0,00";"0,00";"9,38";"196,98";"0,00";"24,06";"36,08";"26,52";"601,53";"545,89";"0,00";"0,00";"0,00";"75,72";"0,00";"0,84";"6,72";"0,00";"196,98";"0,00";"26,52";"0,000";"0,00";"14,280";"0,000";"0,000";"0,00";"0,00";"0,00"
"31,53";"MERCEARIA \ CONSERVAS \ VEGETAIS EM CONSERVA \ COGUMELO";"296,000";"5";"17,93";"5.307,28";"0,00";"0,00";"0,00";"0,00";"3,19";"944,17";"0,00";"17,79";"50,08";"33,37";"3.536,27";"2.929,17";"42,04";"0,00";"0,00";"1.391,90";"0,00";"2,70";"22,97";"0,00";"986,21";"0,00";"25,19";"0,000";"0,00";"23,940";"0,000";"0,000";"0,00";"0,00";"0,00"
"31,54";"MERCEARIA \ CONSERVAS \ VEGETAIS EM CONSERVA \ DUETO ERVILHA E MILHO";"1.435,000";"2";"5,69";"8.160,40";"0,01";"0,00";"0,00";"0,00";"1,80";"2.577,02";"0,01";"31,58";"62,20";"38,35";"5.030,95";"4.828,54";"0,00";"0,00";"0,00";"754,84";"0,00";"5,59";"60,38";"0,00";"2.577,02";"0,01";"34,80";"546,303";"0,01";"103,870";"0,000";"0,000";"0,00";"0,00";"0,00"
"31,54";"MERCEARIA \ CONSERVAS \ VEGETAIS EM CONSERVA \ DUETO ERVILHA-CENOURA";"30,000";"1";"29,95";"898,50";"0,00";"0,00";"0,00";"0,00";"7,75";"232,51";"0,00";"25,88";"40,49";"28,82";"639,57";"582,88";"0,00";"0,00";"0,00";"83,11";"0,00";"0,83";"6,73";"0,00";"232,51";"0,00";"28,52";"0,000";"0,00";"0,000";"0,000";"0,000";"0,00";"0,00";"0,00"
"31,56";"MERCEARIA \ CONSERVAS \ VEGETAIS EM CONSERVA \ ERVILHA CONSERVA";"5.040,000";"6";"3,92";"19.755,29";"0,02";"8.757,56";"0,01";"44,33";"1,20";"6.062,98";"0,02";"30,69";"60,62";"37,74";"12.299,44";"11.864,95";"0,00";"0,00";"0,00";"1.827,36";"0,00";"2,69";"150,70";"0,00";"6.062,98";"0,02";"33,82";"1.449,404";"0,03";"0,000";"0,000";"0,000";"0,00";"0,00";"0,00"
"31,57";"MERCEARIA \ CONSERVAS \ VEGETAIS EM CONSERVA \ FEIJAO";"1.022,000";"10";"11,71";"11.971,37";"0,01";"0,00";"0,00";"0,00";"3,10";"3.167,40";"0,01";"26,46";"47,67";"32,28";"8.106,59";"7.538,88";"0,00";"0,00";"0,00";"1.265,09";"0,00";"9,40";"88,31";"0,00";"3.167,40";"0,01";"29,58";"6,000";"0,00";"187,300";"0,007";"1.710.195,714";"0,00";"0,00";"0,00"
"31,57";"MERCEARIA \ CONSERVAS \ VEGETAIS EM CONSERVA \ GENGIBRE";"5,000";"2";"21,94";"109,68";"0,00";"0,00";"0,00";"0,00";"5,32";"26,58";"0,00";"24,23";"41,96";"29,56";"77,26";"72,96";"0,00";"0,00";"0,00";"10,15";"0,00";"0,08";"0,89";"0,00";"26,58";"0,00";"26,70";"0,000";"0,00";"0,400";"0,000";"0,000";"0,00";"0,00";"0,00"
"31,58";"MERCEARIA \ CONSERVAS \ VEGETAIS EM CONSERVA \ GRAO DE BICO";"925,000";"5";"11,40";"10.549,41";"0,01";"0,00";"0,00";"0,00";"2,95";"2.732,64";"0,01";"25,90";"48,22";"32,53";"7.117,55";"6.469,60";"48,48";"0,00";"0,00";"1.298,70";"0,00";"8,16";"65,75";"0,00";"2.781,12";"0,01";"30,06";"260,451";"0,01";"215,470";"0,063";"167.450,952";"0,00";"0,00";"0,00"
"31,58";"MERCEARIA \ CONSERVAS \ VEGETAIS EM CONSERVA \ MACEDONIA";"3,000";"1";"23,98";"71,94";"0,00";"0,00";"0,00";"0,00";"6,74";"20,22";"0,00";"28,11";"46,76";"31,86";"49,02";"45,07";"0,00";"0,00";"0,00";"6,65";"0,00";"0,00";"0,00";"0,00";"20,22";"0,00";"30,97";"0,000";"0,00";"1,200";"0,000";"0,000";"0,00";"0,00";"0,00"
"31,70";"MERCEARIA \ CONSERVAS \ VEGETAIS EM CONSERVA \ MILHO VERDE";"28.828,000";"11";"4,40";"126.870,56";"0,12";"42.073,87";"0,04";"33,16";"1,49";"43.078,02";"0,15";"33,95";"71,60";"41,72";"73.934,35";"72.057,01";"0,00";"0,00";"0,00";"11.735,53";"0,00";"18,62";"951,82";"0,00";"43.078,02";"0,15";"37,42";"9.224,513";"0,19";"2.329,190";"0,000";"0,000";"0,00";"0,00";"0,00"
"31,83";"MERCEARIA \ CONSERVAS \ VEGETAIS EM CONSERVA \ PALMITO";"6.483,000";"21";"22,33";"144.735,44";"0,13";"24.423,18";"0,02";"16,87";"6,19";"40.132,63";"0,14";"27,73";"54,01";"35,07";"93.975,37";"89.921,52";"0,00";"0,00";"0,00";"14.681,29";"0,00";"123,11";"1.064,93";"0,00";"40.132,63";"0,14";"30,86";"3.998,295";"0,08";"883,490";"0,000";"0,000";"0,00";"0,00";"0,00"
"31,85";"MERCEARIA \ CONSERVAS \ VEGETAIS EM CONSERVA \ PEPINO";"778,000";"5";"26,23";"20.407,53";"0,02";"0,00";"0,00";"0,00";"8,31";"6.464,01";"0,02";"31,67";"54,72";"35,37";"13.190,40";"12.055,83";"0,00";"0,00";"0,00";"1.887,70";"0,00";"14,26";"150,18";"0,00";"6.464,01";"0,02";"34,90";"693,117";"0,01";"117,780";"0,000";"0,000";"0,00";"0,00";"0,00"
"31,85";"MERCEARIA \ CONSERVAS \ VEGETAIS EM CONSERVA \ PICKLES";"44,000";"1";"9,98";"439,12";"0,00";"0,00";"0,00";"0,00";"2,72";"119,50";"0,00";"27,21";"44,01";"30,56";"304,92";"279,00";"0,00";"0,00";"0,00";"40,62";"0,00";"0,38";"3,04";"0,00";"119,50";"0,00";"29,99";"24,420";"0,00";"8,800";"0,000";"0,000";"0,00";"0,00";"0,00"
"31,85";"MERCEARIA \ CONSERVAS \ VEGETAIS EM CONSERVA \ PIMENTA";"314,000";"7";"17,08";"5.363,24";"0,00";"0,00";"0,00";"0,00";"4,62";"1.449,49";"0,01";"27,03";"44,66";"30,87";"3.707,58";"3.417,65";"0,00";"0,00";"0,00";"496,10";"0,00";"4,48";"40,51";"0,00";"1.449,49";"0,01";"29,78";"49,680";"0,00";"27,350";"0,000";"0,000";"0,00";"0,00";"0,00"
"31,85";"MERCEARIA \ CONSERVAS \ VEGETAIS EM CONSERVA \ PIMENTAO";"10,000";"1";"29,98";"299,80";"0,00";"0,00";"0,00";"0,00";"8,47";"84,67";"0,00";"28,24";"45,36";"31,20";"206,25";"187,40";"0,00";"0,00";"0,00";"27,73";"0,00";"0,24";"1,92";"0,00";"84,67";"0,00";"31,12";"0,000";"0,00";"0,000";"0,000";"0,000";"0,00";"0,00";"0,00"
"31,85";"MERCEARIA \ CONSERVAS \ VEGETAIS EM CONSERVA \ SELETA LEGUMES";"506,000";"2";"5,65";"2.858,61";"0,00";"0,00";"0,00";"0,00";"1,71";"866,10";"0,00";"30,30";"58,32";"36,84";"1.805,60";"1.728,09";"0,00";"0,00";"0,00";"264,42";"0,00";"2,62";"20,94";"0,00";"866,10";"0,00";"33,39";"77,736";"0,00";"40,290";"0,000";"0,000";"0,00";"0,00";"0,00"
"31,85";"MERCEARIA \ CONSERVAS \ VEGETAIS EM CONSERVA \ TOMATE";"86,600";"1";"13,99";"1.211,93";"0,00";"0,00";"0,00";"0,00";"4,62";"399,99";"0,00";"33,00";"57,52";"36,52";"769,38";"699,84";"0,00";"0,00";"0,00";"112,10";"0,00";"0,89";"9,55";"0,00";"399,99";"0,00";"36,37";"0,000";"0,00";"34,640";"0,000";"0,000";"0,00";"0,00";"0,00"
"31,85";"MERCEARIA \ CONSERVAS \ VEGETAIS EM CONSERVA \ TREMOCOS";"52,000";"1";"19,09";"992,78";"0,00";"0,00";"0,00";"0,00";"6,17";"320,74";"0,00";"32,31";"56,13";"35,95";"635,88";"580,21";"0,00";"0,00";"0,00";"91,83";"0,00";"1,02";"8,19";"0,00";"320,74";"0,00";"35,60";"0,000";"0,00";"0,000";"0,000";"0,000";"0,00";"0,00";"0,00"
"31,89";"MERCEARIA \ CONSERVAS \ VINAGRE-VINHO CULINARIO \ VINAGRE ALCOOL";"8.819,000";"7";"5,23";"46.123,95";"0,04";"1.981,55";"0,00";"4,30";"1,70";"14.994,58";"0,05";"32,51";"79,16";"44,18";"25.744,74";"23.942,62";"0,00";"0,00";"0,00";"7.186,76";"0,00";"14,07";"336,31";"0,00";"14.994,58";"0,05";"38,51";"8.366,841";"0,17";"3.168,250";"0,000";"0,000";"0,00";"0,00";"0,00"
"31,90";"MERCEARIA \ CONSERVAS \ VINAGRE-VINHO CULINARIO \ VINAGRE ESPECIAL";"807,000";"15";"16,25";"13.110,31";"0,01";"0,00";"0,00";"0,00";"4,47";"3.604,42";"0,01";"27,49";"62,62";"38,51";"8.061,94";"7.100,02";"0,00";"0,00";"0,00";"2.405,87";"0,00";"10,53";"85,01";"0,00";"3.604,42";"0,01";"33,67";"176,890";"0,00";"25,250";"0,000";"0,000";"0,00";"0,00";"0,00"
"31,93";"MERCEARIA \ CONSERVAS \ VINAGRE-VINHO CULINARIO \ VINAGRE FRUTAS";"3.566,000";"9";"8,39";"29.912,43";"0,03";"5.226,92";"0,00";"17,47";"2,35";"8.388,36";"0,03";"28,04";"65,07";"39,42";"18.121,19";"16.852,60";"0,00";"0,00";"0,00";"4.671,47";"0,00";"34,82";"219,24";"0,00";"8.388,36";"0,03";"33,23";"1.952,410";"0,04";"568,750";"0,000";"0,000";"0,00";"0,00";"0,00"
"31,94";"MERCEARIA \ CONSERVAS \ VINAGRE-VINHO CULINARIO \ VINAGRE VINHO";"1.136,000";"8";"7,47";"8.481,59";"0,01";"832,09";"0,00";"9,81";"2,14";"2.434,05";"0,01";"28,70";"66,47";"39,93";"5.094,86";"4.724,50";"0,00";"0,00";"0,00";"1.323,04";"0,00";"11,00";"62,29";"0,00";"2.434,05";"0,01";"34,00";"0,000";"0,00";"122,625";"0,000";"0,000";"0,00";"0,00";"0,00"
"31,94";"MERCEARIA \ CONSERVAS \ VINAGRE-VINHO CULINARIO \ VINHO";"19,000";"1";"37,99";"721,81";"0,00";"0,00";"0,00";"0,00";"4,15";"78,88";"0,00";"10,93";"31,98";"24,23";"546,92";"399,25";"0,00";"0,00";"0,00";"243,68";"0,00";"0,48";"3,68";"0,00";"78,88";"0,00";"16,50";"0,000";"0,00";"0,000";"0,000";"0,000";"0,00";"0,00";"0,00"
"31,95";"MERCEARIA \ MASSAS \ MASSAS ALETR-C ANJO-CAPEL \ MASSAS ALETR-C ANJO-CAPEL";"1.270,000";"3";"9,98";"12.677,36";"0,01";"407,32";"0,00";"3,21";"3,09";"3.926,03";"0,01";"30,97";"49,95";"33,31";"8.454,52";"7.862,66";"0,00";"0,00";"0,00";"888,67";"0,00";"0,00";"0,00";"0,00";"3.926,03";"0,01";"33,30";"276,018";"0,01";"0,000";"0,000";"0,000";"0,00";"0,00";"0,00"
"31,95";"MERCEARIA \ MASSAS \ MASSAS CARACOL \ MASSAS CARACOL";"25,000";"1";"15,90";"397,50";"0,00";"0,00";"0,00";"0,00";"4,59";"114,85";"0,00";"28,89";"49,71";"33,20";"265,52";"254,90";"0,00";"0,00";"0,00";"27,75";"0,00";"0,00";"0,00";"0,00";"114,85";"0,00";"31,06";"12,750";"0,00";"12,500";"0,000";"0,000";"0,00";"0,00";"0,00"
"31,95";"MERCEARIA \ MASSAS \ MASSAS CONCHINHA \ MASSAS CONCHINHA";"460,000";"2";"5,88";"2.703,70";"0,00";"44,91";"0,00";"1,66";"1,65";"757,11";"0,00";"28,00";"43,95";"30,53";"1.878,17";"1.756,83";"0,00";"0,00";"0,00";"189,76";"0,00";"0,00";"0,00";"0,00";"757,11";"0,00";"30,12";"223,380";"0,00";"11,000";"0,000";"0,000";"0,00";"0,00";"0,00"
"32,10";"MERCEARIA \ MASSAS \ MASSAS ESPAGUETE \ MASSAS ESPAGUETE";"26.225,000";"24";"6,21";"162.828,78";"0,15";"102.523,83";"0,10";"62,96";"1,71";"44.794,30";"0,16";"27,51";"42,28";"29,72";"114.442,73";"106.637,86";"0,00";"0,00";"0,00";"11.396,62";"0,00";"0,00";"0,00";"0,00";"44.794,30";"0,16";"29,58";"20.097,885";"0,40";"16.779,600";"0,269";"605.311,450";"0,00";"0,00";"0,00"
"32,13";"MERCEARIA \ MASSAS \ MASSAS ESPECIAIS \ MASSAS ESPECIAIS SECA";"3.480,000";"25";"9,48";"32.985,36";"0,03";"3.948,61";"0,00";"11,97";"2,65";"9.227,69";"0,03";"27,98";"50,20";"33,42";"21.961,34";"20.137,23";"19,45";"0,00";"0,00";"3.600,99";"0,00";"0,27";"2,97";"0,00";"9.247,14";"0,03";"31,47";"1.318,901";"0,03";"695,980";"0,000";"0,000";"0,00";"0,00";"0,00"
"32,14";"MERCEARIA \ MASSAS \ MASSAS FARFALE \ MASSAS FARFALE";"593,000";"3";"13,96";"8.276,72";"0,01";"349,50";"0,00";"4,22";"4,15";"2.459,60";"0,01";"29,72";"46,98";"31,96";"5.631,14";"5.236,94";"0,00";"0,00";"0,00";"580,18";"0,00";"0,00";"0,00";"0,00";"2.459,60";"0,01";"31,96";"109,512";"0,00";"0,000";"0,000";"0,000";"0,00";"0,00";"0,00"
"32,16";"MERCEARIA \ MASSAS \ MASSAS FIDELINHO \ MASSAS FIDELINHO";"4.436,000";"5";"5,12";"22.718,43";"0,02";"8.534,48";"0,01";"37,57";"1,60";"7.118,06";"0,02";"31,33";"50,77";"33,67";"15.068,59";"14.013,82";"0,00";"0,00";"0,00";"1.586,55";"0,00";"0,00";"0,00";"0,00";"7.118,06";"0,02";"33,68";"1.928,048";"0,04";"315,200";"0,000";"0,000";"0,00";"0,00";"0,00"
"32,19";"MERCEARIA \ MASSAS \ MASSAS GRANO DURO \ MASSAS GRANO DURO";"2.999,000";"30";"11,36";"34.067,94";"0,03";"111,84";"0,00";"0,33";"3,57";"10.714,69";"0,04";"31,45";"52,87";"34,58";"22.285,96";"21.010,95";"0,00";"0,00";"0,00";"2.342,30";"0,00";"0,00";"0,00";"0,00";"10.714,69";"0,04";"33,77";"732,372";"0,01";"380,400";"0,000";"0,000";"0,00";"0,00";"0,00"
"32,20";"MERCEARIA \ MASSAS \ MASSAS GRAVATA \ MASSAS GRAVATA";"1.049,000";"2";"5,90";"6.193,88";"0,01";"2.664,29";"0,00";"43,01";"1,70";"1.783,04";"0,01";"28,79";"44,85";"30,96";"4.276,00";"3.976,67";"0,00";"0,00";"0,00";"434,17";"0,00";"0,00";"0,00";"0,00";"1.783,04";"0,01";"30,96";"252,486";"0,01";"0,000";"0,000";"0,000";"0,00";"0,00";"0,00"
"32,23";"MERCEARIA \ MASSAS \ MASSAS INSTANTANEA \ MASSAS INSTANTANEA COPO";"4.785,000";"14";"6,16";"29.482,96";"0,03";"0,00";"0,00";"0,00";"1,85";"8.849,93";"0,03";"30,02";"46,94";"31,94";"20.065,18";"20.065,18";"567,85";"0,00";"0,00";"0,00";"0,00";"0,20";"92,45";"0,00";"9.417,78";"0,03";"31,94";"450,482";"0,01";"174,001";"0,000";"0,000";"0,00";"0,00";"0,00"
"32,39";"MERCEARIA \ MASSAS \ MASSAS INSTANTANEA \ MASSAS INSTANTANEA PACOTE";"54.496,000";"29";"3,25";"177.203,89";"0,16";"5.614,25";"0,01";"3,17";"0,94";"51.397,15";"0,18";"29,00";"44,78";"30,93";"122.396,87";"122.396,87";"3.409,87";"0,00";"0,00";"0,00";"0,00";"9,54";"582,02";"0,00";"54.807,02";"0,19";"30,93";"5.481,625";"0,11";"4.875,054";"0,000";"0,000";"0,00";"0,00";"0,00"
"32,39";"MERCEARIA \ MASSAS \ MASSAS INTEGRAL \ MASSAS INTEGRAL";"143,000";"2";"16,44";"2.351,56";"0,00";"125,04";"0,00";"5,32";"5,57";"795,82";"0,00";"33,84";"57,23";"36,40";"1.495,65";"1.390,96";"0,00";"0,00";"0,00";"164,78";"0,00";"0,00";"0,00";"0,00";"795,82";"0,00";"36,39";"0,000";"0,00";"27,500";"0,078";"30.148,205";"0,00";"0,00";"0,00"
"32,42";"MERCEARIA \ MASSAS \ MASSAS LASANHA \ MASSAS LASANHA";"4.282,000";"9";"8,42";"36.065,39";"0,03";"13.102,41";"0,01";"36,33";"2,77";"11.863,90";"0,04";"32,90";"56,65";"36,16";"23.022,67";"21.453,91";"0,00";"0,00";"0,00";"2.747,58";"0,00";"0,00";"0,00";"0,00";"11.863,90";"0,04";"35,61";"1.138,856";"0,02";"1.310,000";"0,000";"0,000";"0,00";"0,00";"0,00"
"32,42";"MERCEARIA \ MASSAS \ MASSAS LETRINHA BICHINHOS \ MASSAS LETRINHAS";"411,000";"1";"5,11";"2.099,22";"0,00";"2.192,33";"0,00";"104,44";"1,50";"617,44";"0,00";"29,41";"46,26";"31,63";"1.435,27";"1.334,84";"0,00";"0,00";"0,00";"146,94";"0,00";"0,00";"0,00";"0,00";"617,44";"0,00";"31,63";"207,555";"0,00";"0,000";"0,000";"0,000";"0,00";"0,00";"0,00"
"32,42";"MERCEARIA \ MASSAS \ MASSAS NHOQUE \ MASSAS NHOQUE";"456,000";"4";"9,48";"4.321,29";"0,00";"1.110,49";"0,00";"25,70";"2,52";"1.149,43";"0,00";"26,60";"51,67";"34,07";"2.849,21";"2.625,19";"0,00";"0,00";"0,00";"546,67";"0,00";"0,00";"0,00";"0,00";"1.149,43";"0,00";"30,45";"48,694";"0,00";"76,000";"0,000";"0,000";"0,00";"0,00";"0,00"
"32,44";"MERCEARIA \ MASSAS \ MASSAS NINHO \ MASSAS NINHO";"4.439,000";"10";"6,03";"26.764,99";"0,02";"2.416,28";"0,00";"9,03";"1,76";"7.813,22";"0,03";"29,19";"46,31";"31,65";"18.292,76";"17.073,71";"0,00";"0,00";"0,00";"1.878,06";"0,00";"0,00";"0,00";"0,00";"7.813,22";"0,03";"31,39";"1.824,310";"0,04";"1.998,500";"0,000";"0,000";"0,00";"0,00";"0,00"
"32,45";"MERCEARIA \ MASSAS \ MASSAS P NOSSO-AV MARIA \ MASSAS P NOSSO-AV MARIA";"1.802,000";"3";"5,30";"9.557,89";"0,01";"5.430,86";"0,01";"56,82";"1,65";"2.967,82";"0,01";"31,05";"50,03";"33,35";"6.370,81";"5.924,88";"0,00";"0,00";"0,00";"665,19";"0,00";"0,00";"0,00";"0,00";"2.967,82";"0,01";"33,37";"919,767";"0,02";"0,000";"0,000";"0,000";"0,00";"0,00";"0,00"
"32,53";"MERCEARIA \ MASSAS \ MASSAS PARAFUSO-FUSILLI \ MASSAS PARAFUSO-FUSILLI";"14.408,000";"21";"5,80";"83.560,00";"0,08";"44.775,23";"0,04";"53,58";"1,74";"25.111,60";"0,09";"30,05";"48,81";"32,80";"56.153,54";"52.605,58";"0,00";"0,00";"0,00";"5.842,82";"0,00";"0,00";"0,00";"0,00";"25.111,60";"0,09";"32,31";"7.255,031";"0,15";"3.333,900";"9,479";"8.815,276";"0,00";"0,00";"0,00"
"32,58";"MERCEARIA \ MASSAS \ MASSAS PENNE-RIGATONI \ MASSAS PENNE-RIGATONI";"8.579,000";"21";"6,20";"53.163,29";"0,05";"18.200,66";"0,02";"34,24";"1,90";"16.280,17";"0,06";"30,62";"50,08";"33,37";"35.422,18";"33.162,86";"0,00";"0,00";"0,00";"3.720,26";"0,00";"0,00";"0,00";"0,00";"16.280,17";"0,06";"32,93";"3.425,288";"0,07";"1.039,900";"0,000";"0,000";"0,00";"0,00";"0,00"
"32,61";"MERCEARIA \ MASSAS \ MASSAS TALH-FETTUC-LINGUI \ MASSSAS TALH-FETTUC-LINGU";"4.399,000";"6";"7,96";"34.996,60";"0,03";"0,00";"0,00";"0,00";"2,18";"9.596,58";"0,03";"27,42";"42,44";"29,79";"24.569,46";"22.944,66";"0,00";"0,00";"0,00";"2.455,36";"0,00";"0,00";"0,00";"0,00";"9.596,58";"0,03";"29,49";"1.817,640";"0,04";"982,200";"0,000";"0,000";"0,00";"0,00";"0,00"
"32,61";"MERCEARIA \ MATINAIS \ ACUCAR \ ACUCAR COCO";"89,000";"2";"27,00";"2.402,90";"0,00";"0,00";"0,00";"0,00";"6,24";"555,13";"0,00";"23,10";"63,11";"38,69";"1.473,21";"1.145,52";"0,00";"0,00";"0,00";"702,25";"0,00";"1,70";"14,49";"0,00";"555,13";"0,00";"32,64";"0,000";"0,00";"22,250";"0,000";"0,000";"0,00";"0,00";"0,00"
"32,63";"MERCEARIA \ MATINAIS \ ACUCAR \ ACUCAR CRISTAL";"2.703,000";"6";"7,68";"20.748,50";"0,02";"7.362,56";"0,01";"35,48";"3,00";"8.117,84";"0,03";"39,12";"72,65";"42,08";"12.017,56";"11.176,44";"0,00";"0,00";"0,00";"1.454,22";"0,00";"0,00";"0,00";"0,00";"8.117,84";"0,03";"42,07";"1.998,484";"0,04";"2.097,000";"0,000";"0,000";"0,00";"0,00";"0,00"
"32,67";"MERCEARIA \ MATINAIS \ ACUCAR \ ACUCAR DEMERARA";"5.048,000";"5";"8,38";"42.294,15";"0,04";"24.591,98";"0,02";"58,15";"3,39";"17.109,70";"0,06";"40,45";"67,96";"40,46";"25.181,79";"25.176,31";"0,00";"0,00";"0,00";"8,14";"0,00";"0,00";"0,00";"0,00";"17.109,70";"0,06";"40,46";"5.100,918";"0,10";"5.028,000";"0,001";"42.294.150,000";"0,00";"0,00";"0,00"
"32,67";"MERCEARIA \ MATINAIS \ ACUCAR \ ACUCAR ESPECIAIS";"501,000";"4";"8,45";"4.232,74";"0,00";"0,00";"0,00";"0,00";"2,88";"1.444,66";"0,01";"34,13";"63,79";"38,95";"2.584,23";"2.321,25";"0,00";"0,00";"0,00";"466,83";"0,00";"0,58";"4,73";"0,00";"1.444,66";"0,01";"38,36";"180,626";"0,00";"233,750";"0,000";"0,000";"0,00";"0,00";"0,00"
"32,68";"MERCEARIA \ MATINAIS \ ACUCAR \ ACUCAR MASCAVO";"1.181,000";"5";"10,81";"12.765,19";"0,01";"0,00";"0,00";"0,00";"3,53";"4.163,20";"0,01";"32,61";"50,08";"33,37";"8.505,81";"8.505,81";"0,00";"0,00";"0,00";"96,18";"0,00";"0,77";"8,48";"0,00";"4.163,20";"0,01";"32,86";"288,048";"0,01";"197,500";"0,000";"0,000";"0,00";"0,00";"0,00"
"32,92";"MERCEARIA \ MATINAIS \ ACUCAR \ ACUCAR REFINADO";"70.253,000";"4";"3,67";"258.141,71";"0,24";"242.961,71";"0,23";"94,12";"0,64";"44.911,62";"0,16";"17,40";"23,05";"18,73";"209.783,27";"195.098,37";"0,00";"0,00";"0,00";"18.131,72";"0,00";"0,00";"0,00";"0,00";"44.911,62";"0,16";"18,71";"70.782,567";"1,42";"70.167,000";"0,000";"0,000";"0,00";"0,00";"0,00"
"32,92";"MERCEARIA \ MATINAIS \ ADOCANTE \ ADOCANTE CULINARIO";"500,000";"1";"7,00";"3.502,07";"0,00";"0,00";"0,00";"0,00";"2,54";"1.268,79";"0,00";"36,23";"126,08";"55,77";"1.549,05";"1.208,22";"0,00";"0,00";"0,00";"1.025,06";"0,00";"0,12";"17,83";"0,00";"1.268,79";"0,00";"51,22";"257,500";"0,01";"250,000";"0,000";"0,000";"0,00";"0,00";"0,00"
"32,93";"MERCEARIA \ MATINAIS \ ADOCANTE \ ADOCANTE EM PO";"1.086,000";"6";"12,41";"13.476,30";"0,01";"2.479,52";"0,00";"18,40";"2,51";"2.724,64";"0,01";"20,22";"56,39";"36,06";"8.617,33";"6.812,29";"0,00";"0,00";"0,00";"3.939,37";"0,00";"9,77";"78,44";"0,00";"2.724,64";"0,01";"28,57";"60,744";"0,00";"33,350";"0,000";"0,000";"0,00";"0,00";"0,00"
"33,06";"MERCEARIA \ MATINAIS \ ADOCANTE \ ADOCANTE LIQUIDO";"10.191,000";"16";"13,40";"136.580,59";"0,13";"3.725,66";"0,00";"2,73";"2,82";"28.743,98";"0,10";"21,05";"58,46";"36,89";"86.189,79";"67.918,20";"0,00";"0,00";"0,00";"39.918,41";"0,00";"104,93";"829,47";"0,00";"28.743,98";"0,10";"29,74";"1.432,131";"0,03";"995,670";"0,000";"0,000";"0,00";"0,00";"0,00"
"33,07";"MERCEARIA \ MATINAIS \ ALIMENTO INFANTIL \ ALIMENTO INFANTIL DOCE";"481,000";"4";"16,41";"7.892,41";"0,01";"4.168,31";"0,00";"52,81";"3,45";"1.657,69";"0,01";"21,00";"56,95";"36,28";"5.028,73";"3.927,41";"0,00";"0,00";"0,00";"2.307,31";"0,00";"2,67";"35,64";"0,00";"1.657,69";"0,01";"29,68";"99,000";"0,00";"165,200";"0,000";"0,000";"0,00";"0,00";"0,00"
"33,10";"MERCEARIA \ MATINAIS \ AMIDO \ AMIDO";"3.478,000";"5";"8,00";"27.827,27";"0,03";"0,00";"0,00";"0,00";"1,56";"5.418,91";"0,02";"19,47";"53,14";"34,70";"18.171,54";"14.273,82";"0,00";"0,00";"0,00";"8.134,55";"0,00";"0,53";"65,96";"0,00";"5.418,91";"0,02";"27,52";"696,259";"0,01";"195,700";"0,000";"0,000";"0,00";"0,00";"0,00"
"33,18";"MERCEARIA \ MATINAIS \ AVEIA \ AVEIA FLOCOS";"13.167,000";"16";"6,85";"90.214,80";"0,08";"44.451,81";"0,04";"49,27";"1,47";"19.328,53";"0,07";"21,43";"58,73";"37,00";"56.837,15";"44.500,81";"0,00";"0,00";"0,00";"26.385,46";"0,00";"0,00";"0,00";"0,00";"19.328,53";"0,07";"30,28";"3.180,647";"0,06";"1.336,200";"0,000";"0,000";"0,00";"0,00";"0,00"
"34,89";"MERCEARIA \ MATINAIS \ CAFE \ CAFE ALMOFADA";"68.521,000";"56";"26,88";"1.841.714,36";"1,71";"1.149.901,70";"1,07";"62,44";"5,73";"392.736,90";"1,37";"21,32";"29,75";"22,93";"1.419.482,86";"1.320.097,99";"0,00";"0,00";"0,00";"128.879,47";"0,00";"0,00";"0,00";"0,00";"392.736,90";"1,36";"22,93";"31.004,977";"0,62";"11.615,250";"0,000";"0,000";"0,00";"0,00";"0,00"
"34,93";"MERCEARIA \ MATINAIS \ CAFE \ CAFE EM GRAOS";"443,000";"4";"93,10";"41.241,61";"0,04";"0,00";"0,00";"0,00";"30,31";"13.428,20";"0,05";"32,56";"53,87";"35,01";"26.802,26";"24.925,99";"0,00";"0,00";"0,00";"2.887,42";"0,00";"0,00";"0,00";"0,00";"13.428,20";"0,05";"35,01";"353,404";"0,01";"263,000";"0,000";"0,000";"0,00";"0,00";"0,00"
"34,93";"MERCEARIA \ MATINAIS \ CAFE \ CAFE SACHE";"116,000";"5";"33,16";"3.846,64";"0,00";"0,00";"0,00";"0,00";"9,27";"1.074,92";"0,00";"27,94";"42,96";"30,05";"2.690,76";"2.502,40";"0,00";"0,00";"0,00";"269,32";"0,00";"0,00";"0,00";"0,00";"1.074,92";"0,00";"30,05";"12,794";"0,00";"3,500";"0,000";"0,000";"0,00";"0,00";"0,00"
"35,05";"MERCEARIA \ MATINAIS \ CAFE \ CAFE SOLUVEL";"10.681,000";"42";"12,33";"131.656,53";"0,12";"61.761,54";"0,06";"46,91";"4,06";"43.323,78";"0,15";"32,91";"49,05";"32,91";"88.332,75";"88.332,75";"0,00";"0,00";"0,00";"0,00";"0,00";"2,85";"20,49";"0,00";"43.323,78";"0,15";"32,91";"597,915";"0,01";"315,944";"0,742";"177.434,677";"0,00";"0,00";"0,00"
"35,36";"MERCEARIA \ MATINAIS \ CAFE \ CAFE VACUO";"11.683,000";"27";"28,42";"332.074,12";"0,31";"150.780,22";"0,14";"45,41";"6,65";"77.662,34";"0,27";"23,39";"33,59";"25,14";"248.577,28";"231.177,04";"0,00";"0,00";"0,00";"23.234,74";"0,00";"0,00";"0,00";"0,00";"77.662,34";"0,27";"25,15";"5.075,545";"0,10";"2.103,750";"0,000";"0,000";"0,00";"0,00";"0,00"
"35,42";"MERCEARIA \ MATINAIS \ CAFE \ MIST BEBIDAS CAFE";"3.441,000";"22";"17,68";"60.853,13";"0,06";"23.821,21";"0,02";"39,15";"5,64";"19.414,22";"0,07";"31,90";"47,45";"32,18";"41.269,19";"41.269,19";"0,00";"0,00";"0,00";"169,72";"0,00";"51,67";"498,66";"0,00";"19.414,22";"0,07";"31,99";"614,170";"0,01";"109,851";"0,000";"0,000";"0,00";"0,00";"0,00"
"35,55";"MERCEARIA \ MATINAIS \ CEREAL MATINAL \ CEREAL MATINAL";"12.726,000";"32";"11,21";"142.596,32";"0,13";"32.480,12";"0,03";"22,78";"2,63";"33.513,31";"0,12";"23,50";"49,47";"33,10";"95.402,19";"93.825,32";"0,00";"0,00";"0,00";"15.257,69";"0,00";"109,82";"1.008,25";"0,00";"33.513,31";"0,12";"26,32";"3.337,396";"0,07";"2.169,840";"0,014";"10.185.451,429";"0,00";"0,00";"0,00"
"35,70";"MERCEARIA \ MATINAIS \ CHA \ CHA EM SACHE";"21.070,000";"46";"7,91";"166.629,27";"0,15";"28.501,44";"0,03";"17,10";"2,53";"53.231,54";"0,19";"31,95";"72,87";"42,15";"96.389,31";"90.179,21";"0,00";"0,00";"0,00";"23.218,52";"0,00";"40,05";"856,43";"0,00";"53.231,54";"0,18";"37,12";"1.298,372";"0,03";"874,834";"1,528";"109.050,569";"0,00";"0,00";"0,00"
"35,70";"MERCEARIA \ MATINAIS \ CHA \ CHA INSTANTANEO";"5,000";"2";"49,90";"249,50";"0,00";"0,00";"0,00";"0,00";"15,04";"75,18";"0,00";"30,13";"49,80";"33,24";"166,56";"151,24";"0,00";"0,00";"0,00";"23,08";"0,00";"0,25";"2,05";"0,00";"75,18";"0,00";"33,20";"0,000";"0,00";"2,000";"0,000";"0,000";"0,00";"0,00";"0,00"
"35,74";"MERCEARIA \ MATINAIS \ COMPOSTO LACTEO \ COMPOSTO LACTEO";"1.328,000";"6";"29,27";"38.871,73";"0,04";"19.552,66";"0,02";"50,30";"7,03";"9.332,91";"0,03";"24,01";"34,38";"25,58";"28.927,37";"27.193,81";"0,00";"0,00";"0,00";"2.345,01";"0,00";"18,62";"166,34";"0,00";"9.332,91";"0,03";"25,55";"399,792";"0,01";"308,010";"0,000";"0,000";"0,00";"0,00";"0,00"
"35,81";"MERCEARIA \ MATINAIS \ DERIVADO DO MEL \ MEL-PROPOLIS";"3.741,000";"7";"20,48";"76.613,05";"0,07";"3.226,76";"0,00";"4,21";"4,34";"16.234,69";"0,06";"21,19";"58,02";"36,72";"48.483,70";"37.985,36";"0,00";"0,00";"0,00";"22.393,00";"0,00";"28,82";"194,03";"0,00";"16.234,69";"0,06";"29,94";"992,621";"0,02";"970,330";"0,000";"0,000";"0,00";"0,00";"0,00"
"35,82";"MERCEARIA \ MATINAIS \ DERIVADO DO MEL \ MELADO E GLICOSE";"436,000";"4";"17,19";"7.494,37";"0,01";"0,00";"0,00";"0,00";"2,76";"1.202,98";"0,00";"16,05";"51,11";"33,82";"4.959,58";"4.101,40";"0,00";"0,00";"0,00";"2.189,99";"0,00";"4,88";"45,31";"0,00";"1.202,98";"0,00";"22,68";"49,265";"0,00";"121,750";"0,000";"0,000";"0,00";"0,00";"0,00"
"36,08";"MERCEARIA \ MATINAIS \ DERIVADOS DO CACAU \ ACHOCOLATADO EM PO";"16.850,000";"20";"16,50";"278.077,80";"0,26";"64.967,02";"0,06";"23,36";"3,36";"56.541,38";"0,20";"20,33";"43,14";"30,14";"194.267,72";"188.069,20";"0,00";"0,00";"0,00";"33.467,22";"0,00";"226,62";"2.042,48";"0,00";"56.541,38";"0,20";"23,11";"7.909,613";"0,16";"5.187,890";"0,000";"0,000";"0,00";"0,00";"0,00"
"36,10";"MERCEARIA \ MATINAIS \ DERIVADOS DO CACAU \ CACAU EM PO";"733,000";"3";"34,47";"25.263,56";"0,02";"0,00";"0,00";"0,00";"5,95";"4.363,41";"0,02";"17,27";"40,92";"29,04";"17.927,06";"13.519,19";"0,00";"0,00";"0,00";"7.380,96";"0,00";"16,68";"143,76";"0,00";"4.363,41";"0,02";"24,40";"126,358";"0,00";"106,200";"0,000";"0,000";"0,00";"0,00";"0,00"
"36,13";"MERCEARIA \ MATINAIS \ DERIVADOS DO CACAU \ CHOCOLATE EM PO";"1.336,000";"5";"21,86";"29.203,68";"0,03";"0,00";"0,00";"0,00";"4,21";"5.626,17";"0,02";"19,27";"44,72";"30,90";"20.179,02";"15.552,88";"0,00";"0,00";"0,00";"8.024,64";"0,00";"18,40";"173,34";"0,00";"5.626,17";"0,02";"26,56";"273,102";"0,01";"66,060";"0,000";"0,000";"0,00";"0,00";"0,00"
"36,15";"MERCEARIA \ MATINAIS \ FARELO \ FARELO DE AVEIA";"1.932,000";"4";"9,24";"17.850,52";"0,02";"0,00";"0,00";"0,00";"1,77";"3.426,91";"0,01";"19,20";"51,55";"34,02";"11.778,62";"9.204,44";"0,00";"0,00";"0,00";"5.219,17";"0,00";"1,62";"17,84";"0,00";"3.426,91";"0,01";"27,13";"276,562";"0,01";"150,590";"0,000";"0,000";"0,00";"0,00";"0,00"
"36,15";"MERCEARIA \ MATINAIS \ FARINHAS \ AMENDOA";"58,128";"2";"69,14";"4.018,86";"0,00";"0,00";"0,00";"0,00";"25,38";"1.475,13";"0,01";"36,71";"115,30";"53,55";"1.866,67";"1.369,53";"0,00";"0,00";"0,00";"1.174,20";"0,00";"1,93";"17,33";"0,00";"1.475,13";"0,01";"51,86";"0,000";"0,00";"6,900";"0,000";"0,000";"0,00";"0,00";"0,00"
"36,15";"MERCEARIA \ MATINAIS \ FARINHAS \ AMENDOIM";"164,000";"1";"17,99";"2.950,33";"0,00";"0,00";"0,00";"0,00";"3,80";"622,65";"0,00";"21,10";"57,04";"36,32";"1.878,67";"1.465,42";"0,00";"0,00";"0,00";"862,26";"0,00";"1,52";"7,60";"0,00";"622,65";"0,00";"29,82";"0,000";"0,00";"82,000";"0,000";"0,000";"0,00";"0,00";"0,00"
"36,15";"MERCEARIA \ MATINAIS \ FARINHAS \ ARROZ";"408,000";"4";"8,82";"3.597,84";"0,00";"0,00";"0,00";"0,00";"2,15";"876,89";"0,00";"24,37";"65,19";"39,46";"2.178,06";"1.668,83";"0,00";"0,00";"0,00";"1.052,11";"0,00";"2,37";"19,28";"0,00";"876,89";"0,00";"34,45";"143,080";"0,00";"0,000";"0,000";"0,000";"0,00";"0,00";"0,00"
"36,16";"MERCEARIA \ MATINAIS \ FARINHAS \ AVEIA";"1.677,000";"4";"5,69";"9.540,52";"0,01";"353,67";"0,00";"3,71";"0,92";"1.547,66";"0,01";"16,22";"44,27";"30,69";"6.612,74";"5.202,80";"0,00";"0,00";"0,00";"2.790,06";"0,00";"0,04";"1,15";"0,00";"1.547,66";"0,01";"22,93";"341,081";"0,01";"117,780";"0,000";"0,000";"0,00";"0,00";"0,00"
"36,16";"MERCEARIA \ MATINAIS \ FARINHAS \ BERINGELA";"40,000";"1";"9,98";"399,20";"0,00";"0,00";"0,00";"0,00";"1,88";"75,05";"0,00";"18,80";"50,24";"33,44";"265,70";"207,37";"0,00";"0,00";"0,00";"116,79";"0,00";"0,40";"2,40";"0,00";"75,05";"0,00";"26,57";"0,000";"0,00";"0,000";"0,000";"0,000";"0,00";"0,00";"0,00"
"36,16";"MERCEARIA \ MATINAIS \ FARINHAS \ CHIA";"124,000";"1";"11,85";"1.469,96";"0,00";"1.509,96";"0,00";"102,72";"4,02";"497,97";"0,00";"33,88";"111,53";"52,73";"694,92";"542,06";"0,00";"0,00";"0,00";"429,94";"0,00";"0,01";"3,52";"0,00";"497,97";"0,00";"47,88";"0,000";"0,00";"12,400";"0,000";"0,000";"0,00";"0,00";"0,00"
"36,16";"MERCEARIA \ MATINAIS \ FARINHAS \ COCO";"21,000";"1";"16,98";"356,58";"0,00";"0,00";"0,00";"0,00";"4,02";"84,50";"0,00";"23,70";"65,73";"39,66";"215,16";"167,82";"0,00";"0,00";"0,00";"104,26";"0,00";"0,20";"2,20";"0,00";"84,50";"0,00";"33,49";"0,000";"0,00";"5,250";"0,000";"0,000";"0,00";"0,00";"0,00"
"36,19";"MERCEARIA \ MATINAIS \ FARINHAS \ FARINHA LACTEA";"4.394,000";"4";"8,51";"37.378,14";"0,03";"23.518,06";"0,02";"62,92";"1,92";"8.453,34";"0,03";"22,62";"46,76";"31,86";"25.469,63";"25.467,33";"0,00";"0,00";"0,00";"3.457,48";"0,00";"43,62";"288,18";"0,00";"8.453,34";"0,03";"24,92";"1.061,407";"0,02";"740,670";"0,000";"0,000";"0,00";"0,00";"0,00"
"36,20";"MERCEARIA \ MATINAIS \ FORMULA INFANTIL \ FORMULA INFANTIL";"166,000";"5";"65,48";"10.869,72";"0,01";"0,00";"0,00";"0,00";"18,52";"3.075,09";"0,01";"28,29";"39,45";"28,29";"7.794,63";"7.794,63";"0,00";"0,00";"0,00";"0,00";"0,00";"0,41";"3,59";"0,00";"3.075,09";"0,01";"28,29";"117,526";"0,00";"109,600";"0,000";"0,000";"0,00";"0,00";"0,00"
"36,20";"MERCEARIA \ MATINAIS \ LEITE EM PO \ LEITE EM PO ESPECIAIS";"64,000";"3";"29,24";"1.871,32";"0,00";"0,00";"0,00";"0,00";"6,76";"432,70";"0,00";"23,12";"49,73";"33,21";"1.249,79";"1.075,74";"0,00";"0,00";"0,00";"362,88";"0,00";"0,80";"7,18";"0,00";"432,70";"0,00";"28,69";"0,000";"0,00";"11,400";"0,000";"0,000";"0,00";"0,00";"0,00"
"36,79";"MERCEARIA \ MATINAIS \ LEITE EM PO \ LEITE EM PO TRADICIONAL";"39.189,000";"24";"16,19";"634.617,64";"0,59";"199.218,42";"0,18";"31,39";"2,60";"101.839,13";"0,36";"16,05";"25,94";"20,60";"503.906,38";"393.079,32";"0,00";"0,00";"0,00";"139.699,19";"0,00";"0,19";"2,01";"0,00";"101.839,13";"0,35";"20,58";"14.964,793";"0,30";"7.100,455";"0,000";"0,000";"0,00";"0,00";"0,00"
"36,81";"MERCEARIA \ MATINAIS \ LEITE EM PO \ LEITE EM PO ZERO LACTOSE";"905,000";"3";"19,56";"17.706,21";"0,02";"0,00";"0,00";"0,00";"4,00";"3.617,05";"0,01";"20,43";"35,52";"26,21";"13.065,19";"10.190,86";"0,00";"0,00";"0,00";"3.898,30";"0,00";"0,07";"0,57";"0,00";"3.617,05";"0,01";"26,20";"282,649";"0,01";"160,200";"0,000";"0,000";"0,00";"0,00";"0,00"
"36,85";"MERCEARIA \ MATINAIS \ MATINAIS CAPSULA \ CAPS ACHOCOLATADO";"2.217,000";"8";"19,31";"42.816,63";"0,04";"36.838,92";"0,03";"86,04";"1,18";"2.606,01";"0,01";"6,09";"18,11";"15,34";"36.250,32";"36.250,09";"0,00";"0,00";"0,00";"3.960,54";"0,00";"38,57";"305,63";"0,00";"2.606,01";"0,01";"6,71";"431,435";"0,01";"290,593";"0,000";"0,000";"0,00";"0,00";"0,00"
"37,31";"MERCEARIA \ MATINAIS \ MATINAIS CAPSULA \ CAPS CAFE";"25.566,000";"75";"19,47";"497.703,01";"0,46";"455.003,53";"0,42";"91,42";"2,99";"76.369,84";"0,27";"15,34";"22,31";"18,24";"406.932,94";"362.951,58";"0,00";"0,00";"0,00";"58.381,59";"0,00";"4,39";"35,30";"0,00";"76.369,84";"0,27";"17,38";"2.591,114";"0,05";"1.022,345";"0,000";"0,000";"0,00";"0,00";"0,00"
"37,31";"MERCEARIA \ MATINAIS \ MATINAIS CAPSULA \ CAPS CHA";"207,000";"4";"19,04";"3.940,53";"0,00";"2.921,57";"0,00";"74,14";"4,97";"1.029,26";"0,00";"26,12";"63,13";"38,70";"2.415,55";"2.132,72";"0,00";"0,00";"0,00";"778,55";"0,00";"2,64";"24,65";"0,00";"1.029,26";"0,00";"32,55";"0,000";"0,00";"3,060";"0,000";"0,000";"0,00";"0,00";"0,00"
"37,43";"MERCEARIA \ MATINAIS \ MATINAIS CAPSULA \ CAPS MATINAIS COM LEITE";"6.589,000";"18";"19,37";"127.607,07";"0,12";"111.692,04";"0,10";"87,53";"3,50";"23.050,06";"0,08";"18,06";"22,38";"18,29";"104.270,34";"103.618,53";"0,00";"0,00";"0,00";"938,47";"0,00";"112,21";"914,42";"0,00";"23.050,06";"0,08";"18,20";"1.139,169";"0,02";"697,474";"1,903";"67.055,738";"0,00";"0,00";"0,00"
"37,45";"MERCEARIA \ MATINAIS \ MINGAU \ MINGAU TRADICIONAL";"2.402,000";"14";"10,83";"26.010,03";"0,02";"0,00";"0,00";"0,00";"2,84";"6.829,54";"0,02";"26,26";"52,30";"34,34";"17.078,48";"16.774,56";"0,00";"0,00";"0,00";"2.405,93";"0,00";"26,76";"194,95";"0,00";"6.829,54";"0,02";"28,93";"621,846";"0,01";"346,260";"0,000";"0,000";"0,00";"0,00";"0,00"
"37,46";"MERCEARIA \ MATINAIS \ PASTAS \ PASTA AMENDOIM";"297,000";"8";"39,57";"11.751,02";"0,01";"0,00";"0,00";"0,00";"10,33";"3.067,80";"0,01";"26,11";"52,99";"34,64";"7.680,90";"5.821,20";"0,00";"0,00";"0,00";"2.862,02";"0,00";"8,14";"69,01";"0,00";"3.067,80";"0,01";"34,51";"67,620";"0,00";"133,650";"0,038";"309.237,368";"0,00";"0,00";"0,00"
"37,59";"MERCEARIA \ MATINAIS \ SUPLEMENTO ALIMENTAR \ SUPLEMENTO ALIMENTAR";"7.805,000";"68";"17,89";"139.653,43";"0,13";"16.278,09";"0,02";"11,66";"4,53";"35.383,07";"0,12";"25,34";"54,17";"35,14";"90.583,62";"64.806,20";"0,00";"0,00";"0,00";"39.464,16";"0,00";"89,44";"775,60";"0,00";"35.383,07";"0,12";"35,32";"672,432";"0,01";"587,284";"0,018";"7.758.523,889";"0,00";"0,00";"0,00"
"37,60";"MERCEARIA \ OLEOS VEGETAIS - BANHA \ AZEITE \ AZEITE DE DENDE";"551,000";"2";"10,02";"5.523,66";"0,01";"0,00";"0,00";"0,00";"2,35";"1.296,26";"0,00";"23,47";"47,77";"32,33";"3.738,02";"2.915,65";"94,35";"0,00";"0,00";"1.217,40";"0,00";"0,12";"15,21";"0,00";"1.390,61";"0,00";"32,29";"110,838";"0,00";"109,200";"0,177";"31.207,119";"0,00";"0,00";"0,00"
"38,28";"MERCEARIA \ OLEOS VEGETAIS - BANHA \ AZEITE \ AZEITE EXTRA VIRGEM";"25.576,000";"33";"28,45";"727.723,08";"0,68";"540.867,39";"0,50";"74,32";"5,87";"150.242,65";"0,52";"20,65";"29,11";"22,55";"563.651,01";"563.643,58";"13.760,08";"0,00";"0,00";"76,78";"0,00";"657,47";"5.873,11";"0,00";"164.002,72";"0,57";"22,54";"18.869,721";"0,38";"7.429,400";"0,000";"0,000";"0,00";"0,00";"0,00"
"38,36";"MERCEARIA \ OLEOS VEGETAIS - BANHA \ AZEITE \ AZEITE TIPO UNICO - OLIVA";"2.857,000";"3";"29,51";"84.311,08";"0,08";"31.051,28";"0,03";"36,83";"6,96";"19.884,99";"0,07";"23,59";"34,21";"25,49";"62.818,15";"62.818,15";"1.607,95";"0,00";"0,00";"0,00";"0,00";"79,67";"703,86";"0,00";"21.492,93";"0,07";"25,49";"2.040,177";"0,04";"0,000";"0,000";"0,000";"0,00";"0,00";"0,00"
"38,39";"MERCEARIA \ OLEOS VEGETAIS - BANHA \ OLEOS \ OLEO COMPOSTO";"1.855,000";"9";"15,12";"28.045,77";"0,03";"13.571,19";"0,01";"48,39";"4,71";"8.733,49";"0,03";"31,14";"66,29";"39,86";"16.865,63";"16.859,26";"0,00";"0,00";"0,00";"2.453,02";"0,00";"21,48";"219,80";"0,00";"8.733,49";"0,03";"34,12";"1.056,999";"0,02";"926,180";"0,000";"0,000";"0,00";"0,00";"0,00"
"38,39";"MERCEARIA \ OLEOS VEGETAIS - BANHA \ OLEOS \ OLEO DE ALGODAO";"103,000";"1";"19,01";"1.957,67";"0,00";"0,00";"0,00";"0,00";"6,26";"644,46";"0,00";"32,92";"49,08";"32,92";"1.313,21";"1.313,21";"0,00";"0,00";"0,00";"0,00";"0,00";"0,87";"6,17";"0,00";"644,46";"0,00";"32,92";"0,000";"0,00";"0,000";"0,000";"0,000";"0,00";"0,00";"0,00"
"38,42";"MERCEARIA \ OLEOS VEGETAIS - BANHA \ OLEOS \ OLEO DE CANOLA";"1.594,000";"3";"18,87";"30.080,24";"0,03";"0,00";"0,00";"0,00";"4,82";"7.689,90";"0,03";"25,56";"34,34";"25,56";"22.390,34";"22.390,34";"0,00";"0,00";"0,00";"0,00";"0,00";"14,56";"97,88";"0,00";"7.689,90";"0,03";"25,56";"421,806";"0,01";"0,000";"0,000";"0,000";"0,00";"0,00";"0,00"
"38,44";"MERCEARIA \ OLEOS VEGETAIS - BANHA \ OLEOS \ OLEO DE COCO";"548,000";"4";"29,71";"16.282,07";"0,02";"0,00";"0,00";"0,00";"6,67";"3.653,41";"0,01";"22,44";"44,90";"30,99";"11.236,89";"9.044,84";"0,00";"0,00";"0,00";"3.583,82";"0,00";"5,13";"41,78";"0,00";"3.653,41";"0,01";"28,77";"68,742";"0,00";"102,150";"0,000";"0,000";"0,00";"0,00";"0,00"
"38,47";"MERCEARIA \ OLEOS VEGETAIS - BANHA \ OLEOS \ OLEO DE GIRASOL";"1.825,000";"4";"17,77";"32.437,18";"0,03";"0,00";"0,00";"0,00";"5,15";"9.398,00";"0,03";"28,97";"40,79";"28,97";"23.039,18";"23.039,18";"0,00";"0,00";"0,00";"0,00";"0,00";"16,36";"107,98";"0,00";"9.398,00";"0,03";"28,97";"1.303,146";"0,03";"0,000";"0,000";"0,000";"0,00";"0,00";"0,00"
"38,48";"MERCEARIA \ OLEOS VEGETAIS - BANHA \ OLEOS \ OLEO DE MILHO";"790,000";"3";"19,82";"15.654,15";"0,01";"0,00";"0,00";"0,00";"5,15";"4.066,97";"0,01";"25,98";"46,79";"31,88";"10.664,10";"10.139,18";"0,00";"0,00";"0,00";"1.448,01";"0,00";"14,84";"120,22";"0,00";"4.066,97";"0,01";"28,63";"0,000";"0,00";"0,000";"0,000";"0,000";"0,00";"0,00";"0,00"
"38,83";"MERCEARIA \ OLEOS VEGETAIS - BANHA \ OLEOS \ OLEO DE SOJA";"50.920,000";"2";"7,48";"380.822,36";"0,35";"193.747,23";"0,18";"50,88";"0,92";"46.690,90";"0,16";"12,26";"17,95";"15,22";"322.857,91";"300.257,86";"7.262,52";"0,00";"0,00";"26.611,08";"0,00";"19,72";"1.302,44";"0,00";"53.953,42";"0,19";"15,23";"43.200,585";"0,87";"0,000";"0,000";"0,000";"0,00";"0,00";"0,00"
"38,83";"MERCEARIA \ OLEOS VEGETAIS - BANHA \ OLEOS \ OLEO GERGELIM-PEQUI";"107,000";"1";"21,94";"2.347,78";"0,00";"0,00";"0,00";"0,00";"3,55";"380,18";"0,00";"16,19";"45,41";"31,23";"1.614,63";"1.281,51";"0,00";"0,00";"0,00";"686,09";"0,00";"1,78";"12,48";"0,00";"380,18";"0,00";"22,88";"11,877";"0,00";"10,700";"0,000";"0,000";"0,00";"0,00";"0,00"
"38,84";"MERCEARIA \ SOBREMESAS \ CHANTILLY \ CHANTILLY";"981,000";"3";"9,99";"9.802,95";"0,01";"0,00";"0,00";"0,00";"2,41";"2.367,70";"0,01";"24,15";"70,87";"41,48";"5.737,12";"4.568,05";"0,00";"0,00";"0,00";"2.867,20";"0,00";"9,08";"55,84";"0,00";"2.367,70";"0,01";"34,14";"204,246";"0,00";"94,300";"0,000";"0,000";"0,00";"0,00";"0,00"
"38,85";"MERCEARIA \ SOBREMESAS \ COBERTURAS \ COBERTURAS";"389,000";"6";"26,49";"10.303,25";"0,01";"0,00";"0,00";"0,00";"5,98";"2.325,42";"0,01";"22,57";"48,84";"32,81";"6.922,33";"6.662,79";"0,00";"0,00";"0,00";"1.315,03";"0,00";"8,56";"75,89";"0,00";"2.325,42";"0,01";"25,87";"68,585";"0,00";"55,360";"0,000";"0,000";"0,00";"0,00";"0,00"
"38,85";"MERCEARIA \ SOBREMESAS \ CORANTES E ESSENCIAS \ CORANTE";"242,000";"5";"5,51";"1.333,62";"0,00";"0,00";"0,00";"0,00";"1,36";"328,13";"0,00";"24,60";"69,05";"40,85";"788,90";"615,42";"0,00";"0,00";"0,00";"390,07";"0,00";"0,00";"6,73";"0,00";"328,13";"0,00";"34,78";"9,196";"0,00";"7,260";"0,017";"78.448,235";"0,00";"0,00";"0,00"
"38,86";"MERCEARIA \ SOBREMESAS \ CORANTES E ESSENCIAS \ ESSENCIAS";"1.375,000";"2";"8,87";"12.197,50";"0,01";"0,00";"0,00";"0,00";"1,77";"2.431,62";"0,01";"19,94";"55,49";"35,69";"7.844,71";"6.200,15";"0,00";"0,00";"0,00";"3.565,73";"0,00";"6,22";"69,97";"0,00";"2.431,62";"0,01";"28,17";"54,865";"0,00";"41,250";"0,051";"239.166,667";"0,00";"0,00";"0,00"
"38,90";"MERCEARIA \ SOBREMESAS \ CREME DE LEITE \ CREME DE LEITE LATA";"4.095,000";"2";"10,13";"41.490,55";"0,04";"0,00";"0,00";"0,00";"2,62";"10.716,56";"0,04";"25,83";"69,27";"40,92";"24.511,71";"18.646,62";"0,00";"0,00";"0,00";"12.127,37";"0,00";"36,80";"242,87";"0,00";"10.716,56";"0,04";"36,50";"1.412,775";"0,03";"912,600";"0,000";"0,000";"0,00";"0,00";"0,00"
"39,21";"MERCEARIA \ SOBREMESAS \ CREME DE LEITE \ CREME DE LEITE TP";"123.435,000";"10";"2,72";"336.338,36";"0,31";"101.848,10";"0,09";"30,28";"0,53";"65.298,92";"0,23";"19,41";"51,63";"34,05";"221.818,25";"172.650,94";"0,00";"0,00";"0,00";"98.388,49";"0,00";"21,30";"1.979,99";"0,00";"65.298,92";"0,23";"27,44";"26.118,129";"0,52";"4.469,600";"0,000";"0,000";"0,00";"0,00";"0,00"
"39,29";"MERCEARIA \ SOBREMESAS \ CREMES \ CREME DE AVELA";"3.144,000";"4";"28,01";"88.069,16";"0,08";"12.347,51";"0,01";"14,02";"8,53";"26.830,12";"0,09";"30,46";"62,50";"38,46";"54.196,16";"52.270,87";"0,00";"0,00";"0,00";"8.968,17";"0,00";"63,96";"646,06";"0,00";"26.830,12";"0,09";"33,92";"934,902";"0,02";"871,971";"0,000";"0,000";"0,00";"0,00";"0,00"
"39,29";"MERCEARIA \ SOBREMESAS \ CREMES \ OUTROS CREMES";"339,000";"4";"8,87";"3.008,49";"0,00";"223,85";"0,00";"7,44";"1,72";"582,64";"0,00";"19,37";"54,19";"35,14";"1.951,16";"1.546,11";"0,00";"0,00";"0,00";"879,74";"0,00";"0,68";"15,75";"0,00";"582,64";"0,00";"27,37";"69,577";"0,00";"66,100";"0,000";"0,000";"0,00";"0,00";"0,00"
"39,35";"MERCEARIA \ SOBREMESAS \ DERIVADO DO COCO \ COCO RALADO";"8.799,000";"11";"6,82";"60.027,03";"0,06";"7.336,39";"0,01";"12,22";"1,49";"13.105,41";"0,05";"21,83";"43,43";"30,28";"41.850,84";"32.785,41";"1.077,07";"0,00";"0,00";"13.059,14";"0,00";"35,05";"403,49";"0,00";"14.182,48";"0,05";"30,20";"854,035";"0,02";"456,090";"0,215";"279.195,488";"0,00";"0,00";"0,00"
"39,44";"MERCEARIA \ SOBREMESAS \ DERIVADO DO COCO \ LEITE DE COCO";"13.336,000";"13";"7,21";"96.129,09";"0,09";"20.331,36";"0,02";"21,15";"1,53";"20.390,86";"0,07";"21,21";"54,49";"35,27";"62.225,47";"47.625,49";"0,00";"0,00";"0,00";"28.112,74";"0,00";"53,12";"556,92";"0,00";"20.390,86";"0,07";"29,98";"4.667,309";"0,09";"1.627,800";"1,234";"77.900,397";"0,00";"0,00";"0,00"
"39,46";"MERCEARIA \ SOBREMESAS \ DOCE - COMPOTA DOCE - COM \ COMPOTA LATA";"1.309,000";"8";"16,26";"21.290,02";"0,02";"0,00";"0,00";"0,00";"4,22";"5.522,79";"0,02";"25,94";"50,28";"33,46";"14.167,17";"12.624,27";"0,00";"0,00";"0,00";"3.142,96";"0,00";"14,19";"148,68";"0,00";"5.522,79";"0,02";"30,43";"767,671";"0,02";"392,735";"0,000";"0,000";"0,00";"0,00";"0,00"
"39,60";"MERCEARIA \ SOBREMESAS \ DOCE - COMPOTA DOCE - COM \ COMPOTA VIDRO";"10.929,000";"40";"14,09";"153.983,71";"0,14";"26.823,88";"0,02";"17,42";"3,49";"38.168,17";"0,13";"24,79";"67,04";"40,13";"92.182,54";"73.600,55";"0,00";"0,00";"0,00";"42.214,98";"0,00";"109,55";"930,80";"0,00";"38.168,17";"0,13";"34,15";"4.146,703";"0,08";"1.602,760";"0,000";"0,000";"0,00";"0,00";"0,00"
"39,71";"MERCEARIA \ SOBREMESAS \ DOCE - COMPOTA DOCE - COM \ DOCE BARRA";"8.619,000";"26";"14,18";"122.243,02";"0,11";"6.457,07";"0,01";"5,28";"4,60";"39.666,99";"0,14";"32,45";"64,23";"39,11";"74.433,04";"68.183,12";"0,00";"0,00";"0,00";"14.392,91";"0,00";"101,53";"900,90";"0,00";"39.666,99";"0,14";"36,78";"1.983,793";"0,04";"1.520,770";"0,000";"0,000";"0,00";"0,00";"0,00"
"39,71";"MERCEARIA \ SOBREMESAS \ FERMENTOS \ FERMENTO BIOLOGICO";"2.007,000";"1";"2,39";"4.790,74";"0,00";"0,00";"0,00";"0,00";"0,74";"1.478,80";"0,01";"30,87";"100,21";"50,05";"2.392,81";"1.905,46";"0,00";"0,00";"0,00";"1.406,48";"0,00";"0,38";"27,63";"0,00";"1.478,80";"0,01";"43,70";"30,105";"0,00";"20,070";"0,000";"0,000";"0,00";"0,00";"0,00"
"39,74";"MERCEARIA \ SOBREMESAS \ FERMENTOS \ FERMENTO PO";"8.183,000";"4";"4,38";"35.863,32";"0,03";"13.514,68";"0,01";"37,68";"1,01";"8.232,38";"0,03";"22,95";"64,72";"39,29";"21.771,70";"17.137,30";"0,00";"0,00";"0,00";"10.493,65";"0,00";"0,93";"212,45";"0,00";"8.232,38";"0,03";"32,45";"690,345";"0,01";"96.326,380";"0,000";"0,000";"0,00";"0,00";"0,00"
"39,74";"MERCEARIA \ SOBREMESAS \ FLAN \ FLAN";"418,000";"2";"5,12";"2.142,15";"0,00";"0,00";"0,00";"0,00";"1,13";"470,73";"0,00";"21,97";"62,47";"38,45";"1.318,52";"1.043,93";"0,00";"0,00";"0,00";"627,50";"0,00";"0,07";"11,89";"0,00";"470,73";"0,00";"31,08";"6,916";"0,00";"7,080";"0,000";"0,000";"0,00";"0,00";"0,00"
"39,77";"MERCEARIA \ SOBREMESAS \ GELATINA \ GELATINA LIGHT-DIET-COLAG";"6.359,000";"10";"4,81";"30.607,68";"0,03";"0,00";"0,00";"0,00";"1,00";"6.384,42";"0,02";"20,86";"57,41";"36,47";"19.444,67";"15.271,02";"0,00";"0,00";"0,00";"8.952,23";"0,00";"2,92";"177,80";"0,00";"6.384,42";"0,02";"29,48";"96,892";"0,00";"70,618";"10,111";"3.027,166";"0,00";"0,00";"0,00"
"39,83";"MERCEARIA \ SOBREMESAS \ GELATINA \ GELATINA TRADICIONAL";"20.496,000";"31";"3,22";"65.969,59";"0,06";"17.720,74";"0,02";"26,86";"0,59";"12.077,67";"0,04";"18,31";"50,25";"33,44";"43.906,57";"34.593,59";"0,00";"0,00";"0,00";"19.298,34";"0,00";"16,11";"362,73";"0,00";"12.077,67";"0,04";"25,88";"517,984";"0,01";"20.027,228";"0,000";"0,000";"0,00";"0,00";"0,00"
"39,99";"MERCEARIA \ SOBREMESAS \ GELEIAS \ GELEIA DE FRUTAS";"6.477,000";"64";"26,35";"170.653,33";"0,16";"2.630,49";"0,00";"1,54";"7,79";"50.464,43";"0,18";"29,57";"52,54";"34,44";"111.875,15";"104.403,47";"0,00";"0,00";"0,00";"15.785,43";"0,00";"145,91";"1.271,20";"0,00";"50.464,43";"0,18";"32,59";"2.447,768";"0,05";"1.282,224";"0,000";"0,000";"0,00";"0,00";"0,00"
"40,04";"MERCEARIA \ SOBREMESAS \ GELEIAS \ GELEIA DE MOCOTO";"11.822,000";"12";"4,60";"54.362,84";"0,05";"27.850,54";"0,03";"51,23";"1,00";"11.803,04";"0,04";"21,71";"60,49";"37,69";"33.873,65";"26.650,64";"0,00";"0,00";"0,00";"15.909,15";"0,00";"7,44";"336,28";"0,00";"11.803,04";"0,04";"30,69";"2.856,287";"0,06";"2.155,300";"1,779";"30.558,089";"0,00";"0,00";"0,00"
"40,05";"MERCEARIA \ SOBREMESAS \ GRANULADOS \ GRANULADOS";"1.591,000";"3";"7,43";"11.817,58";"0,01";"0,00";"0,00";"0,00";"2,19";"3.479,10";"0,01";"29,44";"48,75";"32,77";"7.944,66";"7.245,36";"0,00";"0,00";"0,00";"1.093,13";"0,00";"14,57";"94,46";"0,00";"3.479,10";"0,01";"32,44";"216,067";"0,00";"0,000";"0,000";"0,000";"0,00";"0,00";"0,00"
"40,13";"MERCEARIA \ SOBREMESAS \ LEITE CONDESADO \ LEITE CONDENSADO LATA";"9.094,000";"3";"9,01";"81.922,56";"0,08";"0,00";"0,00";"0,00";"0,48";"4.339,45";"0,02";"5,30";"18,59";"15,68";"69.080,80";"53.629,47";"0,00";"0,00";"0,00";"23.953,65";"0,00";"80,81";"477,02";"0,00";"4.339,45";"0,02";"7,49";"3.973,094";"0,08";"2.439,915";"0,000";"0,000";"0,00";"0,00";"0,00"
"40,48";"MERCEARIA \ SOBREMESAS \ LEITE CONDESADO \ LEITE CONDENSADO TP";"63.186,000";"7";"5,99";"378.723,28";"0,35";"242.094,54";"0,22";"63,92";"0,28";"17.521,42";"0,06";"4,63";"17,95";"15,21";"321.100,97";"250.458,74";"0,00";"0,00";"0,00";"110.743,12";"0,00";"37,81";"2.212,20";"0,00";"17.521,42";"0,06";"6,54";"25.608,680";"0,51";"12.458,090";"0,000";"0,000";"0,00";"0,00";"0,00"
"40,48";"MERCEARIA \ SOBREMESAS \ MANJAR \ MANJAR";"57,000";"1";"12,01";"684,65";"0,00";"0,00";"0,00";"0,00";"2,04";"116,38";"0,00";"17,00";"48,22";"32,53";"461,93";"368,15";"0,00";"0,00";"0,00";"200,13";"0,00";"0,53";"4,24";"0,00";"116,38";"0,00";"24,02";"0,000";"0,00";"0,000";"0,000";"0,000";"0,00";"0,00";"0,00"
"40,48";"MERCEARIA \ SOBREMESAS \ MARIA MOLE \ MARIA MOLE";"122,000";"1";"6,00";"732,00";"0,00";"0,00";"0,00";"0,00";"1,32";"160,57";"0,00";"21,94";"63,23";"38,74";"448,44";"357,34";"0,00";"0,00";"0,00";"214,09";"0,00";"0,02";"4,52";"0,00";"160,57";"0,00";"31,00";"0,000";"0,00";"0,000";"0,000";"0,000";"0,00";"0,00";"0,00"
"40,48";"MERCEARIA \ SOBREMESAS \ MISTURAS \ MIST P.BOLO ESPECIAI";"33,000";"1";"21,99";"725,67";"0,00";"0,00";"0,00";"0,00";"6,04";"199,47";"0,00";"27,49";"83,70";"45,56";"395,02";"314,13";"0,00";"0,00";"0,00";"212,07";"0,00";"0,62";"4,34";"0,00";"199,47";"0,00";"38,84";"0,000";"0,00";"9,900";"0,000";"0,000";"0,00";"0,00";"0,00"
"40,53";"MERCEARIA \ SOBREMESAS \ MISTURAS \ MIST P.BOLO TRADICIONAL";"7.394,000";"28";"7,91";"58.509,75";"0,05";"35.787,40";"0,03";"61,16";"1,92";"14.223,55";"0,05";"24,31";"69,27";"40,92";"34.566,20";"27.171,18";"0,00";"0,00";"0,00";"17.115,02";"0,00";"33,93";"342,90";"0,00";"14.223,55";"0,05";"34,36";"3.014,423";"0,06";"1.543,490";"0,000";"0,000";"0,00";"0,00";"0,00"
"40,53";"MERCEARIA \ SOBREMESAS \ MISTURAS \ POS PARA SORVETE- MOUSSE";"37,000";"3";"11,24";"415,87";"0,00";"0,00";"0,00";"0,00";"1,83";"67,57";"0,00";"16,25";"39,09";"28,10";"299,00";"257,89";"0,00";"0,00";"0,00";"90,41";"0,00";"0,34";"2,71";"0,00";"67,57";"0,00";"20,76";"0,000";"0,00";"1,950";"0,000";"0,000";"0,00";"0,00";"0,00"
"40,54";"MERCEARIA \ SOBREMESAS \ PUDIM \ PUDIM";"1.166,000";"6";"4,87";"5.674,30";"0,01";"0,00";"0,00";"0,00";"0,95";"1.110,98";"0,00";"19,58";"54,54";"35,29";"3.671,65";"2.902,70";"0,00";"0,00";"0,00";"1.660,62";"0,00";"0,21";"35,52";"0,00";"1.110,98";"0,00";"27,68";"17,316";"0,00";"8,425";"0,000";"0,000";"0,00";"0,00";"0,00"
"40,54";"MERCEARIA \ SOBREMESAS \ SOBREMESAS \ SOBREMESAS";"79,000";"1";"8,30";"656,01";"0,00";"0,00";"0,00";"0,00";"2,01";"159,03";"0,00";"24,24";"51,29";"33,90";"433,60";"304,90";"0,00";"0,00";"0,00";"192,08";"0,00";"0,67";"3,37";"0,00";"159,03";"0,00";"34,28";"17,775";"0,00";"0,000";"0,000";"0,000";"0,00";"0,00";"0,00"
"40,54";"NAO REVENDA \ MATERIA PRIMA \ MATERIA PRIMA \ PRODUTO MATERIA PRIMA";"0,000";"1";"";"393,80";"0,00";"0,00";"0,00";"0,00";"";"357,32";"0,00";"90,74";"";"100,00";"0,00";"0,00";"";"0,00";"0,00";"";"0,00";"0,00";"0,00";"0,00";"357,32";"0,00";"90,74";"0,000";"0,00";"0,000";"0,000";"0,000";"0,00";"0,00";"0,00"
"40,54";"NAO REVENDA \ RECICLAVEIS \ RECICLAVEIS \ RECICLAVEIS";"1.874,100";"1";"0,66";"1.234,25";"0,00";"0,00";"0,00";"0,00";"0,47";"873,69";"0,00";"70,79";"";"100,00";"0,00";"0,00";"0,00";"0,00";"0,00";"360,56";"0,00";"0,54";"7,68";"0,00";"873,69";"0,00";"100,00";"0,000";"0,00";"0,000";"0,000";"0,000";"0,00";"0,00";"0,00"
"40,60";"NAO REVENDA \ SERVICOS \ FRETE \ FRETE";"5.687,000";"2";"11,94";"67.928,55";"0,06";"0,00";"0,00";"0,00";"11,94";"67.928,55";"0,24";"100,00";"";"100,00";"0,00";"0,00";"0,00";"0,00";"0,00";"0,00";"0,00";"0,00";"0,00";"0,00";"67.928,55";"0,24";"100,00";"0,000";"0,00";"0,000";"0,000";"0,000";"0,00";"0,00";"0,00"
"40,60";"NAO REVENDA \ USO E CONSUMO \ ALMOXARIFADO \ ESCRITORIO";"1,000";"1";"229,00";"229,00";"0,00";"0,00";"0,00";"0,00";"-2,47";"-2,47";"0,00";"-1,08";"0,00";"0,00";"229,00";"210,28";"0,00";"0,00";"0,00";"21,18";"0,00";"0,21";"1,87";"0,00";"-2,47";"0,00";"-1,19";"0,000";"0,00";"0,000";"0,000";"0,000";"0,00";"0,00";"0,00"
"40,60";"NAO REVENDA \ USO E CONSUMO \ CAFETERIA - LANCHONETE \ CAFETERIA - LANCHONETE";"2,000";"1";"35,00";"70,00";"0,00";"0,00";"0,00";"0,00";"32,55";"65,10";"0,00";"93,00";"";"100,00";"0,00";"0,00";"0,00";"0,00";"0,00";"4,90";"0,00";"0,00";"0,00";"0,00";"65,10";"0,00";"100,00";"0,000";"0,00";"0,000";"0,000";"0,000";"0,00";"0,00";"0,00"
"43,13";"PERECIVEIS \ ACOUGUE \ AVES \ CORTE FRANGO CONG";"154.197,739";"124";"17,66";"2.723.783,27";"2,53";"1.024.614,82";"0,95";"37,62";"4,59";"707.066,50";"2,47";"25,96";"39,59";"28,36";"1.951.221,47";"1.801.452,52";"0,00";"0,00";"0,00";"215.264,25";"0,00";"89,83";"846,98";"0,00";"707.066,50";"2,45";"28,19";"143.762,045";"2,88";"123.906,624";"0,000";"0,000";"0,00";"0,00";"0,00"
"44,37";"PERECIVEIS \ ACOUGUE \ AVES \ CORTE FRANGO CONG GRANEL";"102.046,840";"12";"13,14";"1.340.532,38";"1,24";"795.952,67";"0,74";"59,38";"3,71";"379.078,45";"1,32";"28,28";"43,70";"30,41";"932.853,50";"867.557,60";"0,00";"0,00";"0,00";"93.896,33";"0,00";"0,63";"5,95";"0,00";"379.078,45";"1,32";"30,41";"99.432,322";"2,00";"99.432,322";"0,093";"14.414.326,667";"0,00";"0,00";"0,00"
"44,43";"PERECIVEIS \ ACOUGUE \ AVES \ CORTE FRANGO RESFRIADO";"5.535,868";"8";"12,05";"66.726,01";"0,06";"231,04";"0,00";"0,35";"5,49";"30.417,64";"0,11";"45,59";"96,16";"49,02";"34.016,26";"31.635,01";"0,00";"0,00";"0,00";"4.673,36";"0,00";"0,00";"0,00";"0,00";"30.417,64";"0,11";"49,02";"944,296";"0,02";"4.913,768";"0,000";"0,000";"0,00";"0,00";"0,00"
"44,43";"PERECIVEIS \ ACOUGUE \ AVES \ CORTE PATO CONG";"162,000";"6";"24,36";"3.946,76";"0,00";"888,22";"0,00";"22,51";"7,60";"1.231,89";"0,00";"31,21";"50,53";"33,57";"2.621,92";"2.438,39";"0,00";"0,00";"0,00";"276,48";"0,00";"0,00";"0,00";"0,00";"1.231,89";"0,00";"33,56";"0,000";"0,00";"0,000";"0,000";"0,000";"0,00";"0,00";"0,00"
"44,47";"PERECIVEIS \ ACOUGUE \ AVES \ FRANGO INTEIRO";"2.565,657";"22";"16,51";"42.365,87";"0,04";"2.949,44";"0,00";"6,96";"4,78";"12.263,99";"0,04";"28,95";"48,26";"32,55";"28.575,53";"24.987,34";"0,00";"0,00";"0,00";"5.114,54";"0,00";"0,05";"0,48";"0,00";"12.263,99";"0,04";"32,92";"206,930";"0,00";"690,277";"0,000";"0,000";"0,00";"0,00";"0,00"
"44,69";"PERECIVEIS \ ACOUGUE \ AVES \ MIUDOS DE FRANGO";"14.075,825";"21";"16,92";"238.156,22";"0,22";"3.308,59";"0,00";"1,39";"6,40";"90.029,60";"0,31";"37,80";"69,73";"41,08";"140.311,87";"128.613,25";"0,00";"0,00";"0,00";"19.513,36";"0,00";"0,18";"2,02";"0,00";"90.029,60";"0,31";"41,18";"9.799,880";"0,20";"10.243,325";"0,001";"238.156.220,000";"0,00";"0,00";"0,00"
"44,69";"PERECIVEIS \ ACOUGUE \ AVES \ MIUDOS PATO";"1,000";"1";"29,98";"29,98";"0,00";"0,00";"0,00";"0,00";"5,04";"5,04";"0,00";"16,81";"37,59";"27,32";"21,79";"20,26";"0,00";"0,00";"0,00";"4,68";"0,00";"0,03";"0,23";"0,00";"5,04";"0,00";"19,92";"0,000";"0,00";"0,000";"0,000";"0,000";"0,00";"0,00";"0,00"
"44,69";"PERECIVEIS \ ACOUGUE \ AVES \ PATO INTEIRO";"9,046";"1";"48,98";"443,08";"0,00";"0,00";"0,00";"0,00";"8,20";"74,20";"0,00";"16,75";"32,33";"24,43";"334,82";"271,40";"0,00";"0,00";"0,00";"97,48";"0,00";"0,00";"0,00";"0,00";"74,20";"0,00";"21,47";"0,000";"0,00";"0,000";"0,000";"0,000";"0,00";"0,00";"0,00"
"44,69";"PERECIVEIS \ ACOUGUE \ AVES \ PERU INTEIRO";"23,614";"1";"20,34";"480,33";"0,00";"0,00";"0,00";"0,00";"-8,41";"-198,55";"0,00";"-41,34";"-34,64";"-52,99";"734,86";"573,19";"0,00";"0,00";"0,00";"105,69";"0,00";"0,00";"0,00";"0,00";"-198,55";"0,00";"-53,00";"0,000";"0,00";"0,000";"0,000";"0,000";"0,00";"0,00";"0,00"
"44,77";"PERECIVEIS \ ACOUGUE \ BOVINO \ BOVINOS PREMIUM";"2.131,174";"9";"39,54";"84.269,75";"0,08";"9.276,38";"0,01";"11,01";"11,61";"24.748,32";"0,09";"29,37";"46,16";"31,58";"57.656,44";"53.620,92";"0,00";"0,00";"0,00";"5.900,51";"0,00";"0,00";"0,00";"0,00";"24.748,32";"0,09";"31,58";"612,859";"0,01";"606,919";"0,000";"0,000";"0,00";"0,00";"0,00"
"47,49";"PERECIVEIS \ ACOUGUE \ BOVINO \ DIANTEIRO BOVINO";"85.142,471";"25";"34,44";"2.932.579,66";"2,72";"909.592,76";"0,84";"31,02";"6,77";"576.213,68";"2,01";"19,65";"27,25";"21,41";"2.304.646,99";"2.151.086,40";"0,00";"0,00";"0,00";"205.279,58";"0,00";"0,00";"0,00";"0,00";"576.213,68";"2,00";"21,13";"28.941,115";"0,58";"28.739,459";"0,024";"122.190.819,167";"0,00";"0,00";"0,00"
"47,95";"PERECIVEIS \ ACOUGUE \ BOVINO \ MIUDOS BOVINO";"26.817,863";"10";"18,45";"494.858,10";"0,46";"29.957,90";"0,03";"6,05";"6,85";"183.573,20";"0,64";"37,10";"66,36";"39,89";"297.470,09";"276.648,31";"0,00";"0,00";"0,00";"34.636,59";"0,00";"0,00";"0,00";"0,00";"183.573,20";"0,64";"39,89";"24.430,368";"0,49";"24.430,368";"0,023";"21.515.569,565";"0,00";"0,00";"0,00"
"56,24";"PERECIVEIS \ ACOUGUE \ BOVINO \ TRASEIRO BOVINO";"156.499,461";"64";"57,09";"8.933.872,98";"8,29";"3.519.569,98";"3,27";"39,40";"11,42";"1.787.828,47";"6,24";"20,01";"27,40";"21,51";"7.012.578,43";"6.520.716,82";"0,00";"0,00";"0,00";"625.327,69";"0,00";"0,00";"0,00";"0,00";"1.787.828,47";"6,20";"21,52";"127.141,833";"2,55";"131.594,036";"0,127";"70.345.456,535";"0,00";"0,00";"0,00"
"56,26";"PERECIVEIS \ ACOUGUE \ EXOTICOS \ CORDEIRO";"176,293";"7";"99,81";"17.596,00";"0,02";"0,00";"0,00";"0,00";"27,25";"4.803,17";"0,02";"27,30";"42,43";"29,79";"12.354,25";"11.561,17";"0,00";"0,00";"0,00";"1.231,66";"0,00";"0,00";"0,00";"0,00";"4.803,17";"0,02";"29,35";"0,000";"0,00";"0,000";"0,000";"0,000";"0,00";"0,00";"0,00"
"56,27";"PERECIVEIS \ ACOUGUE \ EXOTICOS \ EXOTICOS ESPECIAS";"93,000";"2";"73,54";"6.839,46";"0,01";"279,84";"0,00";"4,09";"7,56";"703,11";"0,00";"10,28";"27,79";"21,75";"5.351,94";"4.262,34";"0,00";"0,00";"0,00";"1.874,01";"0,00";"4,44";"40,08";"0,00";"703,11";"0,00";"14,16";"0,000";"0,00";"42,500";"0,000";"0,000";"0,00";"0,00";"0,00"
"56,28";"PERECIVEIS \ ACOUGUE \ LINGUICAS \ LINGUICA CORDEIRO";"216,000";"2";"37,11";"8.016,13";"0,01";"0,00";"0,00";"0,00";"9,31";"2.011,60";"0,01";"25,09";"41,97";"29,56";"5.646,50";"4.753,54";"0,00";"0,00";"0,00";"1.250,99";"0,00";"4,98";"45,75";"0,00";"2.011,60";"0,01";"29,73";"102,114";"0,00";"108,000";"0,000";"0,000";"0,00";"0,00";"0,00"
"56,33";"PERECIVEIS \ ACOUGUE \ LINGUICAS \ LINGUICA COSTELA";"2.550,000";"3";"20,13";"51.329,05";"0,05";"3.257,07";"0,00";"6,35";"5,66";"14.425,99";"0,05";"28,10";"50,85";"33,71";"34.026,82";"28.891,29";"0,00";"0,00";"0,00";"8.011,77";"0,00";"41,48";"343,68";"0,00";"14.425,99";"0,05";"33,30";"875,162";"0,02";"219,600";"0,000";"0,000";"0,00";"0,00";"0,00"
"56,37";"PERECIVEIS \ ACOUGUE \ LINGUICAS \ LINGUICA FRANGO";"2.581,932";"12";"18,25";"47.128,66";"0,04";"8.558,52";"0,01";"18,16";"5,30";"13.682,30";"0,05";"29,03";"64,53";"39,22";"28.644,64";"26.090,92";"0,00";"0,00";"0,00";"7.355,44";"0,00";"36,71";"344,02";"0,00";"13.682,30";"0,05";"34,40";"1.347,436";"0,03";"1.147,036";"0,000";"0,000";"0,00";"0,00";"0,00"
"56,52";"PERECIVEIS \ ACOUGUE \ LINGUICAS \ LINGUICA PERNIL";"8.086,700";"12";"19,82";"160.283,97";"0,15";"60.938,79";"0,06";"38,02";"4,47";"36.130,44";"0,13";"22,54";"48,21";"32,53";"108.148,13";"99.142,23";"0,00";"0,00";"0,00";"25.011,30";"0,00";"132,32";"1.167,14";"0,00";"36.130,44";"0,13";"26,71";"5.667,764";"0,11";"6.723,400";"0,004";"40.070.992,500";"0,00";"0,00";"0,00"
"56,73";"PERECIVEIS \ ACOUGUE \ LINGUICAS \ LINGUICA SUINA-MISTA";"13.037,350";"8";"17,47";"227.796,66";"0,21";"153.277,49";"0,14";"67,29";"3,42";"44.536,75";"0,16";"19,55";"42,88";"30,01";"159.426,96";"147.716,73";"0,00";"0,00";"0,00";"35.543,18";"0,00";"198,36";"1.713,65";"0,00";"44.536,75";"0,15";"23,17";"1.609,281";"0,03";"12.348,350";"0,001";"227.796.660,000";"0,00";"0,00";"0,00"
"56,83";"PERECIVEIS \ ACOUGUE \ LINGUICAS \ LINGUICA TOSCANA CHURRASC";"4.989,000";"13";"21,58";"107.673,33";"0,10";"12.682,47";"0,01";"11,78";"5,76";"28.723,07";"0,10";"26,68";"58,21";"36,79";"68.056,17";"62.149,99";"0,00";"0,00";"0,00";"16.800,26";"0,00";"86,36";"753,06";"0,00";"28.723,07";"0,10";"31,61";"2.483,701";"0,05";"2.544,500";"0,000";"0,000";"0,00";"0,00";"0,00"
"57,02";"PERECIVEIS \ ACOUGUE \ SALSICHAS-SALSICHAO \ SALSICHAS-SALSICHAO";"19.179,154";"7";"10,77";"206.569,49";"0,19";"163.528,15";"0,15";"79,16";"2,47";"47.396,20";"0,17";"22,94";"50,33";"33,48";"137.409,58";"126.941,41";"0,00";"0,00";"0,00";"32.231,88";"0,00";"182,57";"1.541,75";"0,00";"47.396,20";"0,16";"27,19";"3.340,047";"0,07";"17.271,755";"0,003";"68.856.496,667";"0,00";"0,00";"0,00"
"57,78";"PERECIVEIS \ ACOUGUE \ SUINOS \ SUINOS CONGELADOS";"46.059,712";"33";"17,77";"818.330,46";"0,76";"405.902,21";"0,38";"49,60";"4,93";"226.912,01";"0,79";"27,73";"42,90";"30,02";"572.650,19";"533.100,32";"0,00";"0,00";"0,00";"58.318,13";"0,00";"21,54";"192,88";"0,00";"226.912,01";"0,79";"29,86";"38.883,132";"0,78";"38.927,214";"0,038";"21.535.012,105";"0,00";"0,00";"0,00"
"58,48";"PERECIVEIS \ ACOUGUE \ SUINOS \ SUINOS RESFRIADOS";"32.415,340";"29";"23,41";"758.942,82";"0,70";"246.041,36";"0,23";"32,42";"10,28";"333.130,82";"1,16";"43,89";"90,14";"47,41";"399.155,23";"369.091,51";"0,00";"0,00";"0,00";"56.720,49";"0,00";"2,82";"24,27";"0,00";"333.130,82";"1,16";"47,44";"22.749,086";"0,46";"22.839,586";"0,023";"32.997.513,913";"0,00";"0,00";"0,00"
"58,90";"PERECIVEIS \ CONGELADO \ EMPANADOS \ EMPANADOS";"32.757,000";"66";"13,86";"454.034,80";"0,42";"265.735,10";"0,25";"58,53";"3,29";"107.739,37";"0,38";"23,73";"49,65";"33,18";"303.390,56";"301.304,73";"0,00";"0,00";"0,00";"44.990,70";"0,00";"376,99";"3.356,58";"0,00";"107.739,37";"0,37";"26,34";"14.217,211";"0,29";"9.526,630";"0,000";"0,000";"0,00";"0,00";"0,00"
"58,92";"PERECIVEIS \ CONGELADO \ EMPANADOS \ STEAK";"8.587,000";"5";"2,36";"20.291,85";"0,02";"20.292,65";"0,02";"100,00";"0,64";"5.496,11";"0,02";"27,09";"56,93";"36,28";"12.930,26";"12.918,75";"0,00";"0,00";"0,00";"1.877,00";"0,00";"2,63";"162,11";"0,00";"5.496,11";"0,02";"29,85";"888,554";"0,02";"858,700";"0,000";"0,000";"0,00";"0,00";"0,00"
"58,98";"PERECIVEIS \ CONGELADO \ FRUTAS CONGELADAS \ FRUTAS CONGELADAS";"3.503,000";"9";"18,94";"66.339,80";"0,06";"22.990,00";"0,02";"34,65";"6,21";"21.771,08";"0,08";"32,82";"50,31";"33,47";"44.135,57";"43.281,77";"0,00";"0,00";"0,00";"1.286,96";"0,00";"26,09";"249,17";"0,00";"21.771,08";"0,08";"33,47";"3.165,902";"0,06";"3.322,054";"0,000";"0,000";"0,00";"0,00";"0,00"
"59,00";"PERECIVEIS \ CONGELADO \ FRUTAS CONGELADAS \ POLPAS DE FRUTAS";"1.877,000";"12";"14,32";"26.870,45";"0,02";"0,00";"0,00";"0,00";"5,27";"9.883,49";"0,03";"36,78";"58,18";"36,78";"16.986,96";"16.986,96";"0,00";"0,00";"0,00";"0,00";"0,00";"0,84";"7,83";"0,00";"9.883,49";"0,03";"36,78";"532,026";"0,01";"713,200";"0,000";"0,000";"0,00";"0,00";"0,00"
"59,01";"PERECIVEIS \ CONGELADO \ GELO \ GELO ESCAMA";"285,000";"1";"22,00";"6.271,02";"0,01";"0,00";"0,00";"0,00";"5,93";"1.690,37";"0,01";"26,96";"100,03";"50,01";"3.135,00";"2.747,52";"0,00";"0,00";"0,00";"1.833,13";"0,00";"5,61";"39,94";"0,00";"1.690,37";"0,01";"38,09";"0,000";"0,00";"0,000";"0,000";"0,000";"0,00";"0,00";"0,00"
"59,04";"PERECIVEIS \ CONGELADO \ GELO \ GELO FILTRADO";"1.963,000";"1";"16,99";"33.348,41";"0,03";"0,00";"0,00";"0,00";"5,44";"10.686,02";"0,04";"32,04";"126,51";"55,85";"14.722,45";"12.912,08";"0,00";"0,00";"0,00";"9.750,31";"0,00";"18,91";"206,45";"0,00";"10.686,02";"0,04";"45,28";"8.440,900";"0,17";"0,000";"0,000";"0,000";"0,00";"0,00";"0,00"
"59,35";"PERECIVEIS \ CONGELADO \ LANCHES PRONTOS CONGELADO \ HAMBURGUER";"35.031,000";"56";"9,66";"338.571,62";"0,31";"156.797,69";"0,15";"46,31";"2,50";"87.631,84";"0,31";"25,88";"47,33";"32,13";"229.797,24";"220.793,19";"0,00";"0,00";"0,00";"30.146,60";"0,00";"141,33";"1.415,05";"0,00";"87.631,84";"0,30";"28,41";"9.517,516";"0,19";"8.496,406";"0,000";"0,000";"0,00";"0,00";"0,00"
"59,66";"PERECIVEIS \ CONGELADO \ LANCHES PRONTOS CONGELADO \ PAO DE QUEIJO";"19.040,000";"24";"17,71";"337.146,58";"0,31";"180.216,46";"0,17";"53,45";"4,43";"84.423,36";"0,29";"25,04";"65,07";"39,42";"204.240,99";"164.646,69";"0,00";"0,00";"0,00";"88.076,53";"0,00";"214,96";"1.980,32";"0,00";"84.423,36";"0,29";"33,90";"11.097,279";"0,22";"8.924,155";"0,000";"0,000";"0,00";"0,00";"0,00"
"59,78";"PERECIVEIS \ CONGELADO \ LANCHES PRONTOS CONGELADO \ PIZZA";"6.398,000";"17";"19,75";"126.351,72";"0,12";"14.165,75";"0,01";"11,21";"5,26";"33.657,84";"0,12";"26,64";"55,90";"35,86";"81.048,24";"81.006,34";"0,00";"0,00";"0,00";"11.687,53";"0,00";"113,92";"984,85";"0,00";"33.657,84";"0,12";"29,35";"3.265,740";"0,07";"2.785,670";"0,000";"0,000";"0,00";"0,00";"0,00"
"59,91";"PERECIVEIS \ CONGELADO \ LANCHES PRONTOS CONGELADO \ SALGADOS CONGELADOS";"6.736,000";"44";"20,48";"137.976,46";"0,13";"11.060,11";"0,01";"8,02";"5,73";"38.602,34";"0,13";"27,98";"48,51";"32,66";"92.908,47";"85.018,06";"1.005,84";"0,00";"0,00";"13.350,22";"0,00";"59,33";"535,83";"0,00";"39.608,19";"0,14";"31,78";"2.107,924";"0,04";"868,160";"0,192";"718.627,396";"0,00";"0,00";"0,00"
"59,94";"PERECIVEIS \ CONGELADO \ LANCHES PRONTOS CONGELADO \ SANDUICHE";"3.299,000";"9";"9,11";"30.055,21";"0,03";"27.321,80";"0,03";"90,91";"2,38";"7.864,42";"0,03";"26,17";"54,77";"35,39";"19.419,24";"19.410,69";"0,00";"0,00";"0,00";"2.780,11";"0,00";"29,79";"216,92";"0,00";"7.864,42";"0,03";"28,83";"573,285";"0,01";"478,355";"0,000";"0,000";"0,00";"0,00";"0,00"
"59,95";"PERECIVEIS \ CONGELADO \ LANCHES PRONTOS CONGELADO \ SOBREMESAS CONGELADAS";"546,000";"10";"19,20";"10.482,22";"0,01";"29,95";"0,00";"0,29";"5,68";"3.099,75";"0,01";"29,57";"53,10";"34,68";"6.846,74";"6.129,15";"0,00";"0,00";"0,00";"1.253,32";"0,00";"7,45";"68,95";"0,00";"3.099,75";"0,01";"33,59";"39,220";"0,00";"36,140";"0,000";"0,000";"0,00";"0,00";"0,00"
"60,03";"PERECIVEIS \ CONGELADO \ PRATOS PRONTOS - SEMI-PRO \ ALMONDEGA - KIBE- BIFE";"3.998,000";"12";"22,47";"89.844,28";"0,08";"5.831,57";"0,01";"6,49";"6,24";"24.946,46";"0,09";"27,77";"58,67";"36,97";"56.624,39";"55.574,46";"0,00";"0,00";"0,00";"9.323,36";"0,00";"45,10";"427,92";"0,00";"24.946,46";"0,09";"30,98";"1.631,516";"0,03";"1.023,336";"0,000";"0,000";"0,00";"0,00";"0,00"
"60,05";"PERECIVEIS \ CONGELADO \ PRATOS PRONTOS - SEMI-PRO \ BOLINHO DE BACALHAU";"761,000";"4";"26,99";"20.539,73";"0,02";"15.296,85";"0,01";"74,47";"8,09";"6.158,33";"0,02";"29,98";"47,46";"32,19";"13.928,70";"13.631,47";"261,85";"0,00";"0,00";"488,08";"0,00";"9,83";"85,86";"0,00";"6.420,18";"0,02";"32,02";"380,060";"0,01";"45,620";"0,000";"0,000";"0,00";"0,00";"0,00"
"60,05";"PERECIVEIS \ CONGELADO \ PRATOS PRONTOS - SEMI-PRO \ PRATOS PRONTOS CARNES";"26,000";"1";"26,26";"682,83";"0,00";"0,00";"0,00";"0,00";"4,64";"120,67";"0,00";"17,67";"29,32";"22,67";"528,02";"411,86";"0,00";"0,00";"0,00";"150,30";"0,00";"0,00";"0,00";"0,00";"120,67";"0,00";"22,66";"0,000";"0,00";"0,000";"0,000";"0,000";"0,00";"0,00";"0,00"
"60,06";"PERECIVEIS \ CONGELADO \ PRATOS PRONTOS - SEMI-PRO \ PRATOS PRONTOS ESCONDIDIN";"697,000";"3";"21,20";"14.775,04";"0,01";"10.304,02";"0,01";"69,74";"4,85";"3.379,91";"0,01";"22,88";"57,53";"36,52";"9.378,99";"8.079,03";"0,00";"0,00";"0,00";"3.316,10";"0,00";"9,68";"90,59";"0,00";"3.379,91";"0,01";"29,50";"391,150";"0,01";"279,600";"0,000";"0,000";"0,00";"0,00";"0,00"
"60,21";"PERECIVEIS \ CONGELADO \ PRATOS PRONTOS - SEMI-PRO \ PRATOS PRONTOS ESPECIAIS";"12.791,000";"32";"12,36";"158.112,76";"0,15";"68.507,67";"0,06";"43,33";"3,28";"41.894,93";"0,15";"26,50";"51,71";"34,09";"104.218,15";"97.233,44";"823,16";"0,00";"0,00";"18.161,23";"0,00";"59,83";"751,55";"0,00";"42.718,09";"0,15";"30,52";"11.053,778";"0,22";"3.969,520";"0,054";"2.928.014,074";"0,00";"0,00";"0,00"
"60,44";"PERECIVEIS \ CONGELADO \ PRATOS PRONTOS - SEMI-PRO \ PRATOS PRONTOS LASANHA";"16.528,000";"29";"14,92";"246.607,97";"0,23";"109.424,69";"0,10";"44,37";"4,18";"69.101,67";"0,24";"28,02";"42,75";"29,95";"172.753,77";"172.753,77";"4.752,54";"0,00";"0,00";"0,00";"0,00";"92,60";"808,85";"0,00";"73.854,20";"0,26";"29,95";"8.999,338";"0,18";"8.187,750";"0,000";"0,000";"0,00";"0,00";"0,00"
"60,45";"PERECIVEIS \ CONGELADO \ PRATOS PRONTOS - SEMI-PRO \ PRATOS PRONTOS LEGUMES";"891,000";"4";"16,67";"14.850,09";"0,01";"321,42";"0,00";"2,16";"3,44";"3.065,36";"0,01";"20,64";"54,67";"35,34";"9.601,35";"7.443,01";"0,00";"0,00";"0,00";"4.341,72";"0,00";"8,65";"83,88";"0,00";"3.065,36";"0,01";"29,17";"272,894";"0,01";"0,000";"0,000";"0,000";"0,00";"0,00";"0,00"
"60,50";"PERECIVEIS \ CONGELADO \ PRATOS PRONTOS - SEMI-PRO \ PRATOS PRONTOS MASSAS";"5.009,000";"12";"11,70";"58.590,31";"0,05";"12.161,67";"0,01";"20,76";"3,50";"17.516,46";"0,06";"29,90";"45,93";"31,47";"40.149,73";"40.149,73";"924,12";"0,00";"0,00";"0,00";"0,00";"2,82";"179,77";"0,00";"18.440,58";"0,06";"31,47";"1.721,498";"0,03";"2.449,200";"0,321";"182.524,330";"0,00";"0,00";"0,00"
"60,51";"PERECIVEIS \ CONGELADO \ PRATOS PRONTOS - SEMI-PRO \ PRATOS PRONTOS YAKISOBA";"302,000";"2";"24,94";"7.532,41";"0,01";"0,00";"0,00";"0,00";"7,19";"2.171,56";"0,01";"28,83";"44,46";"30,78";"5.214,20";"5.214,20";"146,65";"0,00";"0,00";"0,00";"0,00";"2,66";"23,51";"0,00";"2.318,21";"0,01";"30,78";"104,445";"0,00";"99,000";"0,000";"0,000";"0,00";"0,00";"0,00"
"60,53";"PERECIVEIS \ CONGELADO \ PRATOS PRONTOS - SEMI-PRO \ TORTAS - QUICHES";"1.069,000";"8";"23,91";"25.559,09";"0,02";"20.503,41";"0,02";"80,22";"6,06";"6.479,42";"0,02";"25,35";"52,16";"34,28";"16.797,08";"16.715,45";"0,00";"0,00";"0,00";"2.364,22";"0,00";"19,56";"183,97";"0,00";"6.479,42";"0,02";"27,93";"553,542";"0,01";"505,460";"0,000";"0,000";"0,00";"0,00";"0,00"
"60,57";"PERECIVEIS \ CONGELADO \ PRATOS PRONTOS - SEMI-PRO \ WAFFLE";"2.943,000";"8";"15,26";"44.918,22";"0,04";"34.104,42";"0,03";"75,93";"4,23";"12.456,68";"0,04";"27,73";"58,48";"36,90";"28.343,28";"28.306,60";"0,00";"0,00";"0,00";"4.154,94";"0,00";"33,48";"327,01";"0,00";"12.456,68";"0,04";"30,56";"946,334";"0,02";"816,300";"0,000";"0,000";"0,00";"0,00";"0,00"
"60,66";"PERECIVEIS \ CONGELADO \ SORVETES - PICOLE - ACAI \ ACAI";"3.070,000";"22";"29,90";"91.790,53";"0,09";"0,00";"0,00";"0,00";"7,43";"22.811,15";"0,08";"24,85";"58,08";"36,74";"58.064,46";"46.530,85";"0,00";"0,00";"0,00";"22.448,53";"0,00";"63,50";"572,90";"0,00";"22.811,15";"0,08";"32,90";"1.038,249";"0,02";"1.324,420";"0,000";"0,000";"0,00";"0,00";"0,00"
"60,73";"PERECIVEIS \ CONGELADO \ SORVETES - PICOLE - ACAI \ PACK - PICOLE";"5.971,000";"58";"13,27";"79.259,11";"0,07";"0,00";"0,00";"0,00";"3,00";"17.934,63";"0,06";"22,63";"54,75";"35,38";"51.216,03";"38.157,78";"0,00";"0,00";"0,00";"23.166,70";"0,00";"56,20";"466,15";"0,00";"17.934,63";"0,06";"31,97";"362,387";"0,01";"660,229";"0,000";"0,000";"0,00";"0,00";"0,00"
"61,27";"PERECIVEIS \ CONGELADO \ SORVETES - PICOLE - ACAI \ SORVETES";"20.999,000";"114";"27,49";"577.185,22";"0,54";"186.375,05";"0,17";"32,29";"6,40";"134.364,45";"0,47";"23,28";"50,62";"33,61";"383.204,86";"279.379,64";"0,00";"0,00";"0,00";"163.441,13";"0,00";"374,30";"3.471,98";"0,00";"134.364,45";"0,47";"32,48";"11.344,006";"0,23";"17.747,187";"0,275";"2.098.855,345";"0,00";"0,00";"0,00"
"61,78";"PERECIVEIS \ CONGELADO \ VEGETAIS CONGELADOS \ BATATA FRITA CONGELADA";"31.589,000";"27";"17,55";"554.469,52";"0,51";"467.033,03";"0,43";"84,23";"3,92";"123.710,98";"0,43";"22,31";"55,14";"35,54";"357.404,13";"299.479,21";"0,00";"0,00";"0,00";"131.279,33";"0,00";"336,50";"3.542,96";"0,00";"123.710,98";"0,43";"29,23";"37.981,027";"0,76";"30.139,980";"0,000";"0,000";"0,00";"0,00";"0,00"
"61,83";"PERECIVEIS \ CONGELADO \ VEGETAIS CONGELADOS \ VEGETAIS CONGELADOS";"5.341,000";"18";"9,56";"51.055,83";"0,05";"30.541,98";"0,03";"59,82";"2,41";"12.846,84";"0,04";"25,16";"53,91";"35,02";"33.173,53";"28.828,25";"0,00";"0,00";"0,00";"9.380,74";"0,00";"28,67";"192,61";"0,00";"12.846,84";"0,04";"30,83";"1.969,573";"0,04";"1.551,500";"0,000";"0,000";"0,00";"0,00";"0,00"
"61,92";"PERECIVEIS \ FLV \ ALHO \ ALHO EMBALADO";"8.192,000";"1";"12,06";"98.792,33";"0,09";"300,42";"0,00";"0,30";"5,09";"41.720,59";"0,15";"42,23";"83,21";"45,42";"53.922,40";"50.147,84";"0,00";"0,00";"0,00";"6.923,90";"0,00";"0,00";"0,00";"0,00";"41.720,59";"0,14";"45,41";"4.177,920";"0,08";"4.096,000";"0,000";"0,000";"0,00";"0,00";"0,00"
"62,22";"PERECIVEIS \ FLV \ ALHO \ ALHO GRANEL";"17.078,923";"2";"18,70";"319.332,89";"0,30";"144.106,74";"0,13";"45,13";"4,57";"78.111,47";"0,27";"24,46";"35,70";"26,31";"235.331,24";"218.858,06";"0,00";"0,00";"0,00";"22.363,36";"0,00";"0,00";"0,00";"0,00";"78.111,47";"0,27";"26,30";"0,000";"0,00";"0,000";"0,000";"0,000";"0,00";"0,00";"0,00"
"62,43";"PERECIVEIS \ FLV \ ESPECIARIAS \ ESPECIARIAS";"2.877,400";"86";"77,44";"222.820,63";"0,21";"0,00";"0,00";"0,00";"37,97";"109.262,29";"0,38";"49,04";"207,25";"67,45";"72.520,24";"51.887,97";"157,51";"0,00";"0,00";"61.512,86";"0,00";"103,00";"981,29";"0,00";"109.419,80";"0,38";"67,83";"0,000";"0,00";"0,000";"0,000";"0,000";"0,00";"0,00";"0,00"
"63,16";"PERECIVEIS \ FLV \ FRUTAS \ FRUTAS EMBALADAS";"84.416,210";"25";"9,26";"781.677,52";"0,73";"202.548,89";"0,19";"25,91";"3,00";"253.568,23";"0,88";"32,44";"48,01";"32,44";"528.109,29";"528.109,29";"0,00";"0,00";"0,00";"0,00";"0,00";"0,63";"3,69";"0,00";"253.568,23";"0,88";"32,44";"47.130,096";"0,95";"8,200";"0,000";"0,000";"0,00";"0,00";"0,00"
"67,38";"PERECIVEIS \ FLV \ FRUTAS \ FRUTAS FRESCAS GRANEL";"573.248,605";"74";"7,93";"4.545.028,51";"4,22";"1.188.195,81";"1,10";"26,14";"2,75";"1.575.457,85";"5,50";"34,66";"53,24";"34,74";"2.965.981,86";"2.963.691,06";"0,60";"0,00";"0,00";"5.879,01";"0,00";"25,02";"227,11";"0,00";"1.575.458,44";"5,47";"34,71";"14.182,805";"0,28";"16,468";"18,076";"251.439,949";"0,00";"0,00";"0,00"
"67,38";"PERECIVEIS \ FLV \ FRUTAS \ FRUTAS ORGANICAS";"9,000";"1";"10,14";"91,22";"0,00";"0,00";"0,00";"0,00";"3,94";"35,42";"0,00";"38,83";"63,48";"38,83";"55,80";"55,80";"0,00";"0,00";"0,00";"0,00";"0,00";"0,00";"0,00";"0,00";"35,42";"0,00";"38,83";"0,000";"0,00";"7,200";"0,000";"0,000";"0,00";"0,00";"0,00"
"67,40";"PERECIVEIS \ FLV \ FRUTAS \ FRUTAS PROCESSADAS";"696,206";"1";"24,51";"17.066,49";"0,02";"0,00";"0,00";"0,00";"15,25";"10.616,40";"0,04";"62,21";"164,59";"62,21";"6.450,09";"6.450,09";"0,00";"0,00";"0,00";"0,00";"0,00";"0,00";"0,00";"0,00";"10.616,40";"0,04";"62,21";"0,000";"0,00";"0,000";"0,000";"0,000";"0,00";"0,00";"0,00"
"67,41";"PERECIVEIS \ FLV \ FRUTAS \ POLPA FRUTA";"237,888";"1";"38,29";"9.107,90";"0,01";"1.028,77";"0,00";"11,30";"13,60";"3.236,23";"0,01";"35,53";"81,10";"44,78";"5.029,19";"5.029,19";"0,00";"0,00";"0,00";"842,48";"0,00";"7,39";"67,48";"0,00";"3.236,23";"0,01";"39,15";"0,000";"0,00";"0,000";"0,000";"0,000";"0,00";"0,00";"0,00"
"67,42";"PERECIVEIS \ FLV \ HIGIENIZADOR DE FLV \ HIGIENIZADOR DE FLV";"522,000";"2";"12,89";"6.730,16";"0,01";"0,00";"0,00";"0,00";"2,49";"1.300,99";"0,00";"19,33";"54,41";"35,24";"4.358,69";"3.462,22";"0,00";"0,00";"0,00";"1.966,95";"0,00";"4,54";"36,38";"0,00";"1.300,99";"0,00";"27,31";"5,050";"0,00";"0,000";"0,000";"0,000";"0,00";"0,00";"0,00"
"67,43";"PERECIVEIS \ FLV \ HIGIENIZADOR DE FLV \ HIGIENIZADOR DE FLV LIQUI";"572,000";"1";"11,60";"6.637,76";"0,01";"0,00";"0,00";"0,00";"2,56";"1.464,63";"0,01";"22,07";"61,39";"38,04";"4.112,92";"3.232,78";"0,00";"0,00";"0,00";"1.940,35";"0,00";"5,22";"36,94";"0,00";"1.464,63";"0,01";"31,18";"193,336";"0,00";"0,000";"0,000";"0,000";"0,00";"0,00";"0,00"
"70,48";"PERECIVEIS \ FLV \ LEGUMES \ LEGUMES COMUM";"373.697,691";"44";"8,80";"3.287.093,95";"3,05";"453.153,44";"0,42";"13,79";"2,90";"1.082.923,24";"3,78";"32,94";"49,20";"32,98";"2.203.080,44";"2.203.080,44";"0,00";"0,00";"0,00";"1.090,27";"0,00";"7,30";"108,49";"0,00";"1.082.923,24";"3,76";"32,96";"6.368,454";"0,13";"0,000";"0,000";"0,000";"0,00";"0,00";"0,00"
"70,63";"PERECIVEIS \ FLV \ LEGUMES \ LEGUMES EMBALADOS";"25.738,501";"8";"6,48";"166.695,84";"0,15";"0,00";"0,00";"0,00";"2,83";"72.942,04";"0,25";"43,76";"77,80";"43,76";"93.753,80";"93.753,80";"0,00";"0,00";"0,00";"0,00";"0,00";"0,00";"0,00";"0,00";"72.942,04";"0,25";"43,76";"8.888,138";"0,18";"0,000";"0,000";"0,000";"0,00";"0,00";"0,00"
"70,68";"PERECIVEIS \ FLV \ LEGUMES \ LEGUMES ORGANICOS";"6.555,000";"15";"8,06";"52.805,37";"0,05";"0,00";"0,00";"0,00";"2,89";"18.919,19";"0,07";"35,83";"55,83";"35,83";"33.886,18";"33.886,18";"0,00";"0,00";"0,00";"0,00";"0,00";"0,02";"0,20";"0,00";"18.919,19";"0,07";"35,83";"0,000";"0,00";"41,020";"0,000";"0,000";"0,00";"0,00";"0,00"
"70,79";"PERECIVEIS \ FLV \ LEGUMES \ LEGUMES PROCESSADOS";"11.464,235";"23";"10,53";"120.746,48";"0,11";"391,96";"0,00";"0,32";"4,74";"54.381,08";"0,19";"45,04";"81,94";"45,04";"66.365,40";"66.365,40";"0,00";"0,00";"0,00";"0,00";"0,00";"0,11";"67,77";"0,00";"54.381,08";"0,19";"45,04";"1.725,407";"0,03";"29,000";"0,000";"0,000";"0,00";"0,00";"0,00"
"70,82";"PERECIVEIS \ FLV \ ORIENTAIS E BROTOS \ COGUMELOS IN NATURA";"1.634,000";"15";"17,56";"28.687,80";"0,03";"0,00";"0,00";"0,00";"7,40";"12.083,91";"0,04";"42,12";"77,87";"43,78";"16.128,97";"15.818,77";"116,37";"0,00";"0,00";"668,76";"0,00";"16,30";"104,93";"0,00";"12.200,28";"0,04";"43,54";"270,303";"0,01";"164,200";"0,000";"0,000";"0,00";"0,00";"0,00"
"72,21";"PERECIVEIS \ FLV \ OVOS \ OVOS BRANCOS";"112.874,000";"8";"13,23";"1.493.262,07";"1,39";"665.557,82";"0,62";"44,57";"3,01";"340.060,74";"1,19";"22,77";"29,49";"22,77";"1.153.201,33";"1.153.201,33";"0,00";"0,00";"0,00";"0,00";"0,00";"0,00";"0,00";"0,00";"340.060,74";"1,18";"22,77";"133.235,915";"2,67";"11,580";"0,000";"0,000";"0,00";"0,00";"0,00"
"72,38";"PERECIVEIS \ FLV \ OVOS \ OVOS CAIPIRAS";"10.651,000";"5";"17,15";"182.673,40";"0,17";"195,86";"0,00";"0,11";"6,00";"63.955,00";"0,22";"35,01";"53,87";"35,01";"118.718,40";"118.718,40";"0,00";"0,00";"0,00";"0,00";"0,00";"0,00";"0,00";"0,00";"63.955,00";"0,22";"35,01";"8.585,813";"0,17";"0,000";"0,000";"0,000";"0,00";"0,00";"0,00"
"72,40";"PERECIVEIS \ FLV \ OVOS \ OVOS CODORNA";"2.857,000";"1";"9,03";"25.790,79";"0,02";"0,00";"0,00";"0,00";"3,04";"8.675,69";"0,03";"33,64";"50,69";"33,64";"17.115,10";"17.115,10";"0,00";"0,00";"0,00";"0,00";"0,00";"0,00";"0,00";"0,00";"8.675,69";"0,03";"33,64";"968,523";"0,02";"0,000";"0,000";"0,000";"0,00";"0,00";"0,00"
"72,67";"PERECIVEIS \ FLV \ OVOS \ OVOS VERMELHOS";"13.794,000";"6";"20,98";"289.377,70";"0,27";"5.927,24";"0,01";"2,05";"7,15";"98.629,36";"0,34";"34,08";"51,71";"34,08";"190.748,34";"190.748,34";"0,00";"0,00";"0,00";"0,00";"0,00";"0,00";"0,00";"0,00";"98.629,36";"0,34";"34,08";"16.363,234";"0,33";"0,000";"0,000";"0,000";"0,00";"0,00";"0,00"
"72,88";"PERECIVEIS \ FLV \ PLANTAS E FLORES \ FLOR DE CORTE";"4.511,000";"26";"50,13";"226.154,67";"0,21";"0,00";"0,00";"0,00";"-4,57";"-20.616,79";"-0,07";"-9,12";"0,13";"0,13";"225.852,15";"225.852,15";"0,00";"0,00";"0,00";"20.919,31";"0,00";"0,00";"0,00";"0,00";"-20.616,79";"-0,07";"-10,05";"1.904,594";"0,04";"0,000";"0,000";"0,000";"0,00";"0,00";"0,00"
"72,88";"PERECIVEIS \ FLV \ PLANTAS E FLORES \ FLOR DE VASO";"118,000";"4";"21,34";"2.518,20";"0,00";"0,00";"0,00";"0,00";"-0,96";"-113,33";"0,00";"-4,50";"4,99";"4,75";"2.398,60";"2.398,60";"0,00";"0,00";"0,00";"232,93";"0,00";"0,00";"0,00";"0,00";"-113,33";"0,00";"-4,96";"20,952";"0,00";"0,000";"0,000";"0,000";"0,00";"0,00";"0,00"
"72,98";"PERECIVEIS \ FLV \ PROCESSADOS \ AGUA COCO";"6.799,000";"2";"16,16";"109.889,74";"0,10";"141,63";"0,00";"0,13";"4,32";"29.338,17";"0,10";"26,70";"43,26";"30,20";"76.705,96";"70.386,77";"0,00";"0,00";"0,00";"10.164,80";"0,00";"98,67";"845,77";"0,00";"29.338,17";"0,10";"29,42";"5.470,057";"0,11";"5.230,000";"0,000";"0,000";"0,00";"0,00";"0,00"
"73,05";"PERECIVEIS \ FLV \ PROCESSADOS \ SALADAS PRONTAS";"1.910,905";"1";"39,90";"76.246,63";"0,07";"0,00";"0,00";"0,00";"7,33";"14.005,38";"0,05";"18,37";"38,16";"27,62";"55.188,44";"55.188,44";"0,00";"0,00";"0,00";"7.052,81";"0,00";"52,83";"442,56";"0,00";"14.005,38";"0,05";"20,24";"0,000";"0,00";"0,000";"0,000";"0,000";"0,00";"0,00";"0,00"
"73,35";"PERECIVEIS \ FLV \ PROCESSADOS \ SUCOS";"21.580,148";"2";"14,76";"318.435,57";"0,30";"74,85";"0,00";"0,02";"5,55";"119.876,61";"0,42";"37,65";"113,83";"53,23";"148.919,63";"148.919,63";"0,00";"0,00";"0,00";"49.639,33";"0,00";"295,24";"2.199,59";"0,00";"119.876,61";"0,42";"44,60";"18.580,655";"0,37";"0,000";"0,000";"0,000";"0,00";"0,00";"0,00"
"74,22";"PERECIVEIS \ FLV \ VERDURAS \ VERDURAS COMUM";"202.120,685";"36";"4,62";"933.069,82";"0,87";"33.780,30";"0,03";"3,62";"1,96";"397.151,80";"1,39";"42,56";"74,11";"42,56";"535.912,11";"535.906,76";"0,00";"0,00";"0,00";"11,26";"0,00";"0,62";"242,68";"0,00";"397.151,80";"1,38";"42,56";"11.597,041";"0,23";"0,000";"0,000";"0,000";"0,00";"0,00";"0,00"
"74,27";"PERECIVEIS \ FLV \ VERDURAS \ VERDURAS HIDROPONICO";"12.682,000";"6";"4,38";"55.513,19";"0,05";"0,00";"0,00";"0,00";"2,01";"25.431,16";"0,09";"45,81";"84,54";"45,81";"30.082,03";"30.082,03";"0,00";"0,00";"0,00";"0,00";"0,00";"0,00";"0,00";"0,00";"25.431,16";"0,09";"45,81";"2.720,500";"0,05";"0,000";"0,000";"0,000";"0,00";"0,00";"0,00"
"74,27";"PERECIVEIS \ FLV \ VERDURAS \ VERDURAS ORGANICAS";"104,000";"5";"6,09";"632,92";"0,00";"0,00";"0,00";"0,00";"2,35";"244,65";"0,00";"38,65";"63,01";"38,65";"388,27";"388,27";"0,00";"0,00";"0,00";"0,00";"0,00";"0,00";"0,00";"0,00";"244,65";"0,00";"38,65";"0,000";"0,00";"0,600";"0,000";"0,000";"0,00";"0,00";"0,00"
"74,49";"PERECIVEIS \ FLV \ VERDURAS \ VERDURAS PROCESSADAS";"35.240,816";"29";"6,82";"240.459,81";"0,22";"5.874,07";"0,01";"2,44";"2,68";"94.495,03";"0,33";"39,30";"64,74";"39,30";"145.964,78";"145.964,78";"0,00";"0,00";"0,00";"0,00";"0,00";"0,00";"0,00";"0,00";"94.495,03";"0,33";"39,30";"8.121,697";"0,16";"664,795";"0,000";"0,000";"0,00";"0,00";"0,00"
"74,70";"PERECIVEIS \ LATICINIOS \ BEBIDAS REFRIGERADAS \ AGUA COCO";"17.257,000";"2";"12,89";"222.429,89";"0,21";"213.141,63";"0,20";"95,82";"3,29";"56.844,91";"0,20";"25,56";"40,06";"28,60";"158.805,09";"145.010,22";"0,00";"0,00";"0,00";"20.574,76";"0,00";"237,35";"1.602,67";"0,00";"56.844,91";"0,20";"28,16";"13.233,109";"0,27";"17.257,000";"0,000";"0,000";"0,00";"0,00";"0,00"
"74,95";"PERECIVEIS \ LATICINIOS \ BEBIDAS REFRIGERADAS \ BEBIDAS REFRIG SUCOS";"15.325,000";"15";"17,24";"264.266,27";"0,25";"189.698,23";"0,18";"71,78";"5,50";"84.226,49";"0,29";"31,87";"59,14";"37,16";"166.062,14";"153.674,94";"0,00";"0,00";"0,00";"26.364,85";"0,00";"208,88";"1.911,04";"0,00";"84.226,49";"0,29";"35,40";"16.926,113";"0,34";"14.789,817";"0,000";"0,000";"0,00";"0,00";"0,00"
"74,95";"PERECIVEIS \ LATICINIOS \ BEBIDAS REFRIGERADAS \ BEBIDAS REFRIG SUPLEMENTO";"376,000";"1";"6,99";"2.627,89";"0,00";"0,00";"0,00";"0,00";"2,04";"765,72";"0,00";"29,14";"68,41";"40,62";"1.560,40";"1.093,09";"0,00";"0,00";"0,00";"769,08";"0,00";"0,22";"14,48";"0,00";"765,72";"0,00";"41,19";"0,000";"0,00";"0,000";"0,000";"0,000";"0,00";"0,00";"0,00"
"74,96";"PERECIVEIS \ LATICINIOS \ CONDIMENTOS-TEMPEROS \ CONDIMENTOS-TEMPEROS";"88,952";"1";"79,19";"7.043,96";"0,01";"0,00";"0,00";"0,00";"40,02";"3.559,99";"0,01";"50,54";"281,14";"73,76";"1.848,12";"1.426,46";"0,00";"0,00";"0,00";"2.057,51";"0,00";"1,37";"41,92";"0,00";"3.559,99";"0,01";"71,39";"0,000";"0,00";"0,000";"0,000";"0,000";"0,00";"0,00";"0,00"
"74,96";"PERECIVEIS \ LATICINIOS \ CONSERVAS GRANEL \ ALCAPARRAS CONSERV GRANEL";"20,410";"1";"60,15";"1.227,60";"0,00";"0,00";"0,00";"0,00";"18,31";"373,70";"0,00";"30,44";"90,62";"47,54";"644,00";"495,36";"0,00";"0,00";"0,00";"358,54";"0,00";"0,62";"7,19";"0,00";"373,70";"0,00";"43,00";"0,000";"0,00";"0,000";"0,000";"0,000";"0,00";"0,00";"0,00"
"75,04";"PERECIVEIS \ LATICINIOS \ CONSERVAS GRANEL \ AZEITONAS CONSERV GRANEL";"1.562,541";"9";"55,83";"87.229,15";"0,08";"3.749,80";"0,00";"4,30";"18,85";"29.460,86";"0,10";"33,77";"105,48";"51,33";"42.452,26";"32.284,04";"0,00";"0,00";"0,00";"25.484,25";"0,00";"57,47";"536,63";"0,00";"29.460,86";"0,10";"47,71";"99,854";"0,00";"99,854";"0,000";"0,000";"0,00";"0,00";"0,00"
"75,04";"PERECIVEIS \ LATICINIOS \ CONSERVAS GRANEL \ CEBOLINHA CONSERV GRANEL";"49,678";"1";"40,01";"1.987,57";"0,00";"0,00";"0,00";"0,00";"10,42";"517,47";"0,00";"26,04";"57,37";"36,46";"1.262,96";"889,40";"0,00";"0,00";"0,00";"580,70";"0,00";"0,98";"12,23";"0,00";"517,47";"0,00";"36,78";"0,000";"0,00";"0,000";"0,000";"0,000";"0,00";"0,00";"0,00"
"75,05";"PERECIVEIS \ LATICINIOS \ CONSERVAS GRANEL \ CHAMPIGNON";"266,029";"2";"50,15";"13.340,63";"0,01";"0,00";"0,00";"0,00";"15,47";"4.116,79";"0,01";"30,86";"89,50";"47,23";"7.040,08";"5.325,92";"0,00";"0,00";"0,00";"3.897,93";"0,00";"9,16";"81,25";"0,00";"4.116,79";"0,01";"43,60";"0,000";"0,00";"0,000";"0,000";"0,000";"0,00";"0,00";"0,00"
"75,08";"PERECIVEIS \ LATICINIOS \ CONSERVAS GRANEL \ OVO CODORNA CONSERV GRANE";"1.504,466";"3";"23,88";"35.930,80";"0,03";"0,00";"0,00";"0,00";"5,34";"8.026,65";"0,03";"22,34";"61,06";"37,91";"22.309,54";"17.405,55";"0,00";"0,00";"0,00";"10.498,60";"0,00";"23,87";"209,25";"0,00";"8.026,65";"0,03";"31,56";"830,231";"0,02";"197,466";"0,000";"0,000";"0,00";"0,00";"0,00"
"75,08";"PERECIVEIS \ LATICINIOS \ CONSERVAS GRANEL \ PEPINO CONSERV GRANEL";"14,712";"2";"29,99";"441,22";"0,00";"0,00";"0,00";"0,00";"8,34";"122,67";"0,00";"27,80";"63,75";"38,93";"269,45";"189,76";"0,00";"0,00";"0,00";"128,79";"0,00";"0,17";"2,66";"0,00";"122,67";"0,00";"39,26";"0,000";"0,00";"0,000";"0,000";"0,000";"0,00";"0,00";"0,00"
"75,08";"PERECIVEIS \ LATICINIOS \ CONSERVAS GRANEL \ PIMENTA CONSERV GRANEL";"72,818";"1";"45,00";"3.276,71";"0,00";"0,00";"0,00";"0,00";"15,90";"1.157,47";"0,00";"35,32";"98,62";"49,65";"1.649,77";"1.162,03";"0,00";"0,00";"0,00";"957,21";"0,00";"1,30";"19,09";"0,00";"1.157,47";"0,00";"49,90";"0,000";"0,00";"0,000";"0,000";"0,000";"0,00";"0,00";"0,00"
"75,08";"PERECIVEIS \ LATICINIOS \ CONSERVAS GRANEL \ TOMATE SECO CONSERV GRANE";"115,656";"1";"43,06";"4.979,72";"0,00";"0,00";"0,00";"0,00";"11,17";"1.291,32";"0,00";"25,93";"66,38";"39,90";"2.992,98";"2.233,57";"0,00";"0,00";"0,00";"1.454,83";"0,00";"2,48";"29,45";"0,00";"1.291,32";"0,00";"36,63";"0,000";"0,00";"0,000";"0,000";"0,000";"0,00";"0,00";"0,00"
"75,08";"PERECIVEIS \ LATICINIOS \ CONSERVAS GRANEL \ TREMOCOS CONSERV GRANEL";"131,543";"1";"37,09";"4.878,49";"0,00";"0,00";"0,00";"0,00";"13,02";"1.712,74";"0,01";"35,11";"96,32";"49,06";"2.484,92";"1.740,45";"0,00";"0,00";"0,00";"1.425,30";"0,00";"3,85";"30,36";"0,00";"1.712,74";"0,01";"49,60";"131,543";"0,00";"131,543";"0,000";"0,000";"0,00";"0,00";"0,00"
"75,12";"PERECIVEIS \ LATICINIOS \ DOCES GRANEL \ DOCES CREMOSOS";"1.836,766";"4";"21,90";"40.216,97";"0,04";"14.643,11";"0,01";"36,41";"9,71";"17.834,76";"0,06";"44,35";"192,97";"65,87";"13.727,24";"10.633,53";"0,00";"0,00";"0,00";"11.748,68";"0,00";"28,83";"250,31";"0,00";"17.834,76";"0,06";"62,65";"20,328";"0,00";"20,328";"0,000";"0,000";"0,00";"0,00";"0,00"
"75,12";"PERECIVEIS \ LATICINIOS \ DOCES GRANEL \ DOCES EM CALDAS GRANEL";"94,654";"3";"54,94";"5.200,03";"0,00";"0,00";"0,00";"0,00";"16,26";"1.539,25";"0,01";"29,60";"80,05";"44,46";"2.888,03";"2.141,44";"0,00";"0,00";"0,00";"1.519,35";"0,00";"3,77";"31,98";"0,00";"1.539,25";"0,01";"41,82";"61,196";"0,00";"61,196";"0,000";"0,000";"0,00";"0,00";"0,00"
"75,14";"PERECIVEIS \ LATICINIOS \ DOCES GRANEL \ DOCES EM CORTE";"748,541";"5";"30,79";"23.048,22";"0,02";"0,00";"0,00";"0,00";"9,72";"7.273,04";"0,03";"31,56";"92,43";"48,03";"11.977,75";"9.041,48";"0,00";"0,00";"0,00";"6.733,70";"0,00";"12,28";"137,76";"0,00";"7.273,04";"0,03";"44,58";"309,864";"0,01";"309,864";"0,000";"0,000";"0,00";"0,00";"0,00"
"75,17";"PERECIVEIS \ LATICINIOS \ FONDUE \ FONDUE";"701,000";"12";"40,51";"28.398,63";"0,03";"10.910,43";"0,01";"38,42";"8,50";"5.958,70";"0,02";"20,98";"52,69";"34,51";"18.599,43";"15.305,74";"253,61";"0,00";"0,00";"6.880,58";"0,00";"19,23";"173,22";"0,00";"6.212,31";"0,02";"28,87";"129,568";"0,00";"209,350";"0,000";"0,000";"0,00";"0,00";"0,00"
"75,23";"PERECIVEIS \ LATICINIOS \ FRIOS - EMBUTIDOS \ BACON";"3.272,000";"5";"21,19";"69.342,44";"0,06";"0,00";"0,00";"0,00";"5,39";"17.631,91";"0,06";"25,43";"48,41";"32,62";"46.722,98";"36.443,87";"0,00";"0,00";"0,00";"15.266,66";"0,00";"0,00";"0,00";"0,00";"17.631,91";"0,06";"32,61";"735,259";"0,01";"697,520";"0,000";"0,000";"0,00";"0,00";"0,00"
"75,25";"PERECIVEIS \ LATICINIOS \ FRIOS - EMBUTIDOS \ COPA LOMBO";"789,058";"5";"25,70";"20.277,05";"0,02";"1.139,36";"0,00";"5,62";"6,28";"4.951,57";"0,02";"24,42";"47,18";"32,06";"13.777,06";"13.449,86";"0,00";"0,00";"0,00";"1.875,63";"0,00";"16,20";"145,07";"0,00";"4.951,57";"0,02";"26,91";"64,380";"0,00";"31,620";"0,000";"0,000";"0,00";"0,00";"0,00"
"75,29";"PERECIVEIS \ LATICINIOS \ FRIOS - EMBUTIDOS \ EMBUTIDOS DE FRANGO";"917,006";"6";"45,34";"41.579,86";"0,04";"697,12";"0,00";"1,68";"12,95";"11.875,00";"0,04";"28,56";"54,73";"35,37";"26.872,48";"25.846,89";"0,00";"0,00";"0,00";"3.857,98";"0,00";"35,48";"307,95";"0,00";"11.875,00";"0,04";"31,48";"447,839";"0,01";"526,962";"4,475";"9.291,589";"0,00";"0,00";"0,00"
"75,56";"PERECIVEIS \ LATICINIOS \ FRIOS - EMBUTIDOS \ EMBUTIDOS DE PERU";"4.575,075";"8";"63,66";"291.244,39";"0,27";"7.954,57";"0,01";"2,73";"17,78";"81.338,67";"0,28";"27,93";"59,18";"37,18";"182.965,69";"182.965,61";"0,00";"0,00";"0,00";"26.940,11";"0,00";"244,29";"2.176,33";"0,00";"81.338,67";"0,28";"30,77";"3.374,766";"0,07";"4.168,832";"0,004";"72.811.097,500";"0,00";"0,00";"0,00"
"75,57";"PERECIVEIS \ LATICINIOS \ FRIOS - EMBUTIDOS \ FILE MIGNON";"1.118,978";"2";"14,24";"15.933,62";"0,01";"7.734,60";"0,01";"48,54";"3,47";"3.887,34";"0,01";"24,40";"50,71";"33,65";"10.572,50";"10.572,42";"0,00";"0,00";"0,00";"1.473,86";"0,00";"12,09";"109,83";"0,00";"3.887,34";"0,01";"26,88";"159,220";"0,00";"150,840";"0,000";"0,000";"0,00";"0,00";"0,00"
"75,57";"PERECIVEIS \ LATICINIOS \ FRIOS - EMBUTIDOS \ JAMON";"18,624";"1";"227,38";"4.234,69";"0,00";"0,00";"0,00";"0,00";"76,95";"1.433,18";"0,01";"33,84";"59,72";"37,39";"2.651,32";"2.511,12";"0,00";"0,00";"0,00";"290,39";"0,00";"0,00";"0,00";"0,00";"1.433,18";"0,00";"36,34";"0,000";"0,00";"0,000";"0,000";"0,000";"0,00";"0,00";"0,00"
"75,57";"PERECIVEIS \ LATICINIOS \ FRIOS - EMBUTIDOS \ LINGUICAS";"146,000";"1";"11,54";"1.684,52";"0,00";"0,00";"0,00";"0,00";"3,49";"508,93";"0,00";"30,21";"55,55";"35,71";"1.082,93";"912,59";"0,00";"0,00";"0,00";"263,00";"0,00";"1,31";"11,31";"0,00";"508,93";"0,00";"35,80";"17,228";"0,00";"14,600";"0,000";"0,000";"0,00";"0,00";"0,00"
"75,59";"PERECIVEIS \ LATICINIOS \ FRIOS - EMBUTIDOS \ LOMBO CANADENSE";"857,686";"7";"26,17";"22.443,16";"0,02";"6.129,94";"0,01";"27,31";"6,72";"5.761,21";"0,02";"25,67";"51,62";"34,04";"14.802,53";"14.604,22";"0,00";"0,00";"0,00";"2.077,73";"0,00";"18,34";"168,91";"0,00";"5.761,21";"0,02";"28,29";"63,690";"0,00";"394,906";"0,000";"0,000";"0,00";"0,00";"0,00"
"75,80";"PERECIVEIS \ LATICINIOS \ FRIOS - EMBUTIDOS \ MORTADELA";"12.220,046";"23";"18,69";"228.331,96";"0,21";"136.714,51";"0,13";"59,88";"5,03";"61.413,43";"0,21";"26,90";"61,17";"37,95";"141.670,15";"131.272,89";"0,00";"0,00";"0,00";"35.645,64";"0,00";"114,02";"1.623,39";"0,00";"61.413,43";"0,21";"31,87";"8.053,539";"0,16";"10.128,878";"33,169";"6.883,896";"0,00";"0,00";"0,00"
"76,38";"PERECIVEIS \ LATICINIOS \ FRIOS - EMBUTIDOS \ PRESUNTO";"21.016,026";"28";"29,87";"627.715,05";"0,58";"212.529,45";"0,20";"33,86";"7,76";"163.019,36";"0,57";"25,97";"54,02";"35,07";"407.560,70";"399.767,97";"0,00";"0,00";"0,00";"64.927,71";"0,00";"459,74";"4.128,98";"0,00";"163.019,36";"0,57";"28,97";"17.145,408";"0,34";"17.049,721";"0,017";"36.924.414,706";"0,00";"0,00";"0,00"
"76,64";"PERECIVEIS \ LATICINIOS \ FRIOS - EMBUTIDOS \ SALAME";"9.119,902";"35";"30,65";"279.529,00";"0,26";"40.501,95";"0,04";"14,49";"9,18";"83.734,25";"0,29";"29,96";"59,51";"37,31";"175.241,71";"169.886,94";"0,00";"0,00";"0,00";"25.907,81";"0,00";"215,04";"2.092,22";"0,00";"83.734,25";"0,29";"33,02";"1.565,807";"0,03";"1.459,880";"0,001";"279.529.000,000";"0,00";"0,00";"0,00"
"76,70";"PERECIVEIS \ LATICINIOS \ FRIOS - EMBUTIDOS \ SALSICHA - SALSICHAO";"5.400,071";"19";"12,57";"67.869,94";"0,06";"33.773,64";"0,03";"49,76";"3,15";"17.014,09";"0,06";"25,07";"55,21";"35,57";"43.727,69";"40.263,07";"0,00";"0,00";"0,00";"10.592,78";"0,00";"53,61";"486,83";"0,00";"17.014,09";"0,06";"29,70";"2.111,995";"0,04";"2.240,948";"1,048";"64.761,393";"0,00";"0,00";"0,00"
"76,71";"PERECIVEIS \ LATICINIOS \ FRIOS - EMBUTIDOS \ TABUA DE FRIOS";"128,000";"3";"52,21";"6.682,30";"0,01";"0,00";"0,00";"0,00";"15,93";"2.038,99";"0,01";"30,51";"49,11";"32,94";"4.481,31";"4.025,20";"0,00";"0,00";"0,00";"618,11";"0,00";"5,87";"52,08";"0,00";"2.038,99";"0,01";"33,62";"4,480";"0,00";"3,500";"0,000";"0,000";"0,00";"0,00";"0,00"
"76,71";"PERECIVEIS \ LATICINIOS \ FRIOS - EMBUTIDOS \ TENDER";"47,773";"6";"21,09";"1.007,41";"0,00";"348,77";"0,00";"34,62";"-25,18";"-1.202,82";"0,00";"-119,40";"-53,85";"-116,70";"2.183,10";"2.117,05";"0,00";"0,00";"0,00";"93,19";"0,00";"0,89";"8,23";"0,00";"-1.202,82";"0,00";"-131,57";"0,000";"0,00";"0,000";"0,000";"0,000";"0,00";"0,00";"0,00"
"76,78";"PERECIVEIS \ LATICINIOS \ FRUTAS SECAS-CRISTALIZADA \ APERITIVOS-SNACKS";"1.560,509";"11";"51,40";"80.210,08";"0,07";"0,00";"0,00";"0,00";"15,99";"24.955,60";"0,09";"31,11";"75,61";"43,06";"45.674,58";"34.357,74";"906,07";"0,00";"0,00";"19.990,67";"0,00";"51,35";"479,52";"0,00";"25.861,67";"0,09";"42,95";"542,263";"0,01";"474,859";"0,000";"0,000";"0,00";"0,00";"0,00"
"76,78";"PERECIVEIS \ LATICINIOS \ FRUTAS SECAS-CRISTALIZADA \ FRUTAS CRISTALIZADAS";"39,430";"2";"20,34";"802,01";"0,00";"0,00";"0,00";"0,00";"5,72";"225,55";"0,00";"28,12";"64,80";"39,32";"486,66";"342,06";"0,00";"0,00";"0,00";"234,41";"0,00";"0,04";"4,97";"0,00";"225,55";"0,00";"39,74";"39,018";"0,00";"39,018";"0,000";"0,000";"0,00";"0,00";"0,00"
"77,11";"PERECIVEIS \ LATICINIOS \ FRUTAS SECAS-CRISTALIZADA \ FRUTAS SECAS";"5.701,460";"22";"62,91";"358.666,37";"0,33";"25.701,61";"0,02";"7,17";"18,17";"103.602,95";"0,36";"28,89";"64,12";"39,07";"218.536,63";"163.839,92";"3.703,82";"0,00";"0,00";"87.519,69";"0,00";"119,54";"1.330,28";"0,00";"107.306,76";"0,37";"39,58";"2.126,673";"0,04";"1.868,665";"0,000";"0,000";"0,00";"0,00";"0,00"
"77,12";"PERECIVEIS \ LATICINIOS \ GORDUROSOS \ BANHA";"665,000";"3";"16,92";"11.248,55";"0,01";"0,00";"0,00";"0,00";"4,74";"3.154,63";"0,01";"28,04";"75,83";"43,13";"6.397,51";"4.805,10";"0,00";"0,00";"0,00";"3.288,82";"0,00";"6,27";"67,29";"0,00";"3.154,63";"0,01";"39,63";"361,367";"0,01";"315,000";"0,000";"0,000";"0,00";"0,00";"0,00"
"77,13";"PERECIVEIS \ LATICINIOS \ GORDUROSOS \ CHANTILLY";"309,000";"3";"38,57";"11.918,81";"0,01";"0,00";"0,00";"0,00";"9,51";"2.940,09";"0,01";"24,67";"60,33";"37,63";"7.433,96";"5.495,71";"0,00";"0,00";"0,00";"3.483,01";"0,00";"6,88";"66,27";"0,00";"2.940,09";"0,01";"34,85";"54,780";"0,00";"60,500";"0,000";"0,000";"0,00";"0,00";"0,00"
"77,17";"PERECIVEIS \ LATICINIOS \ GORDUROSOS \ CREME LEITE FRESCO";"1.282,000";"4";"33,04";"42.360,91";"0,04";"338,56";"0,00";"0,80";"7,21";"9.244,56";"0,03";"21,82";"61,55";"38,10";"26.221,32";"20.737,55";"0,00";"0,00";"0,00";"12.378,80";"0,00";"27,60";"250,70";"0,00";"9.244,56";"0,03";"30,83";"628,048";"0,01";"641,000";"0,000";"0,000";"0,00";"0,00";"0,00"
"77,17";"PERECIVEIS \ LATICINIOS \ GORDUROSOS \ GORDURA VEG HIDROGENADA";"157,000";"1";"14,06";"2.207,73";"0,00";"0,00";"0,00";"0,00";"3,64";"572,15";"0,00";"25,92";"69,43";"40,98";"1.303,06";"990,00";"0,00";"0,00";"0,00";"645,58";"0,00";"1,50";"13,59";"0,00";"572,15";"0,00";"36,63";"78,971";"0,00";"0,000";"0,000";"0,000";"0,00";"0,00";"0,00"
"77,98";"PERECIVEIS \ LATICINIOS \ GORDUROSOS \ MANTEIGA";"67.857,000";"49";"12,94";"877.914,65";"0,81";"628.120,70";"0,58";"71,55";"3,06";"207.823,49";"0,73";"23,67";"46,65";"31,81";"598.647,03";"476.344,27";"0,13";"0,00";"0,00";"193.746,75";"0,00";"3,31";"32,44";"0,00";"207.823,62";"0,72";"30,38";"15.273,664";"0,31";"7.732,540";"0,000";"0,000";"0,00";"0,00";"0,00"
"78,45";"PERECIVEIS \ LATICINIOS \ GORDUROSOS \ MARGARINA";"50.955,000";"22";"9,91";"505.104,73";"0,47";"83.381,10";"0,08";"16,51";"2,17";"110.660,63";"0,39";"21,91";"30,50";"23,37";"387.057,12";"366.563,81";"0,00";"0,00";"0,00";"27.880,30";"0,00";"0,00";"0,00";"0,00";"110.660,63";"0,38";"23,19";"28.136,968";"0,56";"27.002,350";"0,304";"1.661.528,717";"0,00";"0,00";"0,00"
"78,45";"PERECIVEIS \ LATICINIOS \ GORDUROSOS \ NATA";"77,000";"1";"23,13";"1.781,21";"0,00";"0,00";"0,00";"0,00";"5,51";"424,34";"0,00";"23,82";"69,64";"41,05";"1.050,02";"836,19";"0,00";"0,00";"0,00";"520,68";"0,00";"1,32";"9,95";"0,00";"424,34";"0,00";"33,66";"0,000";"0,00";"0,000";"0,000";"0,000";"0,00";"0,00";"0,00"
"78,54";"PERECIVEIS \ LATICINIOS \ IOGURTE \ BEBIDA LACTEA";"13.086,000";"13";"7,13";"93.337,63";"0,09";"80.272,71";"0,07";"86,00";"2,17";"28.428,31";"0,10";"30,46";"47,90";"32,38";"63.110,47";"63.110,47";"1.798,85";"0,00";"0,00";"0,00";"0,00";"119,07";"775,40";"0,00";"30.227,16";"0,10";"32,38";"8.562,057";"0,17";"6.427,150";"0,000";"0,000";"0,00";"0,00";"0,00"
"79,68";"PERECIVEIS \ LATICINIOS \ IOGURTE \ IOGURTE";"157.742,000";"206";"7,82";"1.232.906,35";"1,14";"906.744,60";"0,84";"73,55";"1,70";"268.070,77";"0,94";"21,74";"50,22";"33,43";"820.759,93";"671.166,60";"23.140,30";"0,00";"0,00";"270.528,68";"0,00";"157,98";"3.172,37";"0,00";"291.211,07";"1,01";"30,26";"68.830,519";"1,38";"54.100,618";"15,751";"78.274,798";"0,00";"0,00";"0,00"
"79,96";"PERECIVEIS \ LATICINIOS \ IOGURTE \ IOGURTE GREGO";"50.187,000";"54";"5,96";"299.022,25";"0,28";"64.829,50";"0,06";"21,68";"1,38";"69.287,10";"0,24";"23,17";"48,28";"32,56";"201.661,19";"158.216,29";"5.734,55";"0,00";"0,00";"65.784,31";"0,00";"25,74";"800,95";"0,00";"75.021,65";"0,26";"32,17";"8.673,352";"0,17";"5.898,190";"1,782";"167.801,487";"0,00";"0,00";"0,00"
"80,13";"PERECIVEIS \ LATICINIOS \ IOGURTE \ IOGURTE NATURAL";"27.477,000";"41";"6,48";"178.102,02";"0,17";"35.728,64";"0,03";"20,06";"1,54";"42.306,27";"0,15";"23,75";"57,18";"36,38";"113.309,55";"93.126,24";"3.412,49";"0,00";"0,00";"39.257,02";"0,00";"9,73";"423,51";"0,00";"45.718,76";"0,16";"32,93";"5.422,679";"0,11";"4.258,705";"0,428";"416.126,215";"0,00";"0,00";"0,00"
"80,35";"PERECIVEIS \ LATICINIOS \ IOGURTE \ LEITE FERMENTADO";"20.183,000";"39";"11,56";"233.219,05";"0,22";"145.057,70";"0,13";"62,20";"2,80";"56.533,98";"0,20";"24,24";"58,02";"36,72";"147.585,50";"117.073,31";"3.129,26";"0,00";"0,00";"56.482,50";"0,00";"164,45";"1.465,32";"0,00";"59.663,24";"0,21";"33,76";"10.045,669";"0,20";"6.102,060";"0,000";"0,000";"0,00";"0,00";"0,00"
"80,39";"PERECIVEIS \ LATICINIOS \ IOGURTE \ PETIT SUISSE";"4.467,000";"13";"8,68";"38.769,07";"0,04";"31.422,91";"0,03";"81,05";"2,03";"9.079,70";"0,03";"23,42";"53,27";"34,75";"25.294,95";"21.150,33";"0,00";"0,00";"0,00";"8.539,04";"0,00";"0,00";"0,00";"0,00";"9.079,70";"0,03";"30,04";"1.224,254";"0,02";"36,860";"0,000";"0,000";"0,00";"0,00";"0,00"
"80,41";"PERECIVEIS \ LATICINIOS \ LEITES PASTEURIZADOS \ LEITES PASTEURIZADOS";"2.344,000";"2";"10,98";"25.726,03";"0,02";"119,80";"0,00";"0,47";"2,68";"6.282,03";"0,02";"24,42";"48,95";"32,86";"17.271,70";"15.199,09";"0,00";"0,00";"0,00";"4.244,91";"0,00";"20,79";"175,80";"0,00";"6.282,03";"0,02";"29,24";"2.504,820";"0,05";"1.498,000";"0,000";"0,000";"0,00";"0,00";"0,00"
"80,42";"PERECIVEIS \ LATICINIOS \ MASSAS RESFRIADAS \ MASSA LASANHA";"1.030,000";"2";"10,41";"10.725,38";"0,01";"169,08";"0,00";"1,58";"2,54";"2.616,30";"0,01";"24,39";"56,00";"35,90";"6.875,17";"6.398,06";"0,00";"0,00";"0,00";"1.711,02";"0,00";"0,00";"0,00";"0,00";"2.616,30";"0,01";"29,02";"539,892";"0,01";"515,000";"0,000";"0,000";"0,00";"0,00";"0,00"
"80,44";"PERECIVEIS \ LATICINIOS \ MASSAS RESFRIADAS \ MASSA NHOQUE";"1.374,000";"3";"15,54";"21.348,34";"0,02";"119,92";"0,00";"0,56";"3,67";"5.048,98";"0,02";"23,65";"63,84";"38,97";"13.029,69";"11.468,33";"137,33";"0,00";"0,00";"4.693,70";"0,00";"0,29";"17,83";"0,00";"5.186,31";"0,02";"31,14";"709,783";"0,01";"448,000";"0,000";"0,000";"0,00";"0,00";"0,00"
"80,45";"PERECIVEIS \ LATICINIOS \ MASSAS RESFRIADAS \ MASSA PIZZA";"883,000";"3";"11,68";"10.310,43";"0,01";"28,93";"0,00";"0,28";"2,98";"2.629,20";"0,01";"25,50";"61,94";"38,25";"6.366,85";"5.793,91";"0,00";"0,00";"0,00";"1.887,32";"0,00";"1,32";"11,72";"0,00";"2.629,20";"0,01";"31,21";"233,344";"0,00";"204,250";"0,000";"0,000";"0,00";"0,00";"0,00"
"80,49";"PERECIVEIS \ LATICINIOS \ MASSAS RESFRIADAS \ MASSA RECHEADA";"2.897,000";"23";"15,86";"45.957,50";"0,04";"29,97";"0,00";"0,07";"4,82";"13.969,33";"0,05";"30,40";"47,74";"32,31";"31.107,43";"31.107,43";"880,73";"0,00";"0,00";"0,00";"0,00";"26,90";"145,90";"0,00";"14.850,07";"0,05";"32,31";"1.019,703";"0,02";"940,250";"0,000";"0,000";"0,00";"0,00";"0,00"
"80,57";"PERECIVEIS \ LATICINIOS \ MASSAS RESFRIADAS \ MASSAS DE PASTEL";"11.807,000";"10";"7,02";"82.890,13";"0,08";"28.990,86";"0,03";"34,98";"2,04";"24.099,70";"0,08";"29,07";"56,94";"36,28";"52.817,61";"52.817,61";"0,00";"0,00";"0,00";"5.972,82";"0,00";"0,00";"0,00";"0,00";"24.099,70";"0,08";"31,33";"4.709,087";"0,09";"2.102,400";"0,000";"0,000";"0,00";"0,00";"0,00"
"80,59";"PERECIVEIS \ LATICINIOS \ MASSAS RESFRIADAS \ MASSAS ESPECIAIS RESFRI";"1.493,000";"6";"16,27";"24.292,43";"0,02";"157,86";"0,00";"0,65";"4,18";"6.236,95";"0,02";"25,67";"61,00";"37,89";"15.088,32";"13.332,93";"0,00";"0,00";"0,00";"4.722,55";"0,00";"1,26";"12,00";"0,00";"6.236,95";"0,02";"31,87";"681,318";"0,01";"433,700";"0,000";"0,000";"0,00";"0,00";"0,00"
"80,71";"PERECIVEIS \ LATICINIOS \ PAO RECH- PAO DE ALHO \ PAO DE ALHO";"11.419,000";"7";"11,13";"127.130,80";"0,12";"73.068,46";"0,07";"57,48";"2,64";"30.147,99";"0,11";"23,71";"37,08";"27,05";"92.744,82";"85.223,21";"0,00";"0,00";"0,00";"11.759,60";"0,00";"107,64";"948,43";"0,00";"30.147,99";"0,10";"26,13";"4.411,361";"0,09";"3.670,400";"0,000";"0,000";"0,00";"0,00";"0,00"
"80,71";"PERECIVEIS \ LATICINIOS \ PAO RECH- PAO DE ALHO \ PAO RECHEADO";"188,000";"3";"24,34";"4.575,89";"0,00";"35,96";"0,00";"0,79";"7,13";"1.340,80";"0,00";"29,30";"49,78";"33,23";"3.055,14";"2.811,82";"0,00";"0,00";"0,00";"423,27";"0,00";"3,42";"33,36";"0,00";"1.340,80";"0,00";"32,29";"11,730";"0,00";"67,840";"0,000";"0,000";"0,00";"0,00";"0,00"
"80,71";"PERECIVEIS \ LATICINIOS \ PASTAS - PATE - MOLHO \ MOLHOS";"126,000";"2";"19,99";"2.518,63";"0,00";"12,98";"0,00";"0,52";"6,31";"794,99";"0,00";"31,56";"54,36";"35,22";"1.631,69";"1.490,66";"0,00";"0,00";"0,00";"232,97";"0,00";"2,19";"17,59";"0,00";"794,99";"0,00";"34,78";"30,240";"0,00";"27,720";"0,000";"0,000";"0,00";"0,00";"0,00"
"80,72";"PERECIVEIS \ LATICINIOS \ PASTAS - PATE - MOLHO \ PASTAS";"390,000";"9";"16,41";"6.400,30";"0,01";"0,00";"0,00";"0,00";"5,62";"2.193,06";"0,01";"34,26";"74,02";"42,53";"3.678,00";"3.219,21";"0,00";"0,00";"0,00";"988,03";"0,00";"4,14";"38,50";"0,00";"2.193,06";"0,01";"40,52";"46,656";"0,00";"42,500";"0,000";"0,000";"0,00";"0,00";"0,00"
"80,77";"PERECIVEIS \ LATICINIOS \ PASTAS - PATE - MOLHO \ PATE";"6.812,909";"25";"8,08";"55.072,77";"0,05";"17.254,06";"0,02";"31,33";"2,44";"16.636,21";"0,06";"30,21";"56,63";"36,15";"35.162,18";"33.342,33";"0,00";"0,00";"0,00";"5.094,23";"0,00";"23,92";"422,69";"0,00";"16.636,21";"0,06";"33,29";"736,421";"0,01";"681,980";"0,000";"0,000";"0,00";"0,00";"0,00"
"80,86";"PERECIVEIS \ LATICINIOS \ QUEIJOS \ CREAM CHEESE";"6.313,000";"13";"15,03";"94.877,43";"0,09";"6.545,73";"0,01";"6,90";"3,73";"23.541,00";"0,08";"24,81";"57,23";"36,40";"60.343,31";"50.442,51";"0,00";"0,00";"0,00";"20.893,92";"0,00";"5,46";"41,17";"0,00";"23.541,00";"0,08";"31,82";"1.445,241";"0,03";"1.039,860";"0,398";"238.385,503";"0,00";"0,00";"0,00"
"81,02";"PERECIVEIS \ LATICINIOS \ QUEIJOS \ CREMES";"22.234,000";"25";"7,71";"171.334,60";"0,16";"117.257,41";"0,11";"68,44";"2,02";"44.892,87";"0,16";"26,20";"56,63";"36,16";"109.385,68";"88.695,27";"0,00";"0,00";"0,00";"37.746,46";"0,00";"22,10";"326,79";"0,00";"44.892,87";"0,16";"33,61";"4.724,561";"0,09";"1.555,110";"0,000";"0,000";"0,00";"0,00";"0,00"
"81,02";"PERECIVEIS \ LATICINIOS \ QUEIJOS \ QUEIJO AZUL";"43,934";"1";"99,92";"4.389,97";"0,00";"0,00";"0,00";"0,00";"25,04";"1.100,14";"0,00";"25,06";"73,75";"42,44";"2.526,65";"2.006,36";"0,00";"0,00";"0,00";"1.283,47";"0,00";"2,67";"27,23";"0,00";"1.100,14";"0,00";"35,41";"0,000";"0,00";"0,000";"0,000";"0,000";"0,00";"0,00";"0,00"
"81,04";"PERECIVEIS \ LATICINIOS \ QUEIJOS \ QUEIJO BOLA";"938,000";"1";"24,99";"23.444,54";"0,02";"0,00";"0,00";"0,00";"2,98";"2.792,74";"0,01";"11,91";"46,10";"31,55";"16.047,13";"15.489,90";"0,00";"0,00";"0,00";"5.161,90";"0,00";"16,28";"146,51";"0,00";"2.792,74";"0,01";"15,28";"150,080";"0,00";"0,000";"0,000";"0,000";"0,00";"0,00";"0,00"
"81,10";"PERECIVEIS \ LATICINIOS \ QUEIJOS \ QUEIJO BRIE";"1.279,144";"15";"52,93";"67.701,93";"0,06";"19.909,44";"0,02";"29,41";"11,69";"14.958,11";"0,05";"22,09";"56,87";"36,25";"43.157,51";"33.085,97";"0,00";"0,00";"0,00";"19.657,86";"0,00";"41,13";"381,54";"0,00";"14.958,11";"0,05";"31,13";"25,284";"0,00";"61,025";"0,000";"0,000";"0,00";"0,00";"0,00"
"81,11";"PERECIVEIS \ LATICINIOS \ QUEIJOS \ QUEIJO CABRA";"190,000";"6";"46,31";"8.798,12";"0,01";"0,00";"0,00";"0,00";"11,49";"2.182,61";"0,01";"24,81";"85,41";"46,06";"4.745,28";"4.287,89";"0,00";"0,00";"0,00";"2.327,62";"0,00";"1,97";"16,35";"0,00";"2.182,61";"0,01";"33,73";"0,000";"0,00";"14,890";"0,000";"0,000";"0,00";"0,00";"0,00"
"81,12";"PERECIVEIS \ LATICINIOS \ QUEIJOS \ QUEIJO CAMEMBERT";"337,000";"7";"27,72";"9.343,31";"0,01";"1.017,43";"0,00";"10,89";"6,14";"2.070,60";"0,01";"22,16";"57,80";"36,63";"5.921,07";"4.541,89";"0,00";"0,00";"0,00";"2.730,82";"0,00";"5,29";"51,59";"0,00";"2.070,60";"0,01";"31,31";"5,320";"0,00";"38,170";"0,000";"0,000";"0,00";"0,00";"0,00"
"81,27";"PERECIVEIS \ LATICINIOS \ QUEIJOS \ QUEIJO COALHO";"4.430,980";"9";"35,55";"157.501,18";"0,15";"95.927,46";"0,09";"60,91";"8,70";"38.532,39";"0,13";"24,46";"55,53";"35,71";"101.265,06";"84.068,24";"0,00";"0,00";"0,00";"34.900,55";"0,00";"46,95";"397,89";"0,00";"38.532,39";"0,13";"31,43";"1.095,194";"0,02";"952,960";"0,000";"0,000";"0,00";"0,00";"0,00"
"81,33";"PERECIVEIS \ LATICINIOS \ QUEIJOS \ QUEIJO COTTAGE";"4.036,000";"8";"15,85";"63.982,34";"0,06";"8.385,01";"0,01";"13,11";"3,90";"15.746,74";"0,05";"24,61";"59,89";"37,46";"40.017,26";"33.813,43";"336,12";"0,00";"0,00";"14.086,06";"0,00";"15,56";"182,73";"0,00";"16.082,85";"0,06";"32,23";"750,374";"0,02";"535,760";"0,000";"0,000";"0,00";"0,00";"0,00"
"81,34";"PERECIVEIS \ LATICINIOS \ QUEIJOS \ QUEIJO EMMENTAL";"139,902";"2";"53,39";"7.469,24";"0,01";"0,00";"0,00";"0,00";"11,65";"1.629,98";"0,01";"21,82";"55,70";"35,77";"4.797,20";"3.657,12";"0,00";"0,00";"0,00";"2.182,15";"0,00";"5,04";"43,21";"0,00";"1.629,98";"0,01";"30,83";"0,000";"0,00";"17,000";"0,000";"0,000";"0,00";"0,00";"0,00"
"81,34";"PERECIVEIS \ LATICINIOS \ QUEIJOS \ QUEIJO ESTEPE";"86,000";"2";"15,82";"1.360,91";"0,00";"530,71";"0,00";"39,00";"1,11";"95,56";"0,00";"7,02";"14,13";"12,38";"1.192,38";"867,51";"0,00";"0,00";"0,00";"397,84";"0,00";"0,86";"6,89";"0,00";"95,56";"0,00";"9,92";"0,000";"0,00";"12,880";"0,000";"0,000";"0,00";"0,00";"0,00"
"81,42";"PERECIVEIS \ LATICINIOS \ QUEIJOS \ QUEIJO GORGONZOLA";"838,713";"10";"97,17";"81.494,35";"0,08";"18.638,66";"0,02";"22,87";"22,54";"18.903,28";"0,07";"23,20";"57,95";"36,69";"51.593,49";"38.776,96";"0,00";"0,00";"0,00";"23.814,10";"0,00";"54,05";"470,55";"0,00";"18.903,28";"0,07";"32,77";"42,940";"0,00";"46,190";"0,000";"0,000";"0,00";"0,00";"0,00"
"81,44";"PERECIVEIS \ LATICINIOS \ QUEIJOS \ QUEIJO GOUDA";"1.034,235";"12";"24,46";"25.298,03";"0,02";"2.960,62";"0,00";"11,70";"5,68";"5.870,05";"0,02";"23,20";"58,82";"37,04";"15.928,81";"12.120,54";"0,00";"0,00";"0,00";"7.307,44";"0,00";"15,59";"144,48";"0,00";"5.870,05";"0,02";"32,63";"109,207";"0,00";"121,420";"0,000";"0,000";"0,00";"0,00";"0,00"
"81,46";"PERECIVEIS \ LATICINIOS \ QUEIJOS \ QUEIJO GRANA";"742,011";"7";"33,67";"24.981,69";"0,02";"6.734,64";"0,01";"26,96";"7,08";"5.254,98";"0,02";"21,04";"58,37";"36,86";"15.774,15";"12.469,83";"0,00";"0,00";"0,00";"7.256,88";"0,00";"15,49";"140,17";"0,00";"5.254,98";"0,02";"29,65";"54,609";"0,00";"85,300";"0,000";"0,000";"0,00";"0,00";"0,00"
"81,47";"PERECIVEIS \ LATICINIOS \ QUEIJOS \ QUEIJO GRUYERE";"221,200";"3";"28,49";"6.301,32";"0,01";"0,00";"0,00";"0,00";"6,39";"1.413,12";"0,00";"22,43";"56,14";"35,96";"4.035,68";"3.127,46";"0,00";"0,00";"0,00";"1.760,73";"0,00";"4,32";"33,81";"0,00";"1.413,12";"0,00";"31,12";"25,306";"0,00";"22,730";"0,000";"0,000";"0,00";"0,00";"0,00"
"83,10";"PERECIVEIS \ LATICINIOS \ QUEIJOS \ QUEIJO MINAS";"38.944,216";"53";"45,20";"1.760.416,06";"1,63";"348.574,66";"0,32";"19,80";"11,75";"457.707,67";"1,60";"26,00";"53,18";"34,72";"1.149.253,59";"991.482,30";"66,00";"0,00";"0,00";"311.160,08";"0,00";"287,27";"2.575,08";"0,00";"457.773,67";"1,59";"31,59";"4.240,090";"0,09";"3.694,017";"0,001";"1.760.416.060,000";"0,00";"0,00";"0,00"
"83,10";"PERECIVEIS \ LATICINIOS \ QUEIJOS \ QUEIJO MONTANHES";"0,212";"1";"113,92";"24,15";"0,00";"0,00";"0,00";"0,00";"32,64";"6,92";"0,00";"28,65";"60,25";"37,60";"15,07";"11,92";"0,00";"0,00";"0,00";"5,31";"0,00";"0,02";"0,17";"0,00";"6,92";"0,00";"36,73";"0,000";"0,00";"0,000";"0,000";"0,000";"0,00";"0,00";"0,00"
"84,91";"PERECIVEIS \ LATICINIOS \ QUEIJOS \ QUEIJO MUCARELA";"50.795,518";"21";"38,30";"1.945.433,50";"1,81";"460.765,74";"0,43";"23,68";"9,29";"471.715,34";"1,65";"24,25";"45,71";"31,37";"1.335.159,60";"1.045.562,37";"0,00";"0,00";"0,00";"428.155,78";"0,00";"10,18";"83,51";"0,00";"471.715,34";"1,64";"31,09";"38.468,655";"0,77";"37.673,054";"0,036";"54.039.819,444";"0,00";"0,00";"0,00"
"85,52";"PERECIVEIS \ LATICINIOS \ QUEIJOS \ QUEIJO PARMESAO";"56.962,872";"38";"11,62";"661.645,07";"0,61";"285.064,98";"0,26";"43,08";"2,74";"156.214,23";"0,55";"23,61";"50,91";"33,73";"438.442,88";"358.854,60";"0,00";"0,00";"0,00";"146.576,24";"0,00";"397,51";"4.354,65";"0,00";"156.214,23";"0,54";"30,33";"4.045,581";"0,08";"3.405,396";"0,411";"1.609.842,019";"0,00";"0,00";"0,00"
"86,44";"PERECIVEIS \ LATICINIOS \ QUEIJOS \ QUEIJO PRATO";"23.824,970";"21";"41,72";"993.951,13";"0,92";"185.478,87";"0,17";"18,66";"11,22";"267.264,41";"0,93";"26,89";"59,25";"37,21";"624.130,93";"507.896,43";"310,96";"0,00";"0,00";"218.479,33";"0,00";"712,27";"6.333,59";"0,00";"267.575,37";"0,93";"34,50";"13.177,860";"0,26";"12.578,288";"0,012";"82.829.260,833";"0,00";"0,00";"0,25"
"86,54";"PERECIVEIS \ LATICINIOS \ QUEIJOS \ QUEIJO PROCESSADO";"7.809,764";"16";"13,56";"105.926,21";"0,10";"27.541,45";"0,03";"26,00";"3,42";"26.708,86";"0,09";"25,21";"72,47";"42,02";"61.417,74";"50.985,36";"991,36";"0,00";"0,00";"27.240,63";"0,00";"72,18";"651,27";"0,00";"27.700,22";"0,10";"35,20";"1.473,347";"0,03";"910,212";"0,031";"3.416.974,516";"0,00";"0,00";"0,00"
"86,60";"PERECIVEIS \ LATICINIOS \ QUEIJOS \ QUEIJO PROVOLONE";"1.800,729";"10";"36,18";"65.159,34";"0,06";"681,80";"0,00";"1,05";"6,70";"12.066,09";"0,04";"18,52";"53,16";"34,71";"42.543,93";"37.544,77";"511,12";"0,00";"0,00";"15.037,36";"0,00";"43,25";"390,33";"0,00";"12.577,21";"0,04";"25,09";"213,006";"0,00";"0,000";"0,000";"0,000";"0,00";"0,00";"0,00"
"86,60";"PERECIVEIS \ LATICINIOS \ QUEIJOS \ QUEIJO REINO";"28,063";"3";"116,18";"3.260,30";"0,00";"0,00";"0,00";"0,00";"27,18";"762,70";"0,00";"23,39";"64,07";"39,05";"1.987,16";"1.664,83";"0,00";"0,00";"0,00";"832,77";"0,00";"2,22";"20,65";"0,00";"762,70";"0,00";"31,42";"0,000";"0,00";"0,000";"0,000";"0,000";"0,00";"0,00";"0,00"
"86,60";"PERECIVEIS \ LATICINIOS \ QUEIJOS \ QUEIJO SUICO";"42,000";"1";"16,18";"679,42";"0,00";"217,50";"0,00";"32,01";"2,87";"120,41";"0,00";"17,72";"49,72";"33,21";"453,78";"360,43";"0,00";"0,00";"0,00";"198,58";"0,00";"0,33";"3,39";"0,00";"120,41";"0,00";"25,04";"5,250";"0,00";"4,620";"0,000";"0,000";"0,00";"0,00";"0,00"
"86,72";"PERECIVEIS \ LATICINIOS \ QUEIJOS \ QUEIJOS ESPECIAIS";"2.797,482";"44";"47,29";"132.301,92";"0,12";"759,36";"0,00";"0,57";"10,75";"30.061,81";"0,10";"22,72";"65,64";"39,63";"79.874,75";"65.583,03";"62,03";"0,00";"0,00";"36.595,06";"0,00";"70,24";"618,95";"0,00";"30.123,84";"0,10";"31,48";"411,776";"0,01";"356,400";"0,000";"0,000";"0,00";"0,00";"0,00"
"86,74";"PERECIVEIS \ LATICINIOS \ QUEIJOS \ QUEIJOS TIPO RICOTAS";"870,136";"7";"28,49";"24.787,50";"0,02";"244,67";"0,00";"0,99";"7,13";"6.202,36";"0,02";"25,02";"61,83";"38,21";"15.317,15";"13.122,48";"8,73";"0,00";"0,00";"5.453,93";"0,00";"0,28";"2,96";"0,00";"6.211,09";"0,02";"32,13";"0,000";"0,00";"23,235";"0,000";"0,000";"0,00";"0,00";"0,00"
"87,56";"PERECIVEIS \ LATICINIOS \ QUEIJOS \ REQUEIJAO";"65.444,602";"72";"13,55";"886.661,14";"0,82";"437.436,15";"0,41";"49,34";"3,56";"232.792,89";"0,81";"26,26";"60,05";"37,52";"553.978,64";"458.382,58";"0,00";"0,00";"0,00";"195.485,67";"0,00";"0,89";"9,36";"0,00";"232.792,89";"0,81";"33,68";"20.007,465";"0,40";"12.938,560";"0,887";"999.617,971";"0,00";"0,00";"0,00"
"87,56";"PERECIVEIS \ LATICINIOS \ ROTISSERIE \ ROTISSERIE";"3,000";"1";"29,98";"89,94";"0,00";"0,00";"0,00";"0,00";"14,53";"43,60";"0,00";"48,48";"75,22";"42,93";"51,33";"40,04";"0,00";"0,00";"0,00";"6,30";"0,00";"0,00";"0,00";"0,00";"43,60";"0,00";"52,13";"0,000";"0,00";"0,000";"0,000";"0,000";"0,00";"0,00";"0,00"
"87,60";"PERECIVEIS \ LATICINIOS \ SOBREMESA REFRIGERADA \ SOBREM REFRIG FLAN PUDIM";"7.851,000";"9";"5,30";"41.647,87";"0,04";"2.290,73";"0,00";"5,50";"1,29";"10.158,63";"0,04";"24,39";"58,55";"36,93";"26.267,87";"19.298,32";"0,00";"0,00";"0,00";"12.190,92";"0,00";"12,96";"250,49";"0,00";"10.158,63";"0,04";"34,49";"1.285,796";"0,03";"743,200";"0,000";"0,000";"0,00";"0,00";"0,00"
"87,65";"PERECIVEIS \ LATICINIOS \ SOBREMESA REFRIGERADA \ SOBREM REFRIG LACTEA";"5.645,000";"16";"9,80";"55.317,34";"0,05";"23.519,62";"0,02";"42,52";"2,32";"13.108,56";"0,05";"23,70";"58,87";"37,06";"34.819,23";"26.031,15";"0,00";"0,00";"0,00";"16.177,63";"0,00";"29,62";"326,40";"0,00";"13.108,56";"0,05";"33,49";"1.420,127";"0,03";"1.166,270";"0,000";"0,000";"0,00";"0,00";"0,00"
"87,66";"PERECIVEIS \ LATICINIOS \ SOBREMESA REFRIGERADA \ SOBREM REFRIG QUEIJO";"3.061,000";"3";"2,99";"9.147,90";"0,01";"9.144,41";"0,01";"99,96";"0,79";"2.417,10";"0,01";"26,42";"51,42";"33,96";"6.041,45";"4.711,76";"0,00";"0,00";"0,00";"2.019,04";"0,00";"0,00";"0,00";"0,00";"2.417,10";"0,01";"33,91";"321,405";"0,01";"306,100";"0,000";"0,000";"0,00";"0,00";"0,00"
"87,85";"PERECIVEIS \ LEITES \ BEBIDA LACTEA UHT \ BEB LACTEA UHT CHOCOLATE";"72.892,000";"18";"2,81";"204.472,04";"0,19";"114.920,90";"0,11";"56,20";"0,84";"61.387,19";"0,21";"30,02";"46,75";"31,86";"139.333,01";"139.333,01";"3.751,84";"0,00";"0,00";"0,00";"0,00";"67,67";"1.839,63";"0,00";"65.139,03";"0,23";"31,86";"17.257,935";"0,35";"6.679,780";"0,000";"0,000";"0,00";"0,00";"0,00"
"88,47";"PERECIVEIS \ LEITES \ BEBIDA LACTEA UHT \ BEB LACTEA UHT ESPECIAL";"95.861,000";"43";"7,00";"671.323,19";"0,62";"627.306,28";"0,58";"93,44";"1,20";"115.315,97";"0,40";"17,18";"23,61";"19,10";"543.106,97";"543.106,97";"12.900,25";"0,00";"0,00";"0,00";"0,00";"789,33";"5.044,65";"0,00";"128.216,22";"0,44";"19,10";"26.361,043";"0,53";"22.417,900";"10,815";"62.073,342";"0,00";"0,00";"0,00"
"88,48";"PERECIVEIS \ LEITES \ BEBIDA LACTEA UHT \ BEB LACTEA UHT SABORES";"908,000";"3";"6,18";"5.615,40";"0,01";"4.808,85";"0,00";"85,64";"1,45";"1.319,99";"0,00";"23,51";"34,12";"25,44";"4.186,97";"4.186,97";"108,44";"0,00";"0,00";"0,00";"0,00";"4,92";"39,99";"0,00";"1.428,43";"0,00";"25,44";"253,180";"0,01";"77,840";"0,000";"0,000";"0,00";"0,00";"0,00"
"88,48";"PERECIVEIS \ LEITES \ COALHADA \ COALHADA";"553,000";"4";"5,24";"2.897,90";"0,00";"3,99";"0,00";"0,14";"1,22";"673,81";"0,00";"23,25";"55,29";"35,61";"1.866,08";"1.528,54";"56,54";"0,00";"0,00";"639,01";"0,00";"0,35";"17,07";"0,00";"730,35";"0,00";"32,33";"97,483";"0,00";"28,300";"0,000";"0,000";"0,00";"0,00";"0,00"
"88,50";"PERECIVEIS \ LEITES \ LEITES \ LEITE A2A2";"1.813,000";"2";"10,96";"19.875,81";"0,02";"0,00";"0,00";"0,00";"2,97";"5.382,22";"0,02";"27,08";"53,28";"34,76";"12.966,68";"10.114,02";"0,00";"0,00";"0,00";"4.379,57";"0,00";"0,00";"0,00";"0,00";"5.382,22";"0,02";"34,73";"1.937,477";"0,04";"1.002,000";"0,000";"0,000";"0,00";"0,00";"0,00"
"88,86";"PERECIVEIS \ LEITES \ LEITES \ LEITE UHT DESNAT E SEMI";"58.220,000";"19";"6,65";"387.308,62";"0,36";"105.037,38";"0,10";"27,12";"1,48";"86.342,78";"0,30";"22,29";"40,12";"28,63";"276.413,77";"215.602,89";"0,00";"0,00";"0,00";"85.362,95";"0,00";"0,00";"0,00";"0,00";"86.342,78";"0,30";"28,60";"70.375,128";"1,41";"38.808,230";"9,795";"39.541,462";"0,00";"0,00";"0,00"
"88,87";"PERECIVEIS \ LEITES \ LEITES \ LEITE UHT ESPECIAIS";"1.688,000";"1";"7,15";"12.063,35";"0,01";"1.023,49";"0,00";"8,48";"1,30";"2.199,12";"0,01";"18,23";"30,62";"23,44";"9.235,65";"7.203,83";"0,00";"0,00";"0,00";"2.660,40";"0,00";"0,00";"0,00";"0,00";"2.199,12";"0,01";"23,39";"1.801,096";"0,04";"1.688,000";"0,000";"0,000";"0,00";"0,00";"0,00"
"89,82";"PERECIVEIS \ LEITES \ LEITES \ LEITE UHT INTEGRAL";"168.459,000";"11";"6,09";"1.025.615,53";"0,95";"460.553,40";"0,43";"44,91";"1,22";"205.534,85";"0,72";"20,04";"34,65";"25,74";"761.667,21";"594.100,47";"0,00";"0,00";"0,00";"225.980,21";"0,00";"0,00";"0,00";"0,00";"205.534,85";"0,71";"25,70";"177.252,271";"3,56";"140.802,000";"47,301";"21.682,745";"0,00";"0,00";"0,00"
"90,02";"PERECIVEIS \ LEITES \ LEITES \ LEITE UHT ZERO LACTOSE";"24.047,000";"11";"8,86";"212.981,53";"0,20";"1.097,80";"0,00";"0,52";"2,40";"57.781,43";"0,20";"27,13";"53,44";"34,83";"138.800,56";"108.264,35";"0,00";"0,00";"0,00";"46.935,75";"0,00";"0,00";"0,00";"0,00";"57.781,43";"0,20";"34,80";"25.282,052";"0,51";"7.581,480";"0,000";"0,000";"0,00";"0,00";"0,00"
"90,10";"PERECIVEIS \ PADARIA \ LANCHONETE \ BEBIDAS LANCHONETE";"10.523,000";"40";"8,31";"87.461,70";"0,08";"0,00";"0,00";"0,00";"4,87";"51.194,77";"0,18";"58,53";"464,52";"82,29";"15.493,04";"14.337,75";"0,00";"0,00";"0,00";"21.929,18";"0,00";"74,97";"470,53";"0,00";"51.194,77";"0,18";"78,12";"0,000";"0,00";"0,000";"0,000";"0,000";"0,00";"0,00";"0,00"
"90,10";"PERECIVEIS \ PADARIA \ LANCHONETE \ DOCE";"37,700";"2";"19,44";"732,75";"0,00";"0,00";"0,00";"0,00";"8,84";"333,41";"0,00";"45,50";"178,27";"64,06";"263,32";"230,09";"0,00";"0,00";"0,00";"169,25";"0,00";"0,50";"4,99";"0,00";"333,41";"0,00";"59,17";"0,000";"0,00";"1,750";"0,000";"0,000";"0,00";"0,00";"0,00"
"90,16";"PERECIVEIS \ PADARIA \ LANCHONETE \ PIZZA PRONTA LANCHONETE";"1.774,125";"27";"37,60";"66.709,39";"0,06";"0,00";"0,00";"0,00";"20,89";"37.058,25";"0,13";"55,55";"332,94";"76,90";"15.408,33";"12.859,96";"0,00";"0,00";"0,00";"16.791,18";"0,00";"45,99";"403,89";"0,00";"37.058,25";"0,13";"74,24";"98,806";"0,00";"0,000";"0,000";"0,000";"0,00";"0,00";"0,00"
"90,74";"PERECIVEIS \ PADARIA \ LANCHONETE \ ROTISSERIA";"7.367,664";"9";"84,23";"620.544,29";"0,58";"0,00";"0,00";"0,00";"59,54";"438.678,96";"1,53";"70,69";"95138,32";"99,90";"651,57";"637,34";"17,34";"0,00";"0,00";"181.210,65";"0,00";"375,25";"3.356,72";"0,00";"438.696,30";"1,52";"99,85";"0,000";"0,00";"1,785";"0,000";"0,000";"0,00";"0,00";"0,00"
"90,80";"PERECIVEIS \ PADARIA \ LANCHONETE \ SALGADINHOS LANCHONETE";"1.355,627";"2";"47,91";"64.941,39";"0,06";"0,00";"0,00";"0,00";"15,32";"20.762,92";"0,07";"31,97";"40,60";"28,88";"46.189,08";"42.080,61";"1.026,19";"0,00";"0,00";"1.071,66";"0,00";"13,76";"207,07";"0,00";"21.789,11";"0,08";"34,11";"0,000";"0,00";"0,000";"0,000";"0,000";"0,00";"0,00";"0,00"
"90,82";"PERECIVEIS \ PADARIA \ LANCHONETE \ SALGADOS LANCHONETE";"340,826";"14";"54,71";"18.647,77";"0,02";"0,00";"0,00";"0,00";"18,60";"6.340,98";"0,02";"34,00";"47,52";"32,21";"12.640,50";"10.536,20";"0,00";"0,00";"0,00";"1.770,60";"0,00";"16,83";"143,57";"0,00";"6.340,98";"0,02";"37,57";"0,000";"0,00";"3,220";"0,000";"0,000";"0,00";"0,00";"0,00"
"90,89";"PERECIVEIS \ PADARIA \ LANCHONETE \ SANDUICHES LANCHONETE";"2.390,184";"9";"31,80";"76.008,79";"0,07";"0,00";"0,00";"0,00";"10,66";"25.471,38";"0,09";"33,51";"122,62";"55,08";"34.142,21";"31.746,87";"0,00";"0,00";"0,00";"18.790,53";"0,00";"24,17";"226,46";"0,00";"25.471,38";"0,09";"44,52";"301,109";"0,01";"0,000";"0,000";"0,000";"0,00";"0,00";"0,00"
"90,94";"PERECIVEIS \ PADARIA \ PADARIA FABRICACAO \ BISCOITOS FP";"1.187,643";"14";"49,71";"59.038,60";"0,05";"0,00";"0,00";"0,00";"14,31";"16.992,68";"0,06";"28,78";"87,27";"46,60";"31.526,46";"25.774,15";"0,00";"0,00";"0,00";"16.271,76";"0,00";"24,98";"333,83";"0,00";"16.992,68";"0,06";"39,73";"0,000";"0,00";"0,000";"0,000";"0,000";"0,00";"0,00";"0,00"
"91,16";"PERECIVEIS \ PADARIA \ PADARIA FABRICACAO \ BOLO FP";"7.437,279";"24";"32,21";"239.585,94";"0,22";"59.292,77";"0,06";"24,75";"12,65";"94.052,01";"0,33";"39,26";"142,03";"58,68";"98.990,58";"77.529,08";"0,00";"0,00";"0,00";"68.004,85";"0,00";"191,07";"1.403,70";"0,00";"94.052,01";"0,33";"54,81";"0,000";"0,00";"0,000";"0,000";"0,000";"0,00";"0,00";"0,00"
"91,16";"PERECIVEIS \ PADARIA \ PADARIA FABRICACAO \ BOMBA FP";"36,776";"2";"42,20";"1.552,09";"0,00";"0,00";"0,00";"0,00";"18,65";"686,05";"0,00";"44,20";"93,46";"48,31";"802,27";"598,09";"0,00";"0,00";"0,00";"267,95";"0,00";"0,68";"7,40";"0,00";"686,05";"0,00";"53,42";"0,000";"0,00";"0,000";"0,000";"0,000";"0,00";"0,00";"0,00"
"91,22";"PERECIVEIS \ PADARIA \ PADARIA FABRICACAO \ BRIOCHE";"1.409,055";"8";"48,07";"67.733,40";"0,06";"143,68";"0,00";"0,21";"16,06";"22.629,01";"0,08";"33,41";"130,65";"56,64";"29.366,00";"25.965,79";"0,00";"0,00";"0,00";"19.138,61";"0,00";"49,66";"364,07";"0,00";"22.629,01";"0,08";"46,57";"0,000";"0,00";"0,000";"0,000";"0,000";"0,00";"0,00";"0,00"
"91,24";"PERECIVEIS \ PADARIA \ PADARIA FABRICACAO \ BROA FP";"695,065";"3";"28,72";"19.965,73";"0,02";"0,00";"0,00";"0,00";"11,17";"7.763,36";"0,03";"38,88";"153,72";"60,59";"7.869,10";"6.401,01";"0,00";"0,00";"0,00";"5.801,35";"0,00";"15,58";"113,40";"0,00";"7.763,36";"0,03";"54,81";"0,000";"0,00";"0,000";"0,000";"0,000";"0,00";"0,00";"0,00"
"91,30";"PERECIVEIS \ PADARIA \ PADARIA FABRICACAO \ CAKE FP";"1.421,458";"12";"43,03";"61.161,92";"0,06";"277,12";"0,00";"0,45";"12,85";"18.262,00";"0,06";"29,86";"85,52";"46,10";"32.968,13";"25.506,59";"0,00";"0,00";"0,00";"17.393,32";"0,00";"41,71";"346,47";"0,00";"18.262,00";"0,06";"41,72";"0,000";"0,00";"0,000";"0,000";"0,000";"0,00";"0,00";"0,00"
"91,31";"PERECIVEIS \ PADARIA \ PADARIA FABRICACAO \ CAVACA FP";"470,982";"2";"30,00";"14.129,29";"0,01";"0,00";"0,00";"0,00";"8,10";"3.813,63";"0,01";"26,99";"58,46";"36,89";"8.916,85";"7.077,09";"0,00";"0,00";"0,00";"3.238,57";"0,00";"12,13";"92,89";"0,00";"3.813,63";"0,01";"35,02";"0,000";"0,00";"0,000";"0,000";"0,000";"0,00";"0,00";"0,00"
"91,32";"PERECIVEIS \ PADARIA \ PADARIA FABRICACAO \ COLOMBA DE CHOCOLATE FP";"304,831";"1";"32,14";"9.795,84";"0,01";"8.489,81";"0,01";"86,67";"6,63";"2.021,02";"0,01";"20,63";"46,01";"31,51";"6.708,87";"4.912,97";"0,00";"0,00";"0,00";"2.861,85";"0,00";"5,45";"56,86";"0,00";"2.021,02";"0,01";"29,15";"0,000";"0,00";"0,000";"0,000";"0,000";"0,00";"0,00";"0,00"
"91,32";"PERECIVEIS \ PADARIA \ PADARIA FABRICACAO \ COLOMBA DE FRUTAS FP";"54,364";"2";"29,77";"1.618,26";"0,00";"1.493,10";"0,00";"92,27";"6,03";"327,62";"0,00";"20,25";"47,78";"32,33";"1.095,07";"817,85";"0,00";"0,00";"0,00";"472,79";"0,00";"0,91";"7,82";"0,00";"327,62";"0,00";"28,60";"0,000";"0,00";"0,000";"0,000";"0,000";"0,00";"0,00";"0,00"
"91,42";"PERECIVEIS \ PADARIA \ PADARIA FABRICACAO \ DOCES FP";"2.541,692";"25";"44,22";"112.387,13";"0,10";"0,00";"0,00";"0,00";"14,41";"36.632,80";"0,13";"32,60";"99,66";"49,91";"56.290,04";"44.407,17";"67,29";"0,00";"0,00";"31.279,87";"0,00";"61,02";"631,77";"0,00";"36.700,09";"0,13";"45,25";"0,000";"0,00";"0,000";"0,000";"0,000";"0,00";"0,00";"0,00"
"91,45";"PERECIVEIS \ PADARIA \ PADARIA FABRICACAO \ FARINHA DE ROSCA FP";"1.778,294";"1";"17,74";"31.552,88";"0,03";"0,00";"0,00";"0,00";"8,41";"14.949,85";"0,05";"47,38";"316,84";"76,01";"7.569,61";"7.384,38";"0,00";"0,00";"0,00";"9.218,65";"0,00";"3,51";"195,09";"0,00";"14.949,85";"0,05";"66,94";"0,000";"0,00";"0,000";"0,000";"0,000";"0,00";"0,00";"0,00"
"91,46";"PERECIVEIS \ PADARIA \ PADARIA FABRICACAO \ FOCACCIA FP";"309,716";"4";"48,20";"14.929,62";"0,01";"1.092,71";"0,00";"7,32";"17,97";"5.564,26";"0,02";"37,27";"144,08";"59,03";"6.116,71";"5.003,61";"0,00";"0,00";"0,00";"4.361,75";"0,00";"9,01";"82,28";"0,00";"5.564,26";"0,02";"52,65";"0,000";"0,00";"0,000";"0,000";"0,000";"0,00";"0,00";"0,00"
"91,47";"PERECIVEIS \ PADARIA \ PADARIA FABRICACAO \ MASSA P.PIZZA FP";"717,000";"1";"7,99";"5.728,83";"0,01";"0,00";"0,00";"0,00";"4,96";"3.556,35";"0,01";"62,08";"462,95";"82,24";"1.017,64";"910,60";"0,00";"0,00";"0,00";"1.261,88";"0,00";"0,00";"0,00";"0,00";"3.556,35";"0,01";"79,61";"0,000";"0,00";"0,000";"0,000";"0,000";"0,00";"0,00";"0,00"
"91,50";"PERECIVEIS \ PADARIA \ PADARIA FABRICACAO \ PAES DOCES FP";"1.113,897";"4";"28,12";"31.324,45";"0,03";"0,00";"0,00";"0,00";"9,90";"11.023,62";"0,04";"35,19";"88,29";"46,89";"16.635,96";"13.433,86";"0,00";"0,00";"0,00";"6.866,96";"0,00";"14,26";"195,10";"0,00";"11.023,62";"0,04";"45,07";"0,000";"0,00";"0,000";"0,000";"0,000";"0,00";"0,00";"0,00"
"91,60";"PERECIVEIS \ PADARIA \ PADARIA FABRICACAO \ PAES ESPECIAIS FP";"3.251,278";"47";"34,06";"110.735,60";"0,10";"2.649,48";"0,00";"2,39";"15,52";"50.466,26";"0,18";"45,57";"143,90";"59,00";"45.401,27";"37.208,15";"0,00";"0,00";"0,00";"23.061,19";"0,00";"80,98";"655,40";"0,00";"50.466,26";"0,18";"57,56";"0,000";"0,00";"0,000";"0,000";"0,000";"0,00";"0,00";"0,00"
"91,60";"PERECIVEIS \ PADARIA \ PADARIA FABRICACAO \ PANETONES DE CHOCOLATE FP";"354,000";"2";"10,04";"3.553,48";"0,00";"1.665,37";"0,00";"46,87";"2,57";"911,17";"0,00";"25,64";"66,74";"40,03";"2.131,15";"1.603,45";"0,00";"0,00";"0,00";"1.038,85";"0,00";"3,54";"21,41";"0,00";"911,17";"0,00";"36,23";"0,000";"0,00";"141,600";"0,000";"0,000";"0,00";"0,00";"0,00"
"91,60";"PERECIVEIS \ PADARIA \ PADARIA FABRICACAO \ PANETONES DE FRUTAS FP";"126,000";"2";"10,46";"1.317,50";"0,00";"923,22";"0,00";"70,07";"3,86";"485,91";"0,00";"36,88";"132,97";"57,08";"565,53";"446,37";"0,00";"0,00";"0,00";"385,23";"0,00";"1,26";"8,15";"0,00";"485,91";"0,00";"52,12";"0,000";"0,00";"50,400";"0,000";"0,000";"0,00";"0,00";"0,00"
"91,60";"PERECIVEIS \ PADARIA \ PADARIA FABRICACAO \ PANETONES SALGADOS FP";"32,398";"3";"58,94";"1.909,60";"0,00";"0,00";"0,00";"0,00";"18,90";"612,31";"0,00";"32,06";"130,08";"56,54";"829,97";"739,41";"0,00";"0,00";"0,00";"557,88";"0,00";"1,27";"12,13";"0,00";"612,31";"0,00";"45,30";"0,000";"0,00";"0,000";"0,000";"0,000";"0,00";"0,00";"0,00"
"91,61";"PERECIVEIS \ PADARIA \ PADARIA FABRICACAO \ PAO AUSTRALIANO FP";"215,768";"1";"47,98";"10.353,50";"0,01";"0,00";"0,00";"0,00";"23,65";"5.103,30";"0,02";"49,29";"222,09";"68,95";"3.214,49";"2.976,77";"0,00";"0,00";"0,00";"2.273,43";"0,00";"8,94";"66,65";"0,00";"5.103,30";"0,02";"63,16";"0,000";"0,00";"0,000";"0,000";"0,000";"0,00";"0,00";"0,00"
"91,68";"PERECIVEIS \ PADARIA \ PADARIA FABRICACAO \ PAO BAGUETE";"2.301,651";"8";"31,43";"72.342,11";"0,07";"0,00";"0,00";"0,00";"12,61";"29.033,34";"0,10";"40,13";"137,00";"57,81";"30.524,41";"27.748,41";"0,00";"0,00";"0,00";"15.560,36";"0,00";"23,13";"266,87";"0,00";"29.033,34";"0,10";"51,13";"0,000";"0,00";"0,000";"0,000";"0,000";"0,00";"0,00";"0,00"
"91,71";"PERECIVEIS \ PADARIA \ PADARIA FABRICACAO \ PAO BATATA FP";"1.051,653";"8";"33,48";"35.213,33";"0,03";"0,00";"0,00";"0,00";"12,22";"12.850,65";"0,04";"36,49";"108,38";"52,01";"16.898,70";"14.629,97";"0,00";"0,00";"0,00";"7.732,71";"0,00";"15,86";"151,63";"0,00";"12.850,65";"0,04";"46,76";"0,000";"0,00";"0,000";"0,000";"0,000";"0,00";"0,00";"0,00"
"91,72";"PERECIVEIS \ PADARIA \ PADARIA FABRICACAO \ PAO BISNAGUINHA FP";"1.781,772";"2";"7,02";"12.502,14";"0,01";"0,00";"0,00";"0,00";"2,92";"5.209,87";"0,02";"41,67";"136,96";"57,80";"5.275,97";"4.554,36";"0,00";"0,00";"0,00";"2.737,91";"0,00";"16,94";"84,98";"0,00";"5.209,87";"0,02";"53,36";"556,827";"0,01";"0,000";"0,000";"0,000";"0,00";"0,00";"0,00"
"91,72";"PERECIVEIS \ PADARIA \ PADARIA FABRICACAO \ PAO FORMA INTEGRAL FP";"30,000";"1";"9,41";"282,41";"0,00";"42,65";"0,00";"15,10";"3,25";"97,58";"0,00";"34,55";"64,33";"39,15";"171,86";"158,71";"0,00";"0,00";"0,00";"26,12";"0,00";"0,00";"0,79";"0,00";"97,58";"0,00";"38,07";"0,000";"0,00";"0,000";"0,000";"0,000";"0,00";"0,00";"0,00"
"91,74";"PERECIVEIS \ PADARIA \ PADARIA FABRICACAO \ PAO FORMA TRADICIONAL";"4.337,876";"1";"5,08";"22.038,21";"0,02";"21.124,34";"0,02";"95,85";"1,28";"5.531,36";"0,02";"25,10";"61,31";"38,01";"13.661,93";"11.663,72";"0,00";"0,00";"0,00";"4.843,13";"0,00";"0,03";"44,99";"0,00";"5.531,36";"0,02";"32,17";"0,000";"0,00";"0,000";"0,000";"0,000";"0,00";"0,00";"0,00"
"93,73";"PERECIVEIS \ PADARIA \ PADARIA FABRICACAO \ PAO FRANCES FP";"105.675,384";"3";"20,33";"2.148.884,61";"1,99";"0,00";"0,00";"0,00";"15,56";"1.643.822,03";"5,74";"76,50";"500,91";"83,36";"357.605,98";"352.843,55";"0,00";"0,00";"0,00";"152.219,03";"0,00";"16,05";"158,09";"0,00";"1.643.822,03";"5,71";"82,33";"0,000";"0,00";"0,000";"0,000";"0,000";"0,00";"0,00";"0,00"
"93,76";"PERECIVEIS \ PADARIA \ PADARIA FABRICACAO \ PAO HAMBURGUER FP";"6.733,750";"3";"4,85";"32.638,76";"0,03";"26.675,05";"0,02";"81,73";"2,14";"14.414,08";"0,05";"44,16";"148,35";"59,73";"13.142,34";"11.053,96";"0,00";"0,00";"0,00";"7.170,73";"0,00";"40,07";"219,55";"0,00";"14.414,08";"0,05";"56,60";"1.782,162";"0,04";"0,000";"0,000";"0,000";"0,00";"0,00";"0,00"
"93,80";"PERECIVEIS \ PADARIA \ PADARIA FABRICACAO \ PAO HOT DOG FP";"18.105,000";"2";"2,59";"46.805,35";"0,04";"33.765,05";"0,03";"72,14";"1,21";"21.947,96";"0,08";"46,89";"173,97";"63,50";"17.083,84";"14.582,14";"0,00";"0,00";"0,00";"10.275,24";"0,00";"53,00";"318,65";"0,00";"21.947,96";"0,08";"60,08";"2.928,196";"0,06";"0,000";"0,000";"0,000";"0,00";"0,00";"0,00"
"93,96";"PERECIVEIS \ PADARIA \ PADARIA FABRICACAO \ PAO QUEIJO FP";"3.480,577";"7";"49,26";"171.444,31";"0,16";"0,00";"0,00";"0,00";"11,68";"40.669,19";"0,14";"23,72";"69,05";"40,85";"101.416,93";"80.576,90";"0,00";"0,00";"0,00";"50.198,22";"0,00";"78,96";"830,42";"0,00";"40.669,19";"0,14";"33,54";"0,000";"0,00";"0,000";"0,000";"0,000";"0,00";"0,00";"0,00"
"93,96";"PERECIVEIS \ PADARIA \ PADARIA FABRICACAO \ PAO RABANADA FP";"26,310";"1";"19,97";"525,52";"0,00";"0,00";"0,00";"0,00";"11,69";"307,60";"0,00";"58,53";"391,23";"79,64";"106,98";"102,55";"0,00";"0,00";"0,00";"115,38";"0,00";"0,66";"3,70";"0,00";"307,60";"0,00";"75,00";"0,000";"0,00";"0,000";"0,000";"0,000";"0,00";"0,00";"0,00"
"93,97";"PERECIVEIS \ PADARIA \ PADARIA FABRICACAO \ PAO SACADURA FP";"254,202";"1";"27,28";"6.934,29";"0,01";"0,00";"0,00";"0,00";"20,94";"5.321,86";"0,02";"76,75";"7369,08";"98,66";"92,84";"90,29";"0,00";"0,00";"0,00";"1.522,14";"0,00";"2,19";"47,29";"0,00";"5.321,86";"0,02";"98,33";"0,000";"0,00";"0,000";"0,000";"0,000";"0,00";"0,00";"0,00"
"93,97";"PERECIVEIS \ PADARIA \ PADARIA FABRICACAO \ PAO SOVADO FP";"77,720";"1";"29,60";"2.300,28";"0,00";"0,00";"0,00";"0,00";"8,00";"621,91";"0,00";"27,04";"74,27";"42,62";"1.319,97";"1.173,32";"0,00";"0,00";"0,00";"505,05";"0,00";"2,68";"16,52";"0,00";"621,91";"0,00";"34,64";"0,000";"0,00";"0,000";"0,000";"0,000";"0,00";"0,00";"0,00"
"94,00";"PERECIVEIS \ PADARIA \ PADARIA FABRICACAO \ PAO SUICO FP";"1.426,166";"1";"23,11";"32.957,84";"0,03";"0,00";"0,00";"0,00";"10,45";"14.902,38";"0,05";"45,22";"164,19";"62,15";"12.475,04";"10.820,27";"0,00";"0,00";"0,00";"7.235,19";"0,00";"14,28";"215,66";"0,00";"14.902,38";"0,05";"57,93";"0,000";"0,00";"0,000";"0,000";"0,000";"0,00";"0,00";"0,00"
"94,33";"PERECIVEIS \ PADARIA \ PADARIA FABRICACAO \ PIZZA RECHEADA FP";"9.293,956";"11";"38,00";"353.140,77";"0,33";"174.423,36";"0,16";"49,39";"10,79";"100.248,15";"0,35";"28,39";"89,70";"47,29";"186.153,23";"149.723,46";"0,00";"0,00";"0,00";"103.169,16";"0,00";"218,01";"2.114,35";"0,00";"100.248,15";"0,35";"40,10";"0,000";"0,00";"0,000";"0,000";"0,000";"0,00";"0,00";"0,00"
"94,33";"PERECIVEIS \ PADARIA \ PADARIA FABRICACAO \ ROCAMBOLE";"68,812";"4";"46,18";"3.177,76";"0,00";"0,00";"0,00";"0,00";"17,78";"1.223,34";"0,00";"38,50";"124,69";"55,49";"1.414,31";"1.026,06";"0,00";"0,00";"0,00";"928,37";"0,00";"1,98";"17,86";"0,00";"1.223,34";"0,00";"54,39";"0,000";"0,00";"0,000";"0,000";"0,000";"0,00";"0,00";"0,00"
"94,35";"PERECIVEIS \ PADARIA \ PADARIA FABRICACAO \ SALGADOS FP";"353,439";"15";"50,05";"17.691,17";"0,02";"225,42";"0,00";"1,27";"16,45";"5.812,66";"0,02";"32,86";"81,93";"45,03";"9.724,37";"8.036,01";"64,69";"0,00";"0,00";"3.777,81";"0,00";"11,16";"91,59";"0,00";"5.877,35";"0,02";"42,24";"0,000";"0,00";"0,000";"0,000";"0,000";"0,00";"0,00";"0,00"
"94,36";"PERECIVEIS \ PADARIA \ PADARIA FABRICACAO \ TORRADA FP";"514,769";"6";"23,97";"12.337,53";"0,01";"0,00";"0,00";"0,00";"10,72";"5.517,27";"0,02";"44,72";"243,81";"70,91";"3.588,49";"3.215,68";"0,00";"0,00";"0,00";"3.604,58";"0,00";"3,35";"66,17";"0,00";"5.517,27";"0,02";"63,18";"0,000";"0,00";"0,000";"0,000";"0,000";"0,00";"0,00";"0,00"
"94,39";"PERECIVEIS \ PADARIA \ PADARIA FABRICACAO \ TORTAS FP";"600,374";"23";"61,04";"36.646,87";"0,03";"0,00";"0,00";"0,00";"29,27";"17.570,60";"0,06";"47,95";"147,80";"59,64";"14.789,08";"11.040,84";"0,00";"0,00";"0,00";"8.035,44";"0,00";"24,25";"215,94";"0,00";"17.570,60";"0,06";"61,41";"0,000";"0,00";"0,000";"0,000";"0,000";"0,00";"0,00";"0,00"
"94,40";"PERECIVEIS \ PADARIA \ PADARIA INDUSTRIALIZADA \ BISCOITOS IND";"1.086,000";"5";"11,12";"12.071,29";"0,01";"0,00";"0,00";"0,00";"3,78";"4.104,43";"0,01";"34,00";"60,86";"37,84";"7.504,00";"6.850,27";"0,00";"0,00";"0,00";"1.116,59";"0,00";"10,12";"91,02";"0,00";"4.104,43";"0,01";"37,47";"87,885";"0,00";"181,310";"0,000";"0,000";"0,00";"0,00";"0,00"
"94,72";"PERECIVEIS \ PADARIA \ PADARIA INDUSTRIALIZADA \ BOLO IND";"46.393,768";"128";"7,43";"344.907,84";"0,32";"148.706,84";"0,14";"43,11";"1,93";"89.713,34";"0,31";"26,01";"41,62";"29,39";"243.547,16";"223.290,52";"0,00";"0,00";"0,00";"31.903,98";"0,00";"183,94";"2.567,08";"0,00";"89.713,34";"0,31";"28,66";"5.803,946";"0,12";"3.822,854";"1,452";"237.539,835";"0,00";"0,00";"0,00"
"94,74";"PERECIVEIS \ PADARIA \ PADARIA INDUSTRIALIZADA \ BRIOCHE IND";"1.664,000";"4";"10,40";"17.299,73";"0,02";"287,68";"0,00";"1,66";"3,02";"5.030,11";"0,02";"29,08";"48,07";"32,46";"11.683,44";"10.669,39";"0,00";"0,00";"0,00";"1.600,23";"0,00";"17,52";"138,32";"0,00";"5.030,11";"0,02";"32,04";"61,055";"0,00";"21,150";"0,000";"0,000";"0,00";"0,00";"0,00"
"94,74";"PERECIVEIS \ PADARIA \ PADARIA INDUSTRIALIZADA \ COLOMBA CHOCOLATE";"271,000";"3";"14,02";"3.798,11";"0,00";"3.069,71";"0,00";"80,82";"0,24";"63,72";"0,00";"1,68";"15,47";"13,40";"3.289,31";"2.624,34";"0,00";"0,00";"0,00";"1.110,05";"0,00";"1,98";"21,98";"0,00";"63,72";"0,00";"2,37";"8,342";"0,00";"63,485";"0,000";"0,000";"0,00";"0,00";"0,00"
"94,74";"PERECIVEIS \ PADARIA \ PADARIA INDUSTRIALIZADA \ COLOMBA FRUTAS";"113,000";"2";"11,26";"1.272,77";"0,00";"865,42";"0,00";"68,00";"0,49";"55,22";"0,00";"4,34";"19,97";"16,65";"1.060,87";"845,59";"0,00";"0,00";"0,00";"371,96";"0,00";"0,62";"6,29";"0,00";"55,22";"0,00";"6,13";"16,224";"0,00";"19,280";"0,000";"0,000";"0,00";"0,00";"0,00"
"94,76";"PERECIVEIS \ PADARIA \ PADARIA INDUSTRIALIZADA \ DOCES IND";"663,867";"14";"29,72";"19.727,52";"0,02";"0,00";"0,00";"0,00";"9,57";"6.352,81";"0,02";"32,20";"57,68";"36,58";"12.510,77";"11.008,85";"0,00";"0,00";"0,00";"2.365,86";"0,00";"15,24";"132,50";"0,00";"6.352,81";"0,02";"36,59";"35,643";"0,00";"15,350";"0,000";"0,000";"0,00";"0,00";"0,00"
"94,76";"PERECIVEIS \ PADARIA \ PADARIA INDUSTRIALIZADA \ MASSA IND";"127,000";"1";"25,01";"3.176,28";"0,00";"0,00";"0,00";"0,00";"8,12";"1.031,55";"0,00";"32,48";"55,73";"35,79";"2.039,62";"1.850,93";"0,00";"0,00";"0,00";"293,81";"0,00";"2,24";"22,42";"0,00";"1.031,55";"0,00";"35,79";"0,000";"0,00";"15,240";"0,000";"0,000";"0,00";"0,00";"0,00"
"94,80";"PERECIVEIS \ PADARIA \ PADARIA INDUSTRIALIZADA \ PAES ESPECIAIS";"2.277,000";"6";"16,78";"38.200,03";"0,04";"0,00";"0,00";"0,00";"5,03";"11.462,32";"0,04";"30,01";"49,46";"33,09";"25.558,64";"23.497,24";"78,20";"0,00";"0,00";"3.162,26";"0,00";"19,71";"192,80";"0,00";"11.540,53";"0,04";"32,94";"655,383";"0,01";"286,650";"0,000";"0,000";"0,00";"0,00";"0,00"
"94,86";"PERECIVEIS \ PADARIA \ PADARIA INDUSTRIALIZADA \ PAO ARABE IND";"7.549,000";"4";"8,70";"65.659,61";"0,06";"0,00";"0,00";"0,00";"2,87";"21.630,33";"0,08";"32,94";"57,02";"36,31";"41.816,43";"37.955,77";"0,00";"0,00";"0,00";"6.073,51";"0,00";"76,09";"564,49";"0,00";"21.630,33";"0,08";"36,30";"0,000";"0,00";"18,240";"0,000";"0,000";"0,00";"0,00";"0,00"
"94,87";"PERECIVEIS \ PADARIA \ PADARIA INDUSTRIALIZADA \ PAO AUSTRALIANO IND";"1.073,000";"1";"13,03";"13.976,56";"0,01";"0,00";"0,00";"0,00";"3,32";"3.566,79";"0,01";"25,52";"54,15";"35,13";"9.066,85";"8.227,89";"0,00";"0,00";"0,00";"2.181,88";"0,00";"0,02";"39,41";"0,00";"3.566,79";"0,01";"30,24";"563,325";"0,01";"0,000";"0,000";"0,000";"0,00";"0,00";"0,00"
"95,08";"PERECIVEIS \ PADARIA \ PADARIA INDUSTRIALIZADA \ PAO BISNAGUINHA IND";"26.717,000";"11";"8,50";"227.128,13";"0,21";"203.560,31";"0,19";"89,62";"1,36";"36.233,49";"0,13";"15,95";"22,58";"18,42";"185.283,62";"169.885,29";"0,00";"0,00";"0,00";"21.009,35";"0,00";"247,41";"1.726,66";"0,00";"36.233,49";"0,13";"17,58";"8.410,284";"0,17";"930,640";"12,474";"18.208,123";"0,00";"0,00";"0,00"
"95,08";"PERECIVEIS \ PADARIA \ PADARIA INDUSTRIALIZADA \ PAO CEBOLA IND";"242,000";"1";"8,42";"2.038,24";"0,00";"1.344,78";"0,00";"65,98";"2,27";"550,50";"0,00";"27,01";"44,09";"30,60";"1.414,56";"1.299,20";"0,00";"0,00";"0,00";"188,54";"0,00";"2,28";"16,66";"0,00";"550,50";"0,00";"29,76";"0,000";"0,00";"0,000";"0,000";"0,000";"0,00";"0,00";"0,00"
"95,09";"PERECIVEIS \ PADARIA \ PADARIA INDUSTRIALIZADA \ PAO DE BATATA IND";"922,000";"2";"12,02";"11.080,93";"0,01";"4.572,55";"0,00";"41,27";"3,37";"3.104,54";"0,01";"28,02";"45,51";"31,28";"7.615,34";"6.951,40";"0,00";"0,00";"0,00";"1.024,99";"0,00";"8,50";"64,39";"0,00";"3.104,54";"0,01";"30,87";"209,000";"0,00";"61,560";"0,000";"0,000";"0,00";"0,00";"0,00"
"95,10";"PERECIVEIS \ PADARIA \ PADARIA INDUSTRIALIZADA \ PAO DE CENOURA IND";"928,000";"1";"8,36";"7.757,69";"0,01";"5.626,92";"0,01";"72,53";"2,23";"2.073,67";"0,01";"26,73";"43,18";"30,16";"5.418,00";"4.966,43";"0,00";"0,00";"0,00";"717,59";"0,00";"8,29";"60,04";"0,00";"2.073,67";"0,01";"29,46";"247,776";"0,00";"0,000";"0,000";"0,000";"0,00";"0,00";"0,00"
"95,10";"PERECIVEIS \ PADARIA \ PADARIA INDUSTRIALIZADA \ PAO DE COCO IND";"284,000";"1";"14,02";"3.981,74";"0,00";"0,00";"0,00";"0,00";"4,14";"1.175,27";"0,00";"29,52";"49,76";"33,23";"2.658,74";"2.438,16";"0,00";"0,00";"0,00";"368,31";"0,00";"2,45";"12,25";"0,00";"1.175,27";"0,00";"32,53";"115,020";"0,00";"0,000";"0,000";"0,000";"0,00";"0,00";"0,00"
"95,58";"PERECIVEIS \ PADARIA \ PADARIA INDUSTRIALIZADA \ PAO DE FORMA INTEGRAL IND";"42.961,000";"46";"12,03";"516.988,49";"0,48";"245.372,93";"0,23";"47,46";"2,91";"124.948,48";"0,44";"24,17";"46,21";"31,61";"353.581,20";"321.917,40";"0,00";"0,00";"0,00";"70.122,60";"0,00";"97,34";"1.496,99";"0,00";"124.948,48";"0,43";"27,96";"19.234,160";"0,39";"3.589,920";"0,000";"0,000";"0,00";"0,00";"0,00"
"96,37";"PERECIVEIS \ PADARIA \ PADARIA INDUSTRIALIZADA \ PAO DE FORMA TRADIC IND";"92.738,000";"42";"9,12";"846.179,34";"0,79";"462.715,93";"0,43";"54,68";"1,79";"166.270,43";"0,58";"19,65";"37,89";"27,48";"613.659,45";"557.691,92";"0,00";"0,00";"0,00";"122.216,98";"0,00";"61,85";"2.455,12";"0,00";"166.270,43";"0,58";"22,97";"44.294,016";"0,89";"2.279,650";"9,046";"93.541,824";"0,00";"0,00";"0,00"
"96,37";"PERECIVEIS \ PADARIA \ PADARIA INDUSTRIALIZADA \ PAO DE MEL IND";"129,000";"1";"3,91";"503,81";"0,00";"0,00";"0,00";"0,00";"1,29";"166,92";"0,00";"33,13";"58,94";"37,08";"316,99";"290,28";"0,00";"0,00";"0,00";"46,60";"0,00";"0,03";"3,59";"0,00";"166,92";"0,00";"36,51";"0,000";"0,00";"0,000";"0,000";"0,000";"0,00";"0,00";"0,00"
"96,44";"PERECIVEIS \ PADARIA \ PADARIA INDUSTRIALIZADA \ PAO DE MILHO IND";"6.587,000";"5";"11,66";"76.782,28";"0,07";"22.808,61";"0,02";"29,71";"3,18";"20.920,61";"0,07";"27,25";"44,34";"30,72";"53.196,64";"48.759,31";"0,00";"0,00";"0,00";"7.102,36";"0,00";"18,13";"291,37";"0,00";"20.920,61";"0,07";"30,02";"3.071,410";"0,06";"355,550";"2,879";"26.669,774";"0,00";"0,00";"0,00"
"96,53";"PERECIVEIS \ PADARIA \ PADARIA INDUSTRIALIZADA \ PAO EGG SPONGE IND";"5.731,000";"1";"17,08";"97.866,93";"0,09";"0,00";"0,00";"0,00";"5,00";"28.647,24";"0,10";"29,27";"48,80";"32,80";"65.770,76";"60.167,00";"0,00";"0,00";"0,00";"9.052,69";"0,00";"105,30";"742,71";"0,00";"28.647,24";"0,10";"32,26";"1.776,610";"0,04";"0,000";"0,000";"0,000";"0,00";"0,00";"0,00"
"96,63";"PERECIVEIS \ PADARIA \ PADARIA INDUSTRIALIZADA \ PAO FOLHA IND";"6.975,000";"11";"15,69";"109.405,42";"0,10";"1.738,47";"0,00";"1,59";"5,28";"36.852,16";"0,13";"33,68";"60,70";"37,77";"68.078,85";"62.909,12";"128,04";"0,00";"0,00";"9.516,09";"0,00";"68,60";"779,81";"0,00";"36.980,21";"0,13";"37,02";"2.229,219";"0,04";"207,900";"0,000";"0,000";"0,00";"0,00";"0,00"
"96,78";"PERECIVEIS \ PADARIA \ PADARIA INDUSTRIALIZADA \ PAO HAMBURGUER IND";"10.825,000";"12";"14,49";"156.818,36";"0,15";"70.223,49";"0,07";"44,78";"3,90";"42.173,29";"0,15";"26,89";"43,45";"30,29";"109.320,37";"100.139,37";"0,00";"0,00";"0,00";"14.505,70";"0,00";"134,20";"1.170,89";"0,00";"42.173,29";"0,15";"29,63";"4.435,225";"0,09";"540,625";"0,000";"0,000";"0,00";"0,00";"0,00"
"96,81";"PERECIVEIS \ PADARIA \ PADARIA INDUSTRIALIZADA \ PAO HOT DOG IND";"2.442,000";"4";"11,96";"29.211,39";"0,03";"0,00";"0,00";"0,00";"3,70";"9.034,43";"0,03";"30,93";"53,20";"34,73";"19.067,52";"17.474,91";"0,00";"0,00";"0,00";"2.702,05";"0,00";"22,66";"215,23";"0,00";"9.034,43";"0,03";"34,08";"710,555";"0,01";"96,720";"0,000";"0,000";"0,00";"0,00";"0,00"
"96,81";"PERECIVEIS \ PADARIA \ PADARIA INDUSTRIALIZADA \ PAO MULTIGRAOS IND";"36,000";"1";"26,06";"938,29";"0,00";"0,00";"0,00";"0,00";"10,13";"364,62";"0,00";"38,86";"76,26";"43,27";"532,32";"486,88";"0,00";"0,00";"0,00";"86,79";"0,00";"0,30";"2,41";"0,00";"364,62";"0,00";"42,82";"0,000";"0,00";"0,000";"0,000";"0,000";"0,00";"0,00";"0,00"
"96,83";"PERECIVEIS \ PADARIA \ PADARIA INDUSTRIALIZADA \ PAO SIRIO IND";"1.228,000";"6";"17,54";"21.540,69";"0,02";"0,00";"0,00";"0,00";"5,83";"7.164,30";"0,03";"33,26";"59,36";"37,25";"13.517,20";"12.383,88";"0,00";"0,00";"0,00";"1.992,51";"0,00";"14,94";"143,87";"0,00";"7.164,30";"0,02";"36,65";"477,801";"0,01";"0,000";"0,000";"0,000";"0,00";"0,00";"0,00"
"96,84";"PERECIVEIS \ PADARIA \ PADARIA INDUSTRIALIZADA \ PAO SOVADO IND";"863,000";"2";"14,52";"12.529,77";"0,01";"0,00";"0,00";"0,00";"4,37";"3.767,38";"0,01";"30,07";"51,24";"33,88";"8.284,57";"7.603,39";"0,00";"0,00";"0,00";"1.159,00";"0,00";"12,75";"96,57";"0,00";"3.767,38";"0,01";"33,13";"386,144";"0,01";"0,000";"0,000";"0,000";"0,00";"0,00";"0,00"
"96,84";"PERECIVEIS \ PADARIA \ PADARIA INDUSTRIALIZADA \ PIZZA RECHEADA IND";"47,000";"1";"36,34";"1.708,10";"0,00";"0,00";"0,00";"0,00";"9,38";"441,00";"0,00";"25,82";"39,76";"28,45";"1.222,15";"1.109,10";"0,00";"0,00";"0,00";"158,00";"0,00";"1,35";"12,04";"0,00";"441,00";"0,00";"28,45";"0,000";"0,00";"0,000";"0,000";"0,000";"0,00";"0,00";"0,00"
"96,86";"PERECIVEIS \ PADARIA \ PADARIA INDUSTRIALIZADA \ SALGADOS";"1.760,911";"6";"14,79";"26.047,02";"0,02";"0,00";"0,00";"0,00";"4,73";"8.325,89";"0,03";"31,96";"55,37";"35,64";"16.764,94";"15.301,63";"0,00";"0,00";"0,00";"2.419,50";"0,00";"20,30";"217,83";"0,00";"8.325,89";"0,03";"35,24";"0,000";"0,00";"0,910";"0,005";"5.209.404,000";"0,00";"0,00";"0,00"
"96,87";"PERECIVEIS \ PADARIA \ PADARIA INDUSTRIALIZADA \ TAPIOCA";"393,000";"1";"14,04";"5.516,66";"0,01";"0,00";"0,00";"0,00";"3,83";"1.506,06";"0,01";"27,30";"61,34";"38,02";"3.419,23";"2.398,17";"0,00";"0,00";"0,00";"1.612,42";"0,00";"0,00";"0,00";"0,00";"1.506,06";"0,01";"38,58";"88,425";"0,00";"77,814";"2,668";"2.067,714";"0,00";"0,00";"0,00"
"96,91";"PERECIVEIS \ PADARIA \ PADARIA INDUSTRIALIZADA \ TORTAS IND";"399,000";"14";"103,28";"41.209,86";"0,04";"0,00";"0,00";"0,00";"32,39";"12.922,37";"0,05";"31,36";"52,80";"34,55";"26.970,07";"24.475,58";"0,00";"0,00";"0,00";"3.811,91";"0,00";"34,55";"310,11";"0,00";"12.922,37";"0,04";"34,55";"102,179";"0,00";"0,000";"0,000";"0,000";"0,00";"0,00";"0,00"
"97,01";"PERECIVEIS \ PEIXARIA \ CRUSTACEOS \ CRUSTACEOS";"2.277,000";"13";"47,03";"107.096,74";"0,10";"1.002,78";"0,00";"0,94";"11,22";"25.554,33";"0,09";"23,86";"67,46";"40,28";"63.953,33";"53.959,97";"0,00";"0,00";"0,00";"27.582,44";"0,00";"33,00";"286,67";"0,00";"25.554,33";"0,09";"32,14";"462,048";"0,01";"424,600";"0,000";"0,000";"0,00";"0,00";"0,00"
"97,02";"PERECIVEIS \ PEIXARIA \ MOLUSCOS \ MOLUSCOS";"218,000";"6";"64,28";"14.013,71";"0,01";"0,00";"0,00";"0,00";"9,48";"2.067,40";"0,01";"14,75";"50,03";"33,35";"9.340,60";"8.999,22";"159,42";"0,00";"0,00";"2.787,66";"0,00";"5,99";"54,90";"0,00";"2.226,83";"0,01";"19,84";"0,000";"0,00";"54,900";"0,000";"0,000";"0,00";"0,00";"0,00"
"97,60";"PERECIVEIS \ PEIXARIA \ PEIXES \ PEIXE FILE";"19.018,235";"39";"32,88";"625.271,30";"0,58";"165.619,77";"0,15";"26,49";"9,09";"172.946,70";"0,60";"27,66";"46,22";"31,61";"427.635,84";"383.338,65";"2.795,21";"0,00";"0,00";"66.190,73";"0,00";"159,07";"1.429,80";"0,00";"175.741,91";"0,61";"31,43";"8.890,171";"0,18";"6.958,845";"0,000";"0,000";"0,00";"0,00";"0,00"
"97,60";"PERECIVEIS \ PEIXARIA \ PEIXES \ PEIXE INTEIRO";"40,000";"2";"43,96";"1.758,55";"0,00";"0,00";"0,00";"0,00";"10,76";"430,47";"0,00";"24,48";"35,73";"26,32";"1.295,63";"1.204,93";"0,00";"0,00";"0,00";"123,15";"0,00";"1,25";"10,62";"0,00";"430,47";"0,00";"26,32";"0,000";"0,00";"7,200";"0,000";"0,000";"0,00";"0,00";"0,00"
"97,75";"PERECIVEIS \ PEIXARIA \ PEIXES \ PEIXE POSTA";"1.986,000";"14";"81,63";"162.116,91";"0,15";"23.081,92";"0,02";"14,24";"11,27";"22.374,11";"0,08";"13,80";"32,86";"24,73";"122.018,34";"104.871,59";"2.304,66";"0,00";"0,00";"32.566,54";"0,00";"108,79";"973,48";"0,00";"24.678,78";"0,09";"19,05";"0,000";"0,00";"1.147,800";"0,000";"0,000";"0,00";"0,00";"0,00"
"97,75";"PERECIVEIS \ PEIXARIA \ PEIXES \ PEIXES EMPANADOS";"57,000";"2";"32,66";"1.861,86";"0,00";"0,00";"0,00";"0,00";"9,04";"515,56";"0,00";"27,69";"58,58";"36,94";"1.174,07";"1.174,07";"0,00";"0,00";"0,00";"172,22";"0,00";"1,70";"14,78";"0,00";"515,56";"0,00";"30,51";"0,000";"0,00";"1,800";"0,000";"0,000";"0,00";"0,00";"0,00"
"97,78";"PERECIVEIS \ SALGADOS \ BACALHAU \ BACALHAU";"193,108";"1";"164,58";"31.781,84";"0,03";"0,00";"0,00";"0,00";"39,96";"7.716,33";"0,03";"24,28";"65,14";"39,45";"19.245,24";"16.898,06";"0,00";"0,00";"0,00";"7.167,45";"0,00";"20,31";"182,41";"0,00";"7.716,33";"0,03";"31,35";"0,000";"0,00";"0,000";"0,000";"0,000";"0,00";"0,00";"0,00"
"97,78";"PERECIVEIS \ SALGADOS \ BACALHAU \ BACALHAU DESSALGADO";"0,200";"1";"199,00";"39,80";"0,00";"0,00";"0,00";"0,00";"14,35";"2,87";"0,00";"7,21";"25,87";"20,55";"31,62";"25,30";"0,00";"0,00";"0,00";"11,63";"0,00";"0,03";"0,25";"0,00";"2,87";"0,00";"10,19";"0,200";"0,00";"0,200";"0,000";"0,000";"0,00";"0,00";"0,00"
"97,81";"PERECIVEIS \ SALGADOS \ BACALHAU \ PEIXE TIPO BACALHAU";"488,633";"4";"65,35";"31.931,56";"0,03";"6.084,63";"0,01";"19,06";"10,64";"5.198,46";"0,02";"16,28";"40,03";"28,58";"22.803,95";"20.040,96";"0,00";"0,00";"0,00";"6.692,13";"0,00";"24,64";"221,35";"0,00";"5.198,46";"0,02";"20,60";"0,000";"0,00";"133,793";"0,000";"0,000";"0,00";"0,00";"0,00"
"98,03";"PERECIVEIS \ SALGADOS \ BACON \ BACON BARRIGA";"5.434,083";"7";"44,54";"242.053,98";"0,22";"66.757,65";"0,06";"27,58";"12,70";"68.986,10";"0,24";"28,50";"60,23";"37,59";"151.070,02";"119.815,00";"0,00";"0,00";"0,00";"53.252,88";"0,00";"0,00";"0,00";"0,00";"68.986,10";"0,24";"36,54";"4.322,532";"0,09";"4.322,532";"0,003";"80.684.660,000";"0,00";"0,00";"0,00"
"98,03";"PERECIVEIS \ SALGADOS \ BACON \ BACON PALETA";"0,642";"1";"39,97";"25,66";"0,00";"0,00";"0,00";"0,00";"13,27";"8,52";"0,00";"33,20";"73,97";"42,52";"14,75";"11,50";"0,00";"0,00";"0,00";"5,64";"0,00";"0,00";"0,00";"0,00";"8,52";"0,00";"42,56";"0,000";"0,00";"0,000";"0,000";"0,000";"0,00";"0,00";"0,00"
"98,07";"PERECIVEIS \ SALGADOS \ BACON \ BACON PERNIL";"1.185,783";"1";"36,01";"42.703,11";"0,04";"42.686,17";"0,04";"99,96";"11,41";"13.528,94";"0,05";"31,68";"68,41";"40,62";"25.356,97";"19.778,44";"0,00";"0,00";"0,00";"9.395,73";"0,00";"0,00";"0,00";"0,00";"13.528,94";"0,05";"40,62";"1.185,783";"0,02";"1.185,783";"0,000";"0,000";"0,00";"0,00";"0,00"
"98,28";"PERECIVEIS \ SALGADOS \ CHARQUE \ CHARQUE DIANTEIRO";"6.610,889";"7";"34,47";"227.873,93";"0,21";"170.235,45";"0,16";"74,71";"7,34";"48.501,26";"0,17";"21,28";"30,55";"23,40";"174.544,12";"161.016,96";"0,00";"0,00";"0,00";"18.355,71";"0,00";"4,51";"41,35";"0,00";"48.501,26";"0,17";"23,15";"5.211,835";"0,10";"5.259,989";"0,005";"45.574.786,000";"0,00";"0,00";"0,00"
"98,42";"PERECIVEIS \ SALGADOS \ CHARQUE \ CHARQUE LAGARTO";"3.265,722";"3";"45,33";"148.026,64";"0,14";"117.402,20";"0,11";"79,31";"9,29";"30.339,76";"0,11";"20,50";"28,27";"22,04";"115.402,44";"107.324,27";"0,00";"0,00";"0,00";"10.362,61";"0,00";"0,00";"0,00";"0,00";"30.339,76";"0,11";"22,04";"3.038,018";"0,06";"3.035,222";"0,003";"49.342.213,333";"0,00";"0,00";"0,00"
"98,49";"PERECIVEIS \ SALGADOS \ CHARQUE \ CHARQUE PONTA DE AGULHA";"1.941,230";"4";"37,47";"72.729,50";"0,07";"60.955,06";"0,06";"83,81";"7,26";"14.098,94";"0,05";"19,39";"26,33";"20,84";"57.569,17";"53.539,33";"0,00";"0,00";"0,00";"5.091,23";"0,00";"0,00";"0,00";"0,00";"14.098,94";"0,05";"20,84";"1.731,550";"0,03";"1.702,830";"0,002";"36.364.750,000";"0,00";"0,00";"0,00"
"98,51";"PERECIVEIS \ SALGADOS \ CHARQUE \ CHARQUE TRASEIRO";"638,000";"4";"34,85";"22.232,65";"0,02";"0,00";"0,00";"0,00";"10,59";"6.753,63";"0,02";"30,38";"48,51";"32,66";"14.970,78";"13.921,92";"0,00";"0,00";"0,00";"1.557,10";"0,00";"0,00";"0,00";"0,00";"6.753,63";"0,02";"32,66";"238,454";"0,00";"188,400";"0,000";"0,000";"0,00";"0,00";"0,00"
"98,52";"PERECIVEIS \ SALGADOS \ INGREDIENTES P.FEIJOADA \ INGREDIENTES FEIJOADA";"319,000";"1";"20,07";"6.402,18";"0,01";"0,00";"0,00";"0,00";"5,35";"1.706,76";"0,01";"26,66";"51,99";"34,20";"4.212,37";"3.285,64";"0,00";"0,00";"0,00";"1.409,78";"0,00";"0,00";"0,00";"0,00";"1.706,76";"0,01";"34,19";"0,000";"0,00";"159,500";"0,000";"0,000";"0,00";"0,00";"0,00"
"99,07";"PERECIVEIS \ SALGADOS \ LINGUICAS DEFUMADAS \ LINGUICA CALABRESA";"29.091,265";"11";"20,52";"596.838,08";"0,55";"352.009,14";"0,33";"58,98";"3,35";"97.400,77";"0,34";"16,32";"34,74";"25,79";"442.940,41";"406.312,60";"0,00";"0,00";"0,00";"93.124,71";"0,00";"545,06";"4.431,73";"0,00";"97.400,77";"0,34";"19,34";"27.006,070";"0,54";"28.495,650";"0,027";"22.105.114,074";"0,00";"0,00";"0,00"
"99,22";"PERECIVEIS \ SALGADOS \ LINGUICAS DEFUMADAS \ LINGUICA FINA MISTA";"8.754,807";"11";"18,53";"162.235,18";"0,15";"21.068,29";"0,02";"12,99";"4,69";"41.075,98";"0,14";"25,32";"57,16";"36,37";"103.230,13";"95.845,08";"0,00";"0,00";"0,00";"25.314,12";"0,00";"158,30";"1.180,98";"0,00";"41.075,98";"0,14";"30,00";"2.420,308";"0,05";"2.640,614";"0,002";"81.117.590,000";"0,00";"0,00";"0,00"
"99,28";"PERECIVEIS \ SALGADOS \ LINGUICAS DEFUMADAS \ LINGUICA PAIO";"2.799,804";"4";"22,73";"63.651,85";"0,06";"19,96";"0,00";"0,03";"6,96";"19.473,59";"0,07";"30,59";"72,84";"42,14";"36.827,52";"34.246,28";"0,00";"0,00";"0,00";"9.931,98";"0,00";"62,86";"470,78";"0,00";"19.473,59";"0,07";"36,25";"1.449,130";"0,03";"1.840,314";"0,001";"63.651.850,000";"0,00";"0,00";"0,00"
"99,29";"PERECIVEIS \ SALGADOS \ LINGUICAS DEFUMADAS \ LINGUICA PERNIL DEFUMADA";"397,000";"1";"22,72";"9.020,67";"0,01";"194,74";"0,00";"2,16";"6,30";"2.502,96";"0,01";"27,75";"64,18";"39,09";"5.494,36";"5.109,76";"0,00";"0,00";"0,00";"1.407,95";"0,00";"7,51";"65,57";"0,00";"2.502,96";"0,01";"32,88";"205,249";"0,00";"198,500";"0,000";"0,000";"0,00";"0,00";"0,00"
"99,31";"PERECIVEIS \ SALGADOS \ LINGUICAS DEFUMADAS \ LINGUICA PORTUGUESA";"860,648";"2";"22,40";"19.276,64";"0,02";"0,00";"0,00";"0,00";"6,92";"5.953,24";"0,02";"30,88";"73,79";"42,46";"11.091,60";"10.315,19";"0,00";"0,00";"0,00";"3.008,21";"0,00";"13,12";"139,80";"0,00";"5.953,24";"0,02";"36,59";"579,263";"0,01";"572,048";"0,000";"0,000";"0,00";"0,00";"0,00"
"99,36";"PERECIVEIS \ SALGADOS \ LINGUICAS DEFUMADAS \ LINGUICA SUINA";"4.253,000";"7";"11,93";"50.726,62";"0,05";"21.819,85";"0,02";"43,01";"3,79";"16.099,87";"0,06";"31,74";"76,64";"43,39";"28.717,52";"26.707,32";"0,00";"0,00";"0,00";"7.919,43";"0,00";"40,22";"363,14";"0,00";"16.099,87";"0,06";"37,61";"1.794,875";"0,04";"1.694,250";"0,000";"0,000";"0,00";"0,00";"0,00"
"99,36";"PERECIVEIS \ SALGADOS \ SUINO DEFUMADO \ COPA SUINA DEFUMADA";"55,239";"1";"56,98";"3.147,46";"0,00";"0,00";"0,00";"0,00";"16,36";"903,94";"0,00";"28,72";"58,28";"36,82";"1.988,60";"1.551,11";"0,00";"0,00";"0,00";"692,41";"0,00";"0,00";"0,00";"0,00";"903,94";"0,00";"36,82";"0,000";"0,00";"0,000";"0,000";"0,000";"0,00";"0,00";"0,00"
"99,37";"PERECIVEIS \ SALGADOS \ SUINO DEFUMADO \ COSTELA SUINA DEFUMADA";"155,239";"1";"57,21";"8.880,46";"0,01";"0,00";"0,00";"0,00";"18,19";"2.824,00";"0,01";"31,80";"68,83";"40,77";"5.260,02";"4.102,81";"0,00";"0,00";"0,00";"1.953,65";"0,00";"0,00";"0,00";"0,00";"2.824,00";"0,01";"40,77";"0,000";"0,00";"0,000";"0,000";"0,000";"0,00";"0,00";"0,00"
"99,38";"PERECIVEIS \ SALGADOS \ SUINO DEFUMADO \ LOMBO SUINO DEFUMADO";"209,172";"1";"54,97";"11.498,28";"0,01";"0,00";"0,00";"0,00";"16,91";"3.537,64";"0,01";"30,77";"65,13";"39,44";"6.963,33";"5.431,35";"0,00";"0,00";"0,00";"2.529,29";"0,00";"0,00";"0,00";"0,00";"3.537,64";"0,01";"39,44";"0,000";"0,00";"0,000";"0,000";"0,000";"0,00";"0,00";"0,00"
"99,38";"PERECIVEIS \ SALGADOS \ SUINO SALGADO \ BOCHECHA";"0,278";"1";"249,89";"69,47";"0,00";"0,00";"0,00";"0,00";"44,17";"12,28";"0,00";"17,68";"59,15";"37,17";"43,65";"41,90";"0,00";"0,00";"0,00";"15,29";"0,00";"0,00";"0,00";"0,00";"12,28";"0,00";"22,67";"0,000";"0,00";"0,000";"0,000";"0,000";"0,00";"0,00";"0,00"
"99,42";"PERECIVEIS \ SALGADOS \ SUINO SALGADO \ CHISPE SUINO SALG";"3.129,637";"1";"14,78";"46.250,42";"0,04";"45.454,48";"0,04";"98,28";"3,90";"12.191,85";"0,04";"26,36";"51,05";"33,80";"30.619,63";"23.883,31";"0,00";"0,00";"0,00";"10.175,26";"0,00";"0,00";"0,00";"0,00";"12.191,85";"0,04";"33,80";"3.129,637";"0,06";"3.129,637";"0,003";"15.416.806,667";"0,00";"0,00";"0,00"
"99,51";"PERECIVEIS \ SALGADOS \ SUINO SALGADO \ COSTELA SUINA SALG";"3.194,426";"3";"29,52";"94.285,93";"0,09";"77.106,61";"0,07";"81,78";"7,54";"24.095,45";"0,08";"25,56";"48,73";"32,76";"63.393,68";"49.447,07";"0,00";"0,00";"0,00";"20.743,41";"0,00";"0,00";"0,00";"0,00";"24.095,45";"0,08";"32,76";"2.762,438";"0,06";"2.762,438";"0,003";"31.428.643,333";"0,00";"0,00";"0,00"
"99,52";"PERECIVEIS \ SALGADOS \ SUINO SALGADO \ GARGANTA SUINA SALG";"756,430";"1";"17,15";"12.976,11";"0,01";"13.200,34";"0,01";"101,73";"5,17";"3.907,04";"0,01";"30,11";"62,87";"38,60";"7.967,03";"6.214,29";"0,00";"0,00";"0,00";"2.854,78";"0,00";"0,00";"0,00";"0,00";"3.907,04";"0,01";"38,60";"756,430";"0,02";"756,430";"0,001";"12.976.110,000";"0,00";"0,00";"0,00"
"99,60";"PERECIVEIS \ SALGADOS \ SUINO SALGADO \ LOMBO SUINO SALG";"2.918,546";"3";"29,59";"86.360,74";"0,08";"63.282,04";"0,06";"73,28";"8,15";"23.785,04";"0,08";"27,54";"54,58";"35,31";"55.867,08";"43.576,33";"0,00";"0,00";"0,00";"18.999,37";"0,00";"0,00";"0,00";"0,00";"23.785,04";"0,08";"35,31";"2.326,210";"0,05";"2.326,210";"0,002";"43.180.370,000";"0,00";"0,00";"0,00"
"99,62";"PERECIVEIS \ SALGADOS \ SUINO SALGADO \ ORELHA SALG";"1.346,616";"1";"14,09";"18.973,42";"0,02";"19.378,31";"0,02";"102,13";"3,98";"5.353,66";"0,02";"28,22";"56,69";"36,18";"12.109,22";"9.445,18";"0,00";"0,00";"0,00";"4.174,58";"0,00";"0,00";"0,00";"0,00";"5.353,66";"0,02";"36,18";"1.346,616";"0,03";"1.346,616";"0,001";"18.973.420,000";"0,00";"0,00";"0,00"
"99,71";"PERECIVEIS \ SALGADOS \ SUINO SALGADO \ PONTA COSTELA SUINA SALG";"4.624,397";"1";"20,00";"92.478,84";"0,09";"92.381,31";"0,09";"99,89";"5,11";"23.637,94";"0,08";"25,56";"48,75";"32,77";"62.172,49";"48.494,54";"0,00";"0,00";"0,00";"20.346,36";"0,00";"0,00";"0,00";"0,00";"23.637,94";"0,08";"32,77";"4.624,397";"0,09";"4.624,397";"0,005";"18.495.768,000";"0,00";"0,00";"0,00"
"99,72";"PERECIVEIS \ SALGADOS \ SUINO SALGADO \ RABINHO SUINO SALG";"426,502";"1";"28,76";"12.265,33";"0,01";"3.124,96";"0,00";"25,48";"6,94";"2.958,40";"0,01";"24,12";"44,77";"30,93";"8.472,17";"6.608,31";"0,00";"0,00";"0,00";"2.698,62";"0,00";"0,00";"0,00";"0,00";"2.958,40";"0,01";"30,92";"4.265,020";"0,09";"4.265,020";"0,000";"0,000";"0,00";"0,00";"0,00"
