"%Acm. Venda";"Nível 4";"Venda Quantidade";"Venda Itens";"Unitário Médio";"Venda Valor";"Venda % Partic.";"Promoções Valor Venda";"Promoc. % Partic.";"% Partic. Prom./Vda.";"Lucratividade Unit.";"Lucratividade Valor";"Lucrat. % Partic.";"Lucrat. Marg %";"% Mark Up";"% Mark Down";"Custo Bruto";"Custo Líquido";"Despesa Venda";"Compror";"Comissão";"Impostos Venda";"Valor IBS  Municipal";"Valor IBS  Estadual";"Valor CBS";"Valor IS";"Contribuição Valor";"Contrib. % Partic.";"Contrib. Marg %*";"Peso Bruto";"Peso Brt %Partic.";"Peso Líquido";"Volume M ³";"Valor Venda Por M³";"Despesa Fixa";"Desconto Fixo";"Vlr Descto Fora de NF"
"0,02";"MERCEARIA NAO ALIMENTOS \ BAZAR \ ARMARINHO \ ACESSORIOS ARMARINHO";"6.774,000";"34";"3,82";"25.869,77";"0,02";"1.363,00";"0,00";"5,27";"0,95";"6.403,51";"0,02";"24,75";"57,90";"36,67";"16.383,37";"13.304,56";"0,00";"0,00";"0,00";"6.161,70";"0,00";"5,56";"175,72";"0,00";"6.403,51";"0,02";"32,49";"8,788";"0,00";"2,670";"0,000";"0,000";"0,00";"0,00";"0,00"
"0,02";"MERCEARIA NAO ALIMENTOS \ BAZAR \ BOLSAS E SACOLAS \ BOLSA BRINDE";"51,000";"2";"5,75";"293,00";"0,00";"0,00";"0,00";"0,00";"2,16";"110,19";"0,00";"37,61";"118,93";"54,32";"133,83";"97,11";"0,00";"0,00";"0,00";"85,70";"0,00";"0,00";"1,73";"0,00";"110,19";"0,00";"53,15";"2,257";"0,00";"0,000";"0,000";"0,000";"0,00";"0,00";"0,00"
"0,03";"MERCEARIA NAO ALIMENTOS \ BAZAR \ BOLSAS E SACOLAS \ BOLSA TERMICA";"846,000";"5";"10,15";"8.589,07";"0,01";"0,00";"0,00";"0,00";"2,93";"2.478,03";"0,01";"28,85";"86,08";"46,26";"4.615,73";"3.600,22";"0,00";"0,00";"0,00";"2.510,82";"0,00";"8,41";"57,07";"0,00";"2.478,03";"0,01";"40,77";"63,450";"0,00";"0,000";"0,000";"0,000";"0,00";"0,00";"0,00"
"0,31";"MERCEARIA NAO ALIMENTOS \ BAZAR \ BOLSAS E SACOLAS \ SACOLA RECICLAVEL";"2.888.318,000";"2";"0,12";"333.822,94";"0,28";"0,00";"0,00";"0,00";"0,01";"33.460,74";"0,11";"10,02";"23,89";"19,28";"269.458,65";"207.665,09";"0,00";"0,00";"0,00";"92.697,11";"0,00";"1,58";"154,64";"0,00";"33.460,74";"0,11";"13,88";"891.300,905";"11,92";"2.310.654,400";"45,231";"7.380,401";"0,00";"0,00";"0,00"
"0,41";"MERCEARIA NAO ALIMENTOS \ BAZAR \ BOLSAS E SACOLAS \ SACOLA RETORNAVEL";"17.982,000";"2";"6,99";"125.672,94";"0,10";"0,00";"0,00";"0,00";"2,47";"44.384,73";"0,15";"35,32";"114,24";"53,32";"58.660,33";"44.537,41";"0,00";"0,00";"0,00";"36.750,80";"0,00";"0,10";"717,31";"0,00";"44.384,73";"0,15";"49,91";"1.168,180";"0,02";"0,000";"0,000";"0,000";"0,00";"0,00";"0,00"
"0,41";"MERCEARIA NAO ALIMENTOS \ BAZAR \ CALCADOS \ ACESSORIOS PARA CALCADOS";"111,000";"1";"5,59";"620,49";"0,00";"0,00";"0,00";"0,00";"1,44";"159,85";"0,00";"25,76";"57,24";"36,40";"394,62";"279,34";"0,00";"0,00";"0,00";"181,30";"0,00";"0,00";"4,44";"0,00";"159,85";"0,00";"36,40";"0,000";"0,00";"0,000";"0,000";"0,000";"0,00";"0,00";"0,00"
"0,42";"MERCEARIA NAO ALIMENTOS \ BAZAR \ CALCADOS \ GRAXAS";"386,000";"4";"18,52";"7.147,84";"0,01";"0,00";"0,00";"0,00";"3,64";"1.404,53";"0,00";"19,65";"56,19";"35,98";"4.576,28";"3.654,28";"0,00";"0,00";"0,00";"2.089,03";"0,00";"3,86";"44,45";"0,00";"1.404,53";"0,00";"27,76";"26,852";"0,00";"13,896";"0,000";"0,000";"0,00";"0,00";"0,00"
"0,51";"MERCEARIA NAO ALIMENTOS \ BAZAR \ CALCADOS \ SANDALIAS";"7.625,000";"28";"14,05";"107.093,44";"0,09";"1.688,44";"0,00";"1,58";"3,73";"28.453,39";"0,09";"26,57";"72,77";"42,12";"61.985,82";"47.327,81";"0,00";"0,00";"0,00";"31.312,24";"0,00";"82,15";"661,37";"0,00";"28.453,39";"0,09";"37,55";"2.375,331";"0,03";"0,000";"0,000";"0,000";"0,00";"0,00";"0,00"
"0,52";"MERCEARIA NAO ALIMENTOS \ BAZAR \ CHURRASCO \ ACESSORIOS CHURRASCO";"895,000";"5";"10,64";"9.525,28";"0,01";"0,00";"0,00";"0,00";"3,72";"3.327,65";"0,01";"34,93";"107,81";"51,88";"4.583,60";"3.849,13";"0,00";"0,00";"0,00";"2.348,49";"0,00";"5,51";"63,24";"0,00";"3.327,65";"0,01";"46,37";"207,067";"0,00";"192,180";"0,000";"0,000";"0,00";"0,00";"0,00"
"0,62";"MERCEARIA NAO ALIMENTOS \ BAZAR \ CHURRASCO \ CARVAO";"5.663,000";"2";"21,75";"123.176,80";"0,10";"7.718,40";"0,01";"6,27";"6,22";"35.205,29";"0,12";"28,58";"84,89";"45,91";"66.623,13";"51.966,00";"0,00";"0,00";"0,00";"36.005,51";"0,00";"64,77";"793,89";"0,00";"35.205,29";"0,12";"40,39";"18.922,768";"0,25";"3.805,000";"13,698";"8.992,320";"0,00";"0,00";"0,00"
"0,63";"MERCEARIA NAO ALIMENTOS \ BAZAR \ CHURRASCO \ ESPETO";"879,000";"1";"8,35";"7.337,86";"0,01";"0,00";"0,00";"0,00";"2,45";"2.155,02";"0,01";"29,37";"71,16";"41,57";"4.287,23";"3.036,11";"0,00";"0,00";"0,00";"2.146,73";"0,00";"8,62";"44,06";"0,00";"2.155,02";"0,01";"41,51";"76,473";"0,00";"0,000";"0,000";"0,000";"0,00";"0,00";"0,00"
"0,63";"MERCEARIA NAO ALIMENTOS \ BAZAR \ CHURRASCO \ GRELHA";"15,000";"2";"51,66";"774,85";"0,00";"0,00";"0,00";"0,00";"15,14";"227,09";"0,00";"29,31";"70,67";"41,41";"454,00";"321,36";"0,00";"0,00";"0,00";"226,40";"0,00";"0,55";"4,95";"0,00";"227,09";"0,00";"41,41";"0,000";"0,00";"0,000";"0,000";"0,000";"0,00";"0,00";"0,00"
"0,63";"MERCEARIA NAO ALIMENTOS \ BAZAR \ CHURRASCO \ PALITOS";"243,000";"1";"11,02";"2.677,29";"0,00";"0,00";"0,00";"0,00";"3,94";"956,75";"0,00";"35,74";"102,06";"50,51";"1.325,01";"937,92";"0,00";"0,00";"0,00";"782,62";"0,00";"2,42";"17,00";"0,00";"956,75";"0,00";"50,50";"0,000";"0,00";"0,000";"0,000";"0,000";"0,00";"0,00";"0,00"
"0,63";"MERCEARIA NAO ALIMENTOS \ BAZAR \ CHURRASCO \ TABUA";"34,000";"2";"33,43";"1.136,66";"0,00";"0,00";"0,00";"0,00";"16,05";"545,53";"0,00";"47,99";"222,46";"68,99";"352,50";"258,98";"0,00";"0,00";"0,00";"332,14";"0,00";"0,77";"7,18";"0,00";"545,53";"0,00";"67,81";"119,750";"0,00";"0,000";"0,000";"0,000";"0,00";"0,00";"0,00"
"0,69";"MERCEARIA NAO ALIMENTOS \ BAZAR \ DESCARTAVEIS \ ALUMINIO";"10.566,000";"16";"6,69";"70.672,69";"0,06";"0,00";"0,00";"0,00";"2,15";"22.681,21";"0,08";"32,09";"91,01";"47,65";"36.999,94";"27.314,06";"0,00";"0,00";"0,00";"20.677,42";"0,00";"20,64";"452,78";"0,00";"22.681,21";"0,08";"45,37";"585,952";"0,01";"0,000";"0,000";"0,000";"0,00";"0,00";"0,00"
"0,69";"MERCEARIA NAO ALIMENTOS \ BAZAR \ DESCARTAVEIS \ CANUDOS";"21,000";"1";"4,29";"90,09";"0,00";"0,00";"0,00";"0,00";"1,69";"35,56";"0,00";"39,47";"128,77";"56,29";"39,38";"28,09";"0,00";"0,00";"0,00";"26,44";"0,00";"0,00";"0,63";"0,00";"35,56";"0,00";"55,87";"0,000";"0,00";"0,000";"0,000";"0,000";"0,00";"0,00";"0,00"
"0,71";"MERCEARIA NAO ALIMENTOS \ BAZAR \ DESCARTAVEIS \ COPOS-TULIPAS";"2.641,000";"8";"8,45";"22.319,56";"0,02";"0,00";"0,00";"0,00";"3,10";"8.195,97";"0,03";"36,72";"68,99";"40,82";"13.207,79";"12.045,83";"0,00";"0,00";"0,00";"2.077,75";"0,00";"24,97";"181,24";"0,00";"8.195,97";"0,03";"40,49";"410,869";"0,01";"0,000";"0,000";"0,000";"0,00";"0,00";"0,00"
"0,73";"MERCEARIA NAO ALIMENTOS \ BAZAR \ DESCARTAVEIS \ FILMES PLASTICOS";"2.746,000";"6";"7,41";"20.357,59";"0,02";"0,00";"0,00";"0,00";"1,90";"5.205,41";"0,02";"25,57";"66,96";"40,11";"12.193,17";"9.197,65";"0,00";"0,00";"0,00";"5.954,54";"0,00";"13,22";"128,59";"0,00";"5.205,41";"0,02";"36,14";"289,493";"0,00";"0,000";"0,000";"0,000";"0,00";"0,00";"0,00"
"0,81";"MERCEARIA NAO ALIMENTOS \ BAZAR \ DESCARTAVEIS \ FILTROS";"20.138,000";"9";"4,59";"92.424,76";"0,08";"84.721,33";"0,07";"91,67";"1,48";"29.883,68";"0,10";"32,33";"60,57";"37,72";"57.559,49";"53.991,79";"0,00";"0,00";"0,00";"8.549,29";"0,00";"8,69";"762,99";"0,00";"29.883,68";"0,10";"35,63";"1.319,857";"0,02";"0,000";"0,000";"0,000";"0,00";"0,00";"0,00"
"0,81";"MERCEARIA NAO ALIMENTOS \ BAZAR \ DESCARTAVEIS \ FORMAS";"99,000";"1";"16,11";"1.594,42";"0,00";"0,00";"0,00";"0,00";"5,94";"588,07";"0,00";"36,88";"68,46";"40,64";"946,44";"858,87";"0,00";"0,00";"0,00";"147,48";"0,00";"1,06";"12,94";"0,00";"588,07";"0,00";"40,64";"0,000";"0,00";"0,000";"0,000";"0,000";"0,00";"0,00";"0,00"
"0,84";"MERCEARIA NAO ALIMENTOS \ BAZAR \ DESCARTAVEIS \ FOSFOROS";"7.233,000";"2";"5,40";"39.056,32";"0,03";"0,00";"0,00";"0,00";"1,47";"10.639,38";"0,04";"27,24";"83,69";"45,56";"21.261,63";"16.979,30";"0,00";"0,00";"0,00";"11.437,65";"0,00";"0,12";"218,04";"0,00";"10.639,38";"0,04";"38,52";"550,389";"0,01";"0,000";"0,000";"0,000";"0,00";"0,00";"0,00"
"0,88";"MERCEARIA NAO ALIMENTOS \ BAZAR \ DESCARTAVEIS \ GUARDANAPOS";"11.257,000";"7";"3,84";"43.232,60";"0,04";"12.687,49";"0,01";"29,35";"1,51";"16.950,80";"0,06";"39,21";"87,17";"46,57";"23.098,41";"22.282,78";"0,00";"0,00";"0,00";"3.999,02";"0,00";"15,26";"348,75";"0,00";"16.950,80";"0,06";"43,20";"707,239";"0,01";"0,000";"0,000";"0,000";"0,00";"0,00";"0,00"
"0,88";"MERCEARIA NAO ALIMENTOS \ BAZAR \ DESCARTAVEIS \ KIT DESCARTAVEL";"81,000";"5";"8,27";"669,69";"0,00";"0,00";"0,00";"0,00";"3,89";"314,82";"0,00";"47,01";"110,11";"52,40";"318,74";"292,92";"0,00";"0,00";"0,00";"61,95";"0,00";"0,83";"5,24";"0,00";"314,82";"0,00";"51,80";"3,180";"0,00";"0,000";"0,000";"0,000";"0,00";"0,00";"0,00"
"0,89";"MERCEARIA NAO ALIMENTOS \ BAZAR \ DESCARTAVEIS \ PALITOS";"4.618,000";"1";"1,49";"6.891,15";"0,01";"0,00";"0,00";"0,00";"0,62";"2.871,55";"0,01";"41,67";"171,94";"63,23";"2.534,07";"1.997,43";"0,00";"0,00";"0,00";"2.022,17";"0,00";"0,09";"45,82";"0,00";"2.871,55";"0,01";"58,98";"69,270";"0,00";"0,000";"0,000";"0,000";"0,00";"0,00";"0,00"
"0,89";"MERCEARIA NAO ALIMENTOS \ BAZAR \ DESCARTAVEIS \ PAPEL MANTEIGA";"883,000";"2";"5,87";"5.185,58";"0,00";"0,00";"0,00";"0,00";"1,77";"1.563,75";"0,01";"30,16";"83,61";"45,54";"2.824,17";"2.105,50";"0,00";"0,00";"0,00";"1.516,33";"0,00";"0,03";"34,45";"0,00";"1.563,75";"0,01";"42,62";"72,194";"0,00";"0,000";"0,000";"0,000";"0,00";"0,00";"0,00"
"0,90";"MERCEARIA NAO ALIMENTOS \ BAZAR \ DESCARTAVEIS \ PRATOS";"2.443,000";"9";"5,78";"14.119,42";"0,01";"0,00";"0,00";"0,00";"2,58";"6.304,50";"0,02";"44,65";"99,21";"49,80";"7.087,68";"6.508,88";"0,00";"0,00";"0,00";"1.306,05";"0,00";"10,32";"113,53";"0,00";"6.304,50";"0,02";"49,20";"98,884";"0,00";"0,000";"0,000";"0,000";"0,00";"0,00";"0,00"
"0,91";"MERCEARIA NAO ALIMENTOS \ BAZAR \ DESCARTAVEIS \ SACOS";"1.149,000";"10";"11,78";"13.536,81";"0,01";"0,00";"0,00";"0,00";"3,47";"3.986,32";"0,01";"29,45";"78,43";"43,95";"7.586,75";"5.592,69";"0,00";"0,00";"0,00";"3.957,80";"0,00";"8,08";"84,56";"0,00";"3.986,32";"0,01";"41,62";"97,439";"0,00";"0,975";"0,000";"0,000";"0,00";"0,00";"0,00"
"1,02";"MERCEARIA NAO ALIMENTOS \ BAZAR \ DESCARTAVEIS \ SACOS PARA LIXO";"11.378,000";"38";"11,63";"132.318,89";"0,11";"41.937,29";"0,04";"31,69";"4,41";"50.231,08";"0,17";"37,96";"91,02";"47,65";"69.269,92";"68.017,90";"0,00";"0,00";"0,00";"14.069,91";"0,00";"106,13";"1.066,24";"0,00";"50.231,08";"0,17";"42,48";"1.633,805";"0,02";"10,320";"0,000";"0,000";"0,00";"0,00";"0,00"
"1,03";"MERCEARIA NAO ALIMENTOS \ BAZAR \ DESCARTAVEIS \ TALHERES DESCARTAVEIS";"1.023,000";"6";"6,34";"6.489,64";"0,01";"0,00";"0,00";"0,00";"2,98";"3.053,10";"0,01";"47,05";"111,35";"52,69";"3.070,55";"2.836,25";"0,00";"0,00";"0,00";"600,29";"0,00";"6,29";"54,21";"0,00";"3.053,10";"0,01";"51,84";"31,965";"0,00";"0,000";"0,000";"0,000";"0,00";"0,00";"0,00"
"1,22";"MERCEARIA NAO ALIMENTOS \ BAZAR \ DESCARTAVEIS \ TOALHAS DE PAPEL";"45.015,000";"9";"5,04";"226.666,83";"0,19";"196.102,62";"0,16";"86,52";"1,50";"67.353,74";"0,22";"29,71";"62,43";"38,43";"139.551,26";"138.346,41";"0,00";"0,00";"0,00";"20.966,68";"0,00";"47,65";"1.840,41";"0,00";"67.353,74";"0,22";"32,74";"9.096,602";"0,12";"0,000";"0,000";"0,000";"0,00";"0,00";"0,00"
"1,22";"MERCEARIA NAO ALIMENTOS \ BAZAR \ ELETRO E ELETRONICO \ ELETRO-PORTATEIS";"14,000";"1";"59,99";"839,86";"0,00";"0,00";"0,00";"0,00";"19,66";"275,19";"0,00";"32,77";"72,46";"42,02";"486,98";"486,98";"0,00";"0,00";"0,00";"77,69";"0,00";"0,70";"6,86";"0,00";"275,19";"0,00";"36,11";"0,000";"0,00";"0,000";"0,000";"0,000";"0,00";"0,00";"0,00"
"1,22";"MERCEARIA NAO ALIMENTOS \ BAZAR \ ELETRO E ELETRONICO \ MAQUINA DE CAFE";"15,000";"1";"18,36";"275,43";"0,00";"0,00";"0,00";"0,00";"-15,48";"-232,15";"0,00";"-84,29";"-42,87";"-75,04";"482,10";"482,10";"0,00";"0,00";"0,00";"25,48";"0,00";"0,25";"2,25";"0,00";"-232,15";"0,00";"-92,88";"0,000";"0,00";"0,000";"0,000";"0,000";"0,00";"0,00";"0,00"
"1,22";"MERCEARIA NAO ALIMENTOS \ BAZAR \ FESTAS \ BALOES";"94,000";"4";"18,99";"1.785,06";"0,00";"0,00";"0,00";"0,00";"6,93";"651,77";"0,00";"36,51";"107,29";"51,76";"861,16";"611,60";"0,00";"0,00";"0,00";"521,68";"0,00";"0,93";"11,04";"0,00";"651,77";"0,00";"51,59";"5,358";"0,00";"0,000";"0,000";"0,000";"0,00";"0,00";"0,00"
"1,22";"MERCEARIA NAO ALIMENTOS \ BAZAR \ FESTAS \ FAIXAS";"29,000";"1";"6,99";"202,71";"0,00";"0,00";"0,00";"0,00";"2,50";"72,46";"0,00";"35,75";"104,02";"50,98";"99,36";"70,97";"0,00";"0,00";"0,00";"59,28";"0,00";"0,00";"1,16";"0,00";"72,46";"0,00";"50,52";"0,000";"0,00";"0,000";"0,000";"0,000";"0,00";"0,00";"0,00"
"1,22";"MERCEARIA NAO ALIMENTOS \ BAZAR \ FESTAS \ FOMINHAS-FUNDO";"188,000";"6";"7,67";"1.442,24";"0,00";"0,00";"0,00";"0,00";"2,74";"515,86";"0,00";"35,77";"104,00";"50,98";"706,99";"504,80";"0,00";"0,00";"0,00";"421,58";"0,00";"0,34";"8,62";"0,00";"515,86";"0,00";"50,54";"3,699";"0,00";"0,000";"0,000";"0,000";"0,00";"0,00";"0,00"
"1,23";"MERCEARIA NAO ALIMENTOS \ BAZAR \ FESTAS \ VELAS PARA FESTA";"2.653,000";"30";"6,15";"16.316,02";"0,01";"0,00";"0,00";"0,00";"1,87";"4.963,89";"0,02";"30,42";"75,52";"43,03";"9.295,78";"6.580,05";"0,00";"0,00";"0,00";"4.772,08";"0,00";"6,78";"101,49";"0,00";"4.963,89";"0,02";"43,00";"30,288";"0,00";"0,000";"0,000";"0,000";"0,00";"0,00";"0,00"
"1,24";"MERCEARIA NAO ALIMENTOS \ BAZAR \ LAVANDERIA \ ACESSORIOS LAVANDERIA";"936,000";"9";"7,25";"6.786,40";"0,01";"0,00";"0,00";"0,00";"2,17";"2.032,37";"0,01";"29,95";"78,34";"43,93";"3.805,29";"2.771,05";"0,00";"0,00";"0,00";"1.982,98";"0,00";"2,37";"45,50";"0,00";"2.032,37";"0,01";"42,31";"8,346";"0,00";"3,812";"0,000";"0,000";"0,00";"0,00";"0,00"
"1,25";"MERCEARIA NAO ALIMENTOS \ BAZAR \ LIMPEZA CASEIRA \ DESENTUPIDOR";"549,000";"4";"23,35";"12.818,47";"0,01";"0,00";"0,00";"0,00";"8,44";"4.634,77";"0,02";"36,16";"84,42";"45,78";"6.950,80";"6.304,63";"0,00";"0,00";"0,00";"1.879,07";"0,00";"10,13";"96,85";"0,00";"4.634,77";"0,02";"42,37";"172,955";"0,00";"112,400";"0,000";"0,000";"0,00";"0,00";"0,00"
"1,26";"MERCEARIA NAO ALIMENTOS \ BAZAR \ LIMPEZA CASEIRA \ ESCOVA";"1.313,000";"7";"10,31";"13.533,54";"0,01";"0,00";"0,00";"0,00";"2,74";"3.595,36";"0,01";"26,57";"71,15";"41,57";"7.907,37";"5.982,32";"0,00";"0,00";"0,00";"3.955,86";"0,00";"9,33";"84,18";"0,00";"3.595,36";"0,01";"37,54";"20,648";"0,00";"22,516";"0,000";"0,000";"0,00";"0,00";"0,00"
"1,45";"MERCEARIA NAO ALIMENTOS \ BAZAR \ LIMPEZA CASEIRA \ ESPONJAS - BUCHAS";"48.064,000";"30";"4,75";"228.169,28";"0,19";"110.180,68";"0,09";"48,29";"1,70";"81.903,22";"0,27";"35,90";"71,07";"41,54";"133.380,42";"125.112,48";"0,00";"0,00";"0,00";"21.153,57";"0,00";"112,06";"1.878,77";"0,00";"81.903,22";"0,27";"39,56";"1.642,999";"0,02";"696,543";"1,489";"153.236,588";"0,00";"0,00";"0,00"
"1,45";"MERCEARIA NAO ALIMENTOS \ BAZAR \ LIMPEZA CASEIRA \ FLANELAS";"399,000";"3";"10,19";"4.067,72";"0,00";"0,00";"0,00";"0,00";"2,87";"1.144,04";"0,00";"28,12";"70,34";"41,29";"2.388,01";"1.734,45";"0,00";"0,00";"0,00";"1.189,23";"0,00";"3,99";"26,02";"0,00";"1.144,04";"0,00";"39,74";"9,736";"0,00";"0,000";"0,000";"0,000";"0,00";"0,00";"0,00"
"1,45";"MERCEARIA NAO ALIMENTOS \ BAZAR \ LIMPEZA CASEIRA \ MOP";"18,000";"3";"43,88";"789,82";"0,00";"0,00";"0,00";"0,00";"11,56";"208,15";"0,00";"26,35";"75,57";"43,04";"449,86";"350,89";"0,00";"0,00";"0,00";"230,78";"0,00";"0,57";"5,05";"0,00";"208,15";"0,00";"37,23";"0,000";"0,00";"0,000";"0,000";"0,000";"0,00";"0,00";"0,00"
"1,45";"MERCEARIA NAO ALIMENTOS \ BAZAR \ LIMPEZA CASEIRA \ PA DE LIXO";"353,000";"4";"11,13";"3.930,11";"0,00";"0,00";"0,00";"0,00";"2,79";"984,01";"0,00";"25,04";"62,57";"38,49";"2.417,43";"1.797,24";"0,00";"0,00";"0,00";"1.148,86";"0,00";"4,07";"24,53";"0,00";"984,01";"0,00";"35,38";"23,075";"0,00";"0,000";"0,000";"0,000";"0,00";"0,00";"0,00"
"1,52";"MERCEARIA NAO ALIMENTOS \ BAZAR \ LIMPEZA CASEIRA \ PANO";"8.878,000";"21";"9,19";"81.572,84";"0,07";"38.451,98";"0,03";"47,14";"2,44";"21.645,76";"0,07";"26,54";"67,98";"40,47";"48.561,14";"36.069,73";"0,00";"0,00";"0,00";"23.857,36";"0,00";"63,21";"521,03";"0,00";"21.645,76";"0,07";"37,50";"512,654";"0,01";"0,000";"0,000";"0,000";"0,00";"0,00";"0,00"
"1,53";"MERCEARIA NAO ALIMENTOS \ BAZAR \ LIMPEZA CASEIRA \ RODO";"436,000";"8";"19,24";"8.390,45";"0,01";"0,00";"0,00";"0,00";"4,57";"1.991,40";"0,01";"23,73";"59,16";"37,17";"5.271,71";"3.946,95";"0,00";"0,00";"0,00";"2.452,10";"0,00";"7,06";"52,81";"0,00";"1.991,40";"0,01";"33,53";"7,748";"0,00";"0,000";"0,000";"0,000";"0,00";"0,00";"0,00"
"1,56";"MERCEARIA NAO ALIMENTOS \ BAZAR \ LIMPEZA CASEIRA \ VASSOURAS";"1.450,000";"14";"25,32";"36.719,88";"0,03";"6.557,92";"0,01";"17,86";"6,84";"9.921,24";"0,03";"27,02";"69,63";"41,05";"21.646,44";"16.067,25";"0,00";"0,00";"0,00";"10.731,39";"0,00";"24,46";"232,29";"0,00";"9.921,24";"0,03";"38,18";"0,000";"0,00";"0,000";"0,000";"0,000";"0,00";"0,00";"0,00"
"1,56";"MERCEARIA NAO ALIMENTOS \ BAZAR \ MATERIAL HIDRAULICO \ ACESSORIOS HIDRULICO";"1,000";"1";"4,59";"4,59";"0,00";"0,00";"0,00";"0,00";"1,43";"1,43";"0,00";"31,15";"52,49";"34,42";"3,01";"2,73";"0,00";"0,00";"0,00";"0,42";"0,00";"0,00";"0,04";"0,00";"1,43";"0,00";"34,33";"0,000";"0,00";"0,000";"0,000";"0,000";"0,00";"0,00";"0,00"
"1,76";"MERCEARIA NAO ALIMENTOS \ BAZAR \ PAPELARIA \ FIGURINHAS";"34.951,000";"1";"7,00";"244.645,30";"0,20";"0,00";"0,00";"0,00";"1,56";"54.360,90";"0,18";"22,22";"45,92";"31,47";"167.654,71";"167.654,71";"0,00";"0,00";"0,00";"22.629,69";"0,00";"0,00";"0,00";"0,00";"54.360,90";"0,18";"24,49";"9.331,917";"0,12";"0,000";"0,000";"0,000";"0,00";"0,00";"0,00"
"1,77";"MERCEARIA NAO ALIMENTOS \ BAZAR \ PAPELARIA \ REVISTA E LIVRO";"329,000";"3";"27,66";"9.101,42";"0,01";"539,91";"0,00";"5,93";"7,42";"2.440,74";"0,01";"26,82";"56,41";"36,07";"5.818,80";"5.818,80";"0,00";"0,00";"0,00";"841,88";"0,00";"0,00";"0,00";"0,00";"2.440,74";"0,01";"29,55";"0,000";"0,00";"0,000";"0,000";"0,000";"0,00";"0,00";"0,00"
"1,77";"MERCEARIA NAO ALIMENTOS \ BAZAR \ UTIL CASA E ACESSORIOS \ ACESSORIOS CASA";"296,000";"4";"10,09";"2.986,55";"0,00";"0,00";"0,00";"0,00";"2,73";"808,64";"0,00";"27,08";"74,30";"42,63";"1.713,47";"1.316,39";"0,00";"0,00";"0,00";"861,52";"0,00";"2,98";"19,90";"0,00";"808,64";"0,00";"38,05";"11,520";"0,00";"12,032";"0,000";"0,000";"0,00";"0,00";"0,00"
"1,80";"MERCEARIA NAO ALIMENTOS \ BAZAR \ UTIL COZINHA \ ACESSORIOS COZINHA";"3.099,000";"22";"10,31";"31.935,25";"0,03";"0,00";"0,00";"0,00";"2,82";"8.732,26";"0,03";"27,34";"58,12";"36,76";"20.197,42";"16.486,78";"0,00";"0,00";"0,00";"6.716,21";"0,00";"27,99";"230,71";"0,00";"8.732,26";"0,03";"34,63";"69,752";"0,00";"25,984";"0,000";"0,000";"0,00";"0,00";"0,00"
"1,80";"MERCEARIA NAO ALIMENTOS \ BAZAR \ UTIL COZINHA \ CANECA";"117,000";"3";"11,33";"1.325,56";"0,00";"0,00";"0,00";"0,00";"3,80";"444,04";"0,00";"33,50";"61,39";"38,04";"821,32";"758,91";"0,00";"0,00";"0,00";"122,61";"0,00";"1,20";"10,61";"0,00";"444,04";"0,00";"36,91";"0,000";"0,00";"0,000";"0,000";"0,000";"0,00";"0,00";"0,00"
"1,80";"MERCEARIA NAO ALIMENTOS \ BAZAR \ UTIL COZINHA \ COPO";"461,000";"7";"6,42";"2.959,61";"0,00";"0,00";"0,00";"0,00";"2,67";"1.232,95";"0,00";"41,66";"93,35";"48,28";"1.530,74";"1.452,89";"0,00";"0,00";"0,00";"273,76";"0,00";"2,82";"23,44";"0,00";"1.232,95";"0,00";"45,91";"20,520";"0,00";"268,120";"11,048";"267,886";"0,00";"0,00";"0,00"
"1,80";"MERCEARIA NAO ALIMENTOS \ BAZAR \ UTIL COZINHA \ FRIGIDEIRA";"30,000";"1";"49,90";"1.497,00";"0,00";"1.497,00";"0,00";"100,00";"11,61";"348,20";"0,00";"23,26";"64,14";"39,07";"912,05";"711,40";"0,00";"0,00";"0,00";"437,40";"0,00";"1,12";"8,96";"0,00";"348,20";"0,00";"32,86";"0,000";"0,00";"0,000";"0,000";"0,000";"0,00";"0,00";"0,00"
"1,80";"MERCEARIA NAO ALIMENTOS \ BAZAR \ UTIL COZINHA \ GARRAFA - JARRA";"13,000";"1";"16,90";"219,70";"0,00";"0,00";"0,00";"0,00";"7,26";"94,38";"0,00";"42,96";"109,24";"52,21";"105,00";"105,00";"0,00";"0,00";"0,00";"20,32";"0,00";"0,26";"1,82";"0,00";"94,38";"0,00";"47,34";"0,000";"0,00";"0,000";"0,000";"0,000";"0,00";"0,00";"0,00"
"1,80";"MERCEARIA NAO ALIMENTOS \ BAZAR \ UTIL COZINHA \ KIT UTENSILIOS COZINHA";"50,000";"1";"39,98";"1.999,08";"0,00";"0,00";"0,00";"0,00";"10,66";"533,15";"0,00";"26,67";"62,10";"38,31";"1.233,22";"881,81";"0,00";"0,00";"0,00";"584,12";"0,00";"1,50";"12,53";"0,00";"533,15";"0,00";"37,68";"0,000";"0,00";"16,300";"0,000";"0,000";"0,00";"0,00";"0,00"
"1,80";"MERCEARIA NAO ALIMENTOS \ BAZAR \ UTIL COZINHA \ PANO COPA";"34,000";"1";"11,02";"374,78";"0,00";"0,00";"0,00";"0,00";"3,01";"102,40";"0,00";"27,32";"62,93";"38,62";"230,03";"162,82";"0,00";"0,00";"0,00";"109,55";"0,00";"0,34";"2,39";"0,00";"102,40";"0,00";"38,61";"0,000";"0,00";"17,000";"0,000";"0,000";"0,00";"0,00";"0,00"
"1,80";"MERCEARIA NAO ALIMENTOS \ BAZAR \ UTIL COZINHA \ POTE";"3,000";"1";"19,99";"59,97";"0,00";"0,00";"0,00";"0,00";"6,66";"19,97";"0,00";"33,30";"74,03";"42,54";"34,46";"34,46";"0,00";"0,00";"0,00";"5,55";"0,00";"0,06";"0,48";"0,00";"19,97";"0,00";"36,69";"0,000";"0,00";"0,000";"0,000";"0,000";"0,00";"0,00";"0,00"
"1,80";"MERCEARIA NAO ALIMENTOS \ BAZAR \ UTIL COZINHA \ TACA";"35,000";"4";"22,15";"775,20";"0,00";"0,00";"0,00";"0,00";"11,12";"389,16";"0,00";"50,20";"129,93";"56,51";"337,15";"314,33";"0,00";"0,00";"0,00";"71,71";"0,00";"0,56";"5,99";"0,00";"389,16";"0,00";"55,32";"0,000";"0,00";"0,000";"0,000";"0,000";"0,00";"0,00";"0,00"
"1,80";"MERCEARIA NAO ALIMENTOS \ BAZAR \ UTIL COZINHA \ TALHER";"79,000";"1";"9,99";"789,21";"0,00";"0,00";"0,00";"0,00";"2,89";"228,52";"0,00";"28,96";"78,00";"43,82";"443,38";"329,97";"0,00";"0,00";"0,00";"230,73";"0,00";"0,79";"4,74";"0,00";"228,52";"0,00";"40,92";"0,000";"0,00";"3,397";"0,000";"0,000";"0,00";"0,00";"0,00"
"1,84";"MERCEARIA NAO ALIMENTOS \ BAZAR \ UTILIDADES \ LAMPADA";"5.974,000";"7";"8,21";"49.028,97";"0,04";"34.644,20";"0,03";"70,66";"3,09";"18.479,73";"0,06";"37,69";"71,04";"41,53";"28.665,54";"26.014,06";"0,00";"0,00";"0,00";"4.535,18";"0,00";"36,09";"406,43";"0,00";"18.479,73";"0,06";"41,53";"200,845";"0,00";"0,000";"0,000";"0,000";"0,00";"0,00";"0,00"
"1,85";"MERCEARIA NAO ALIMENTOS \ BAZAR \ UTILIDADES \ LUVA";"474,000";"2";"15,02";"7.119,09";"0,01";"0,00";"0,00";"0,00";"4,15";"1.969,11";"0,01";"27,66";"64,18";"39,09";"4.336,13";"3.069,26";"0,00";"0,00";"0,00";"2.080,72";"0,00";"4,73";"47,28";"0,00";"1.969,11";"0,01";"39,08";"26,070";"0,00";"0,000";"0,000";"0,000";"0,00";"0,00";"0,00"
"1,89";"MERCEARIA NAO ALIMENTOS \ BAZAR \ UTILIDADES \ PILHA E BATERIA";"2.778,000";"12";"16,15";"44.857,09";"0,04";"15.714,47";"0,01";"35,03";"3,70";"10.267,44";"0,03";"22,89";"66,40";"39,90";"26.957,30";"21.477,86";"0,00";"0,00";"0,00";"13.111,79";"0,00";"34,22";"290,62";"0,00";"10.267,44";"0,03";"32,34";"138,182";"0,00";"0,000";"0,000";"0,000";"0,00";"0,00";"0,00"
"1,95";"MERCEARIA NAO ALIMENTOS \ BAZAR \ UTILIDADES \ VELA";"5.392,000";"12";"13,27";"71.546,05";"0,06";"0,00";"0,00";"0,00";"4,26";"22.961,12";"0,08";"32,09";"83,02";"45,36";"39.092,60";"27.672,59";"0,00";"0,00";"0,00";"20.912,34";"0,00";"54,80";"450,14";"0,00";"22.961,12";"0,08";"45,35";"960,854";"0,01";"964,415";"0,000";"0,000";"0,00";"0,00";"0,00"
"2,08";"MERCEARIA NAO ALIMENTOS \ LIMPEZA \ BANHEIRO \ DESODORIZANTE SANITARIO";"31.989,000";"53";"4,70";"150.240,80";"0,13";"69.939,67";"0,06";"46,55";"1,44";"45.985,51";"0,15";"30,61";"69,27";"40,92";"88.759,08";"80.958,20";"0,00";"0,00";"0,00";"23.297,09";"0,00";"74,48";"1.155,99";"0,00";"45.985,51";"0,15";"36,23";"1.094,549";"0,01";"795,413";"0,038";"3.953.705,263";"0,00";"0,00";"0,00"
"2,09";"MERCEARIA NAO ALIMENTOS \ LIMPEZA \ BANHEIRO \ LIMPADORES DE BANHEIRO";"1.015,000";"13";"16,14";"16.384,15";"0,01";"0,00";"0,00";"0,00";"4,98";"5.053,11";"0,02";"30,84";"59,81";"37,43";"10.252,08";"9.064,59";"0,00";"0,00";"0,00";"2.266,45";"0,00";"12,09";"126,32";"0,00";"5.053,11";"0,02";"35,79";"304,525";"0,00";"176,350";"0,117";"140.035,470";"0,00";"0,00";"0,00"
"2,11";"MERCEARIA NAO ALIMENTOS \ LIMPEZA \ COZINHA \ DESENGORDURANTE";"1.848,000";"16";"13,66";"25.235,71";"0,02";"2.034,62";"0,00";"8,06";"4,15";"7.663,20";"0,03";"30,37";"58,05";"36,73";"15.966,98";"15.238,20";"0,00";"0,00";"0,00";"2.334,30";"0,00";"22,61";"205,19";"0,00";"7.663,20";"0,03";"33,46";"495,871";"0,01";"450,100";"0,000";"0,000";"0,00";"0,00";"0,00"
"2,11";"MERCEARIA NAO ALIMENTOS \ LIMPEZA \ COZINHA \ DESINFETANTE";"47,000";"2";"18,33";"861,51";"0,00";"0,00";"0,00";"0,00";"4,45";"209,08";"0,00";"24,27";"67,60";"40,33";"514,03";"400,65";"0,00";"0,00";"0,00";"251,78";"0,00";"0,64";"5,57";"0,00";"209,08";"0,00";"34,29";"0,000";"0,00";"0,000";"0,000";"0,000";"0,00";"0,00";"0,00"
"2,52";"MERCEARIA NAO ALIMENTOS \ LIMPEZA \ COZINHA \ DETERGENTE";"198.400,000";"24";"2,47";"490.672,55";"0,41";"59.446,19";"0,05";"12,12";"0,60";"119.003,48";"0,40";"24,25";"47,77";"32,33";"332.054,23";"326.281,86";"0,00";"0,00";"0,00";"45.387,21";"0,00";"16,16";"3.986,29";"0,00";"119.003,48";"0,39";"26,73";"104.182,875";"1,39";"58.145,500";"0,000";"0,000";"0,00";"0,00";"0,00"
"2,52";"MERCEARIA NAO ALIMENTOS \ LIMPEZA \ COZINHA \ KT LIMPADOR COZINHA";"126,000";"1";"12,37";"1.558,45";"0,00";"0,00";"0,00";"0,00";"3,25";"409,05";"0,00";"26,25";"54,96";"35,47";"1.005,68";"1.005,24";"0,00";"0,00";"0,00";"144,16";"0,00";"1,27";"12,80";"0,00";"409,05";"0,00";"28,92";"0,000";"0,00";"0,000";"0,000";"0,000";"0,00";"0,00";"0,00"
"2,53";"MERCEARIA NAO ALIMENTOS \ LIMPEZA \ COZINHA \ LIMPADOR";"1.923,000";"2";"5,25";"10.093,90";"0,01";"0,00";"0,00";"0,00";"1,64";"3.159,82";"0,01";"31,30";"54,48";"35,27";"6.534,21";"6.000,40";"0,00";"0,00";"0,00";"933,69";"0,00";"1,72";"88,58";"0,00";"3.159,82";"0,01";"34,50";"977,487";"0,01";"0,000";"0,000";"0,000";"0,00";"0,00";"0,00"
"2,65";"MERCEARIA NAO ALIMENTOS \ LIMPEZA \ COZINHA \ SABAO PASTOSO";"17.433,000";"8";"8,58";"149.546,41";"0,12";"101.954,28";"0,09";"68,18";"2,18";"38.051,25";"0,13";"25,44";"72,17";"41,92";"86.858,77";"67.750,99";"0,00";"0,00";"0,00";"43.744,17";"0,00";"137,85";"943,40";"0,00";"38.051,25";"0,13";"35,96";"8.699,407";"0,12";"9.021,000";"0,000";"0,000";"0,00";"0,00";"0,00"
"2,65";"MERCEARIA NAO ALIMENTOS \ LIMPEZA \ COZINHA \ SECANTE";"3,000";"1";"50,01";"150,03";"0,00";"0,00";"0,00";"0,00";"18,34";"55,01";"0,00";"36,67";"69,66";"41,06";"88,43";"81,14";"0,00";"0,00";"0,00";"13,88";"0,00";"0,14";"1,23";"0,00";"55,01";"0,00";"40,40";"0,849";"0,00";"0,750";"0,001";"150.030,000";"0,00";"0,00";"0,00"
"2,88";"MERCEARIA NAO ALIMENTOS \ LIMPEZA \ INSETICIDAS-REPELENTES \ INSETICIDA AEROSOL";"17.225,000";"18";"15,95";"274.688,54";"0,23";"17.681,86";"0,01";"6,44";"3,08";"53.032,78";"0,18";"19,31";"52,40";"34,38";"180.238,55";"141.355,34";"0,00";"0,00";"0,00";"80.300,42";"0,00";"172,32";"1.757,35";"0,00";"53.032,78";"0,18";"27,28";"6.742,787";"0,09";"880,790";"0,000";"0,000";"0,00";"0,00";"0,00"
"2,88";"MERCEARIA NAO ALIMENTOS \ LIMPEZA \ INSETICIDAS-REPELENTES \ INSETICIDA ELETRICO";"41,000";"2";"64,87";"2.659,50";"0,00";"0,00";"0,00";"0,00";"12,19";"499,63";"0,00";"18,79";"53,59";"34,89";"1.731,59";"1.382,82";"0,00";"0,00";"0,00";"777,05";"0,00";"1,91";"16,79";"0,00";"499,63";"0,00";"26,54";"9,520";"0,00";"0,000";"0,000";"0,000";"0,00";"0,00";"0,00"
"2,89";"MERCEARIA NAO ALIMENTOS \ LIMPEZA \ INSETICIDAS-REPELENTES \ INSETICIDA ESPIR-PASTILHA";"921,000";"1";"8,00";"7.366,07";"0,01";"0,00";"0,00";"0,00";"1,51";"1.393,36";"0,00";"18,92";"50,45";"33,53";"4.896,05";"3.818,91";"0,00";"0,00";"0,00";"2.153,80";"0,00";"9,15";"45,87";"0,00";"1.393,36";"0,00";"26,73";"130,782";"0,00";"0,000";"0,000";"0,000";"0,00";"0,00";"0,00"
"2,89";"MERCEARIA NAO ALIMENTOS \ LIMPEZA \ INSETICIDAS-REPELENTES \ INSETICIDA GEL";"118,000";"1";"20,13";"2.375,14";"0,00";"0,00";"0,00";"0,00";"4,74";"558,93";"0,00";"23,53";"69,04";"40,84";"1.405,05";"1.122,08";"0,00";"0,00";"0,00";"694,13";"0,00";"1,25";"15,42";"0,00";"558,93";"0,00";"33,25";"4,130";"0,00";"0,000";"0,000";"0,000";"0,00";"0,00";"0,00"
"2,90";"MERCEARIA NAO ALIMENTOS \ LIMPEZA \ INSETICIDAS-REPELENTES \ INSETICIDA ISCA";"288,000";"3";"26,30";"7.574,49";"0,01";"0,00";"0,00";"0,00";"3,98";"1.145,63";"0,00";"15,12";"41,69";"29,42";"5.345,73";"4.215,41";"0,00";"0,00";"0,00";"2.213,45";"0,00";"5,54";"48,62";"0,00";"1.145,63";"0,00";"21,37";"10,653";"0,00";"1,760";"0,000";"0,000";"0,00";"0,00";"0,00"
"2,90";"MERCEARIA NAO ALIMENTOS \ LIMPEZA \ INSETICIDAS-REPELENTES \ INSETICIDA LIQUIDO";"41,000";"3";"39,67";"1.626,41";"0,00";"0,00";"0,00";"0,00";"7,63";"312,87";"0,00";"19,24";"54,47";"35,26";"1.052,92";"838,30";"0,00";"0,00";"0,00";"475,24";"0,00";"1,22";"10,90";"0,00";"312,87";"0,00";"27,18";"12,478";"0,00";"1,960";"0,000";"0,000";"0,00";"0,00";"0,00"
"2,90";"MERCEARIA NAO ALIMENTOS \ LIMPEZA \ INSETICIDAS-REPELENTES \ KT REPELENTE";"165,000";"2";"22,53";"3.717,25";"0,00";"0,00";"0,00";"0,00";"4,52";"746,58";"0,00";"20,08";"57,41";"36,47";"2.361,57";"1.884,70";"0,00";"0,00";"0,00";"1.085,97";"0,00";"3,00";"24,20";"0,00";"746,58";"0,00";"28,37";"15,675";"0,00";"13,860";"0,000";"0,000";"0,00";"0,00";"0,00"
"2,92";"MERCEARIA NAO ALIMENTOS \ LIMPEZA \ INSETICIDAS-REPELENTES \ REPELENTE ELETRICO";"856,000";"11";"22,59";"19.333,78";"0,02";"24,98";"0,00";"0,13";"4,45";"3.812,50";"0,01";"19,72";"54,60";"35,32";"12.505,39";"9.870,99";"0,00";"0,00";"0,00";"5.650,30";"0,00";"13,28";"123,44";"0,00";"3.812,50";"0,01";"27,86";"56,513";"0,00";"13,992";"0,000";"0,000";"0,00";"0,00";"0,00"
"3,16";"MERCEARIA NAO ALIMENTOS \ LIMPEZA \ LIMPEZA GERAL \ AGUA SANITARIA";"48.830,000";"13";"5,94";"290.211,19";"0,24";"89.180,05";"0,07";"30,73";"2,12";"103.682,74";"0,35";"35,73";"80,12";"44,48";"161.122,58";"159.683,91";"0,00";"0,00";"0,00";"26.844,54";"0,00";"273,67";"2.416,03";"0,00";"103.682,74";"0,34";"39,37";"91.240,720";"1,22";"28.431,300";"0,009";"32.245.687,778";"0,00";"0,00";"0,00"
"3,23";"MERCEARIA NAO ALIMENTOS \ LIMPEZA \ LIMPEZA GERAL \ ALCOOL";"8.654,000";"12";"9,65";"83.477,92";"0,07";"0,00";"0,00";"0,00";"3,08";"26.658,00";"0,09";"31,93";"61,11";"37,93";"51.815,22";"49.262,56";"0,00";"0,00";"0,00";"7.557,36";"0,00";"82,46";"672,47";"0,00";"26.658,00";"0,09";"35,11";"6.901,173";"0,09";"392,000";"0,000";"0,000";"0,00";"0,00";"0,00"
"3,23";"MERCEARIA NAO ALIMENTOS \ LIMPEZA \ LIMPEZA GERAL \ ANTI MOFO - UMIDADE";"110,000";"5";"16,17";"1.778,90";"0,00";"0,00";"0,00";"0,00";"4,38";"482,06";"0,00";"27,10";"66,89";"40,08";"1.065,91";"776,91";"0,00";"0,00";"0,00";"519,93";"0,00";"1,46";"11,36";"0,00";"482,06";"0,00";"38,29";"25,962";"0,00";"11,200";"0,000";"0,000";"0,00";"0,00";"0,00"
"3,23";"MERCEARIA NAO ALIMENTOS \ LIMPEZA \ LIMPEZA GERAL \ AROMATIZANTE";"94,000";"3";"14,69";"1.381,06";"0,00";"0,00";"0,00";"0,00";"2,32";"217,84";"0,00";"15,77";"28,71";"22,31";"1.072,97";"851,39";"0,00";"0,00";"0,00";"311,83";"0,00";"1,00";"9,79";"0,00";"217,84";"0,00";"20,37";"0,000";"0,00";"10,920";"0,000";"0,000";"0,00";"0,00";"0,00"
"3,24";"MERCEARIA NAO ALIMENTOS \ LIMPEZA \ LIMPEZA GERAL \ CERA";"832,000";"6";"17,08";"14.209,98";"0,01";"10.764,74";"0,01";"75,75";"3,62";"3.008,16";"0,01";"21,17";"58,39";"36,87";"8.971,25";"7.047,69";"0,00";"0,00";"0,00";"4.154,13";"0,00";"8,43";"92,34";"0,00";"3.008,16";"0,01";"29,91";"0,000";"0,00";"0,000";"0,000";"0,000";"0,00";"0,00";"0,00"
"3,28";"MERCEARIA NAO ALIMENTOS \ LIMPEZA \ LIMPEZA GERAL \ CLORO";"6.035,000";"9";"8,53";"51.457,68";"0,04";"11.389,70";"0,01";"22,13";"2,42";"14.584,63";"0,05";"28,34";"64,08";"39,06";"31.360,70";"29.477,55";"0,00";"0,00";"0,00";"7.395,50";"0,00";"41,38";"391,46";"0,00";"14.584,63";"0,05";"33,10";"9.397,282";"0,13";"555,700";"0,873";"58.943,505";"0,00";"0,00";"0,00"
"3,45";"MERCEARIA NAO ALIMENTOS \ LIMPEZA \ LIMPEZA GERAL \ DESINFETANTE";"24.032,000";"69";"8,61";"207.021,14";"0,17";"92.089,84";"0,08";"44,48";"2,00";"47.962,05";"0,16";"23,17";"62,36";"38,41";"127.509,50";"100.202,73";"0,00";"0,00";"0,00";"58.856,36";"0,00";"135,18";"1.313,88";"0,00";"47.962,05";"0,16";"32,37";"31.677,898";"0,42";"24.851,230";"0,000";"0,000";"0,00";"0,00";"0,00"
"3,53";"MERCEARIA NAO ALIMENTOS \ LIMPEZA \ LIMPEZA GERAL \ DESODORIZADOR-ODORIZADOR";"5.330,000";"50";"18,62";"99.239,70";"0,08";"8.961,21";"0,01";"9,03";"4,60";"24.522,98";"0,08";"24,71";"52,02";"34,22";"65.278,88";"52.866,53";"0,00";"0,00";"0,00";"21.850,19";"0,00";"71,91";"692,15";"0,00";"24.522,98";"0,08";"31,69";"1.221,694";"0,02";"4.515,953";"9,611";"10.325,637";"0,00";"0,00";"0,00"
"3,55";"MERCEARIA NAO ALIMENTOS \ LIMPEZA \ LIMPEZA GERAL \ DESOMIDIFICANTE-NAFTALINA";"3.877,000";"10";"5,44";"21.103,03";"0,02";"0,00";"0,00";"0,00";"1,75";"6.798,75";"0,02";"32,22";"101,94";"50,48";"10.450,09";"8.129,95";"0,00";"0,00";"0,00";"6.174,33";"0,00";"9,16";"141,61";"0,00";"6.798,75";"0,02";"45,54";"264,865";"0,00";"98,110";"0,000";"0,000";"0,00";"0,00";"0,00"
"3,76";"MERCEARIA NAO ALIMENTOS \ LIMPEZA \ LIMPEZA GERAL \ KT LIMPEZA";"21.775,000";"7";"11,69";"254.608,78";"0,21";"251.076,90";"0,21";"98,61";"2,72";"59.124,88";"0,20";"23,22";"48,06";"32,46";"171.966,34";"171.932,59";"0,00";"0,00";"0,00";"23.551,31";"0,00";"217,65";"2.114,40";"0,00";"59.124,88";"0,20";"25,59";"35.869,842";"0,48";"0,000";"0,000";"0,000";"0,00";"0,00";"0,00"
"3,87";"MERCEARIA NAO ALIMENTOS \ LIMPEZA \ LIMPEZA GERAL \ LIMPADOR MULTI USO";"29.097,000";"35";"4,35";"126.647,52";"0,11";"100.153,60";"0,08";"79,08";"1,22";"35.609,83";"0,12";"28,12";"56,30";"36,02";"81.029,90";"79.179,02";"0,00";"0,00";"0,00";"11.858,67";"0,00";"31,56";"1.023,29";"0,00";"35.609,83";"0,12";"31,02";"16.114,054";"0,22";"7.077,000";"0,000";"0,000";"0,00";"0,00";"0,00"
"4,05";"MERCEARIA NAO ALIMENTOS \ LIMPEZA \ LIMPEZA GERAL \ LIMPADOR PERFUMADO";"33.708,000";"63";"6,25";"210.546,56";"0,18";"116.437,15";"0,10";"55,30";"1,89";"63.859,36";"0,21";"30,33";"63,57";"38,86";"128.721,45";"127.211,64";"0,00";"0,00";"0,00";"19.475,56";"0,00";"101,41";"1.714,18";"0,00";"63.859,36";"0,21";"33,42";"20.666,948";"0,28";"11.970,480";"0,305";"690.316,590";"0,00";"0,00";"0,00"
"4,08";"MERCEARIA NAO ALIMENTOS \ LIMPEZA \ LIMPEZA GERAL \ LIMPADOR USO GERAL";"2.288,000";"30";"14,18";"32.447,51";"0,03";"2.817,41";"0,00";"8,68";"3,98";"9.115,37";"0,03";"28,09";"51,77";"34,11";"21.378,82";"20.330,75";"0,00";"0,00";"0,00";"3.001,39";"0,00";"29,85";"262,17";"0,00";"9.115,37";"0,03";"30,96";"985,988";"0,01";"576,000";"0,225";"144.211,156";"0,00";"0,00";"0,00"
"4,10";"MERCEARIA NAO ALIMENTOS \ LIMPEZA \ LIMPEZA GERAL \ LUSTRA MOVEIS";"2.622,000";"14";"11,03";"28.929,94";"0,02";"6.256,23";"0,01";"21,63";"2,44";"6.404,93";"0,02";"22,14";"61,67";"38,15";"17.894,61";"14.066,98";"0,00";"0,00";"0,00";"8.458,04";"0,00";"23,77";"185,28";"0,00";"6.404,93";"0,02";"31,29";"695,455";"0,01";"520,500";"0,134";"215.895,075";"0,00";"0,00";"0,00"
"4,11";"MERCEARIA NAO ALIMENTOS \ LIMPEZA \ LIMPEZA GERAL \ OLEOS";"575,000";"3";"16,72";"9.611,90";"0,01";"0,00";"0,00";"0,00";"5,67";"3.257,48";"0,01";"33,89";"103,29";"50,81";"4.728,09";"3.791,10";"0,00";"0,00";"0,00";"2.563,32";"0,00";"6,34";"65,04";"0,00";"3.257,48";"0,01";"46,21";"80,179";"0,00";"98,200";"0,000";"0,000";"0,00";"0,00";"0,00"
"4,11";"MERCEARIA NAO ALIMENTOS \ LIMPEZA \ LIMPEZA GERAL \ POLIDOR";"3,000";"1";"48,66";"145,97";"0,00";"0,00";"0,00";"0,00";"10,85";"32,54";"0,00";"22,29";"64,70";"39,28";"88,63";"70,78";"0,00";"0,00";"0,00";"42,65";"0,00";"0,11";"0,93";"0,00";"32,54";"0,00";"31,49";"0,000";"0,00";"0,000";"0,000";"0,000";"0,00";"0,00";"0,00"
"4,13";"MERCEARIA NAO ALIMENTOS \ LIMPEZA \ LIMPEZA GERAL \ REMOVEDOR";"1.092,000";"8";"16,64";"18.174,18";"0,02";"5.529,15";"0,00";"30,42";"4,53";"4.945,00";"0,02";"27,21";"67,87";"40,43";"10.826,36";"9.236,99";"0,00";"0,00";"0,00";"3.992,19";"0,00";"14,99";"126,94";"0,00";"4.945,00";"0,02";"34,87";"486,373";"0,01";"550,000";"0,572";"31.773,042";"0,00";"0,00";"0,00"
"4,20";"MERCEARIA NAO ALIMENTOS \ LIMPEZA \ LIMPEZA GERAL \ SAPONACEO";"6.369,000";"18";"12,91";"82.246,08";"0,07";"19.827,42";"0,02";"24,11";"2,62";"16.699,55";"0,06";"20,30";"56,88";"36,26";"52.426,05";"41.501,90";"0,00";"0,00";"0,00";"24.044,63";"0,00";"63,71";"518,85";"0,00";"16.699,55";"0,06";"28,69";"3.109,004";"0,04";"1.836,350";"0,000";"0,000";"0,00";"0,00";"0,00"
"4,21";"MERCEARIA NAO ALIMENTOS \ LIMPEZA \ LIMPEZA GERAL \ SODA CAUSTICA";"519,000";"2";"16,28";"8.447,89";"0,01";"4.351,24";"0,00";"51,51";"4,76";"2.469,16";"0,01";"29,23";"69,29";"40,93";"4.990,32";"4.574,03";"0,00";"0,00";"0,00";"1.404,70";"0,00";"5,27";"63,05";"0,00";"2.469,16";"0,01";"35,06";"223,735";"0,00";"0,000";"0,000";"0,000";"0,00";"0,00";"0,00"
"4,55";"MERCEARIA NAO ALIMENTOS \ LIMPEZA \ ROUPAS \ AMACIANTE CONCENTRADO";"31.413,000";"50";"12,83";"402.898,97";"0,34";"253.099,74";"0,21";"62,82";"2,67";"83.729,41";"0,28";"20,78";"35,89";"26,41";"296.488,02";"279.540,77";"2.360,63";"0,00";"0,00";"37.268,15";"0,00";"390,52";"3.288,61";"0,00";"86.090,04";"0,28";"23,55";"20.425,789";"0,27";"6.820,800";"0,616";"654.056,769";"0,00";"0,00";"0,00"
"4,71";"MERCEARIA NAO ALIMENTOS \ LIMPEZA \ ROUPAS \ AMACIANTE DILUIDO";"23.451,000";"34";"8,01";"187.803,42";"0,16";"132.549,41";"0,11";"70,58";"2,29";"53.735,75";"0,18";"28,61";"59,89";"37,46";"117.459,25";"116.695,86";"0,00";"0,00";"0,00";"17.371,82";"0,00";"214,05";"1.518,95";"0,00";"53.735,75";"0,18";"31,53";"44.402,576";"0,59";"23.548,800";"0,735";"255.514,857";"0,00";"0,00";"0,00"
"4,71";"MERCEARIA NAO ALIMENTOS \ LIMPEZA \ ROUPAS \ FACILITADOR DE ROUPA";"127,000";"2";"21,60";"2.742,98";"0,00";"0,00";"0,00";"0,00";"4,49";"570,45";"0,00";"20,80";"59,66";"37,37";"1.718,02";"1.370,96";"0,00";"0,00";"0,00";"801,57";"0,00";"1,64";"17,29";"0,00";"570,45";"0,00";"29,38";"45,360";"0,00";"9,500";"0,000";"0,000";"0,00";"0,00";"0,00"
"4,72";"MERCEARIA NAO ALIMENTOS \ LIMPEZA \ ROUPAS \ KIT ROUPAS";"149,000";"2";"42,80";"6.377,00";"0,01";"0,00";"0,00";"0,00";"12,29";"1.831,93";"0,01";"28,73";"49,34";"33,04";"4.270,02";"3.955,20";"0,00";"0,00";"0,00";"589,87";"0,00";"5,99";"52,32";"0,00";"1.831,93";"0,01";"31,66";"0,000";"0,00";"0,000";"0,000";"0,000";"0,00";"0,00";"0,00"
"4,78";"MERCEARIA NAO ALIMENTOS \ LIMPEZA \ ROUPAS \ SABAO BARRA";"17.565,000";"22";"3,94";"69.220,38";"0,06";"23.588,92";"0,02";"34,08";"1,01";"17.774,18";"0,06";"25,68";"73,09";"42,23";"39.992,07";"31.184,14";"0,00";"0,00";"0,00";"20.262,05";"0,00";"2,12";"202,71";"0,00";"17.774,18";"0,06";"36,30";"1.872,244";"0,03";"2.759,820";"0,000";"0,000";"0,00";"0,00";"0,00"
"5,37";"MERCEARIA NAO ALIMENTOS \ LIMPEZA \ ROUPAS \ SABAO LIQUIDO";"35.557,000";"41";"20,01";"711.630,88";"0,59";"432.486,40";"0,36";"60,77";"4,85";"172.356,71";"0,57";"24,22";"49,16";"32,96";"477.100,58";"473.448,31";"0,00";"0,00";"0,00";"65.825,86";"0,00";"604,70";"5.740,82";"0,00";"172.356,71";"0,57";"26,69";"95.618,143";"1,28";"87.976,300";"0,000";"0,000";"0,00";"0,00";"0,00"
"6,49";"MERCEARIA NAO ALIMENTOS \ LIMPEZA \ ROUPAS \ SABAO PO";"90.889,000";"21";"14,79";"1.344.676,72";"1,12";"1.194.280,11";"1,00";"88,82";"2,18";"198.315,54";"0,66";"14,75";"30,68";"23,48";"1.028.967,82";"1.021.978,58";"0,00";"0,00";"0,00";"124.382,60";"0,00";"1.145,67";"10.783,08";"0,00";"198.315,54";"0,66";"16,25";"162.914,420";"2,18";"123.815,200";"730,166";"1.841,604";"0,00";"0,00";"0,00"
"6,56";"MERCEARIA NAO ALIMENTOS \ LIMPEZA \ ROUPAS \ TIRA MANCHAS-FERRUG-PELO";"7.228,000";"20";"11,23";"81.174,50";"0,07";"35.078,51";"0,03";"43,21";"3,07";"22.198,18";"0,07";"27,35";"51,57";"34,02";"53.557,24";"50.672,75";"0,00";"0,00";"0,00";"8.303,57";"0,00";"89,98";"675,14";"0,00";"22.198,18";"0,07";"30,46";"2.867,316";"0,04";"550,380";"0,000";"0,000";"0,00";"0,00";"0,00"
"6,69";"MERCEARIA NAO ALIMENTOS \ PERFUMARIA \ DEPILACO \ APARELHO BARBEAR";"14.115,000";"26";"10,88";"153.525,52";"0,13";"28.243,52";"0,02";"18,40";"3,22";"45.438,54";"0,15";"29,60";"50,20";"33,42";"102.211,41";"93.885,87";"0,00";"0,00";"0,00";"14.201,11";"0,00";"164,11";"1.268,63";"0,00";"45.438,54";"0,15";"32,61";"361,813";"0,00";"0,000";"0,309";"496.846,343";"0,00";"0,00";"0,00"
"6,74";"MERCEARIA NAO ALIMENTOS \ PERFUMARIA \ DEPILACO \ APARELHO DEPILAR";"2.949,000";"14";"18,83";"55.522,77";"0,05";"18.008,87";"0,02";"32,44";"4,95";"14.591,63";"0,05";"26,28";"42,46";"29,81";"38.973,77";"35.795,28";"0,00";"0,00";"0,00";"5.135,86";"0,00";"48,00";"448,18";"0,00";"14.591,63";"0,05";"28,96";"101,766";"0,00";"0,000";"0,000";"0,000";"0,00";"0,00";"0,00"
"6,75";"MERCEARIA NAO ALIMENTOS \ PERFUMARIA \ DEPILACO \ CARGAS-LAMINAS";"411,000";"4";"34,17";"14.042,06";"0,01";"2.579,88";"0,00";"18,37";"9,69";"3.982,33";"0,01";"28,36";"52,49";"34,42";"9.208,78";"8.760,84";"0,00";"0,00";"0,00";"1.298,89";"0,00";"13,32";"113,61";"0,00";"3.982,33";"0,01";"31,25";"9,050";"0,00";"0,000";"0,000";"0,000";"0,00";"0,00";"0,00"
"6,75";"MERCEARIA NAO ALIMENTOS \ PERFUMARIA \ DEPILACO \ CREME-GEL DE BARBEAR";"381,000";"3";"10,99";"4.185,62";"0,00";"0,00";"0,00";"0,00";"4,08";"1.552,66";"0,01";"37,10";"58,97";"37,10";"2.632,96";"2.632,96";"0,00";"0,00";"0,00";"0,00";"0,00";"3,81";"38,12";"0,00";"1.552,66";"0,01";"37,10";"31,242";"0,00";"24,765";"0,000";"0,000";"0,00";"0,00";"0,00"
"6,75";"MERCEARIA NAO ALIMENTOS \ PERFUMARIA \ DEPILACO \ ESPUMA DE BARBEAR";"137,000";"3";"19,99";"2.739,30";"0,00";"0,00";"0,00";"0,00";"4,74";"649,80";"0,00";"23,72";"31,10";"23,72";"2.089,50";"2.089,50";"0,00";"0,00";"0,00";"0,00";"0,00";"2,72";"24,50";"0,00";"649,80";"0,00";"23,72";"34,524";"0,00";"26,030";"0,000";"0,000";"0,00";"0,00";"0,00"
"6,75";"MERCEARIA NAO ALIMENTOS \ PERFUMARIA \ FARMACIA INFANT \ CREME";"179,000";"2";"15,55";"2.784,00";"0,00";"0,00";"0,00";"0,00";"5,01";"897,52";"0,00";"32,24";"47,58";"32,24";"1.886,48";"1.886,48";"0,00";"0,00";"0,00";"0,00";"0,00";"3,58";"24,28";"0,00";"897,52";"0,00";"32,24";"4,512";"0,00";"10,350";"0,000";"0,000";"0,00";"0,00";"0,00"
"6,75";"MERCEARIA NAO ALIMENTOS \ PERFUMARIA \ FARMACIA \ AGUA OXIGENADA";"2.034,000";"3";"2,58";"5.248,88";"0,00";"0,00";"0,00";"0,00";"1,16";"2.356,84";"0,01";"44,90";"81,49";"44,90";"2.892,04";"2.892,04";"0,00";"0,00";"0,00";"0,00";"0,00";"0,11";"40,82";"0,00";"2.356,84";"0,01";"44,90";"162,720";"0,00";"0,000";"0,000";"0,000";"0,00";"0,00";"0,00"
"6,75";"MERCEARIA NAO ALIMENTOS \ PERFUMARIA \ FARMACIA \ ALCOOL";"223,000";"2";"15,00";"3.345,91";"0,00";"0,00";"0,00";"0,00";"3,52";"785,56";"0,00";"23,48";"63,36";"38,79";"2.048,14";"1.745,68";"0,00";"0,00";"0,00";"814,67";"0,00";"2,23";"23,18";"0,00";"785,56";"0,00";"31,03";"60,116";"0,00";"53,200";"0,000";"0,000";"0,00";"0,00";"0,00"
"6,76";"MERCEARIA NAO ALIMENTOS \ PERFUMARIA \ FARMACIA \ ALGODAO";"2.597,000";"4";"3,65";"9.472,53";"0,01";"0,00";"0,00";"0,00";"1,14";"2.972,05";"0,01";"31,38";"101,86";"50,46";"4.692,72";"3.725,85";"0,00";"0,00";"0,00";"2.774,63";"0,00";"0,04";"68,73";"0,00";"2.972,05";"0,01";"44,37";"158,122";"0,00";"88,450";"0,000";"0,000";"0,00";"0,00";"0,00"
"6,76";"MERCEARIA NAO ALIMENTOS \ PERFUMARIA \ FARMACIA \ CREME";"2,000";"1";"37,79";"75,58";"0,00";"0,00";"0,00";"0,00";"14,30";"28,59";"0,00";"37,83";"60,84";"37,83";"46,99";"46,99";"0,00";"0,00";"0,00";"0,00";"0,00";"0,08";"0,68";"0,00";"28,59";"0,00";"37,83";"0,000";"0,00";"0,060";"0,000";"0,000";"0,00";"0,00";"0,00"
"6,76";"MERCEARIA NAO ALIMENTOS \ PERFUMARIA \ FARMACIA \ CURATIVO";"47,000";"2";"16,94";"796,22";"0,00";"0,00";"0,00";"0,00";"5,26";"247,38";"0,00";"31,07";"56,94";"36,28";"507,34";"475,19";"0,00";"0,00";"0,00";"73,65";"0,00";"0,78";"6,72";"0,00";"247,38";"0,00";"34,24";"1,090";"0,00";"0,000";"0,000";"0,000";"0,00";"0,00";"0,00"
"6,80";"MERCEARIA NAO ALIMENTOS \ PERFUMARIA \ FARMACIA \ HASTE FLEXIVEL";"12.635,000";"5";"3,73";"47.098,23";"0,04";"29.005,08";"0,02";"61,58";"1,19";"15.030,51";"0,05";"31,91";"62,75";"38,56";"28.938,56";"27.711,13";"0,00";"0,00";"0,00";"4.356,59";"0,00";"24,84";"405,33";"0,00";"15.030,51";"0,05";"35,17";"316,120";"0,00";"0,000";"0,000";"0,000";"0,00";"0,00";"0,00"
"6,98";"MERCEARIA NAO ALIMENTOS \ PERFUMARIA \ FRALDA INFANTIL \ FRALDAS DESCART INFANTIL";"4.450,000";"36";"49,12";"218.566,88";"0,18";"191.504,74";"0,16";"87,62";"8,43";"37.507,24";"0,12";"17,16";"32,12";"24,31";"165.433,53";"160.842,21";"0,00";"0,00";"0,00";"20.217,44";"0,00";"81,64";"762,99";"0,00";"37.507,24";"0,12";"18,91";"4.126,809";"0,06";"0,000";"0,000";"0,000";"0,00";"0,00";"0,00"
"7,13";"MERCEARIA NAO ALIMENTOS \ PERFUMARIA \ HIGIENE INTIMA \ ABSORVENTE";"16.437,000";"48";"10,66";"175.214,86";"0,15";"58.658,78";"0,05";"33,48";"3,28";"53.851,89";"0,18";"30,73";"54,90";"35,44";"113.117,41";"105.155,60";"0,00";"0,00";"0,00";"16.207,37";"0,00";"1,53";"13,57";"0,00";"53.851,89";"0,18";"33,87";"1.668,858";"0,02";"0,000";"1,866";"93.898,639";"0,00";"0,00";"0,00"
"7,15";"MERCEARIA NAO ALIMENTOS \ PERFUMARIA \ HIGIENE INTIMA \ PROTETOR INTIMO";"1.591,000";"11";"14,62";"23.253,86";"0,02";"1.603,00";"0,00";"6,89";"3,78";"6.014,93";"0,02";"25,87";"41,49";"29,32";"16.434,74";"15.087,95";"0,00";"0,00";"0,00";"2.150,98";"0,00";"9,15";"85,22";"0,00";"6.014,93";"0,02";"28,50";"95,827";"0,00";"0,000";"0,000";"0,000";"0,00";"0,00";"0,00"
"7,15";"MERCEARIA NAO ALIMENTOS \ PERFUMARIA \ HIGIENE INTIMA \ SABONETE INTIMO";"256,000";"6";"17,75";"4.543,68";"0,00";"0,00";"0,00";"0,00";"4,81";"1.231,38";"0,00";"27,10";"55,76";"35,80";"2.917,19";"2.619,55";"4,67";"0,00";"0,00";"688,08";"0,00";"4,36";"32,68";"0,00";"1.236,05";"0,00";"32,06";"57,063";"0,00";"23,750";"0,000";"0,000";"0,00";"0,00";"0,00"
"7,15";"MERCEARIA NAO ALIMENTOS \ PERFUMARIA \ HIGIENE ORAL \ ACESSORIOS HIGIENE ORAL";"68,000";"1";"8,99";"611,32";"0,00";"0,00";"0,00";"0,00";"1,97";"133,82";"0,00";"21,89";"59,53";"37,32";"383,20";"298,77";"0,00";"0,00";"0,00";"178,73";"0,00";"0,68";"4,08";"0,00";"133,82";"0,00";"30,93";"0,000";"0,00";"0,000";"0,000";"0,000";"0,00";"0,00";"0,00"
"7,64";"MERCEARIA NAO ALIMENTOS \ PERFUMARIA \ HIGIENE ORAL \ CREME-GEL DENTAL";"95.001,000";"98";"6,21";"589.547,47";"0,49";"194.348,58";"0,16";"32,97";"1,38";"131.527,64";"0,44";"22,31";"35,17";"26,02";"436.143,25";"405.617,07";"11.219,42";"0,00";"0,00";"41.183,34";"0,00";"47,44";"1.918,72";"0,00";"142.747,06";"0,47";"26,03";"10.954,633";"0,15";"5.375,370";"1,024";"575.729,951";"0,00";"0,00";"0,00"
"7,70";"MERCEARIA NAO ALIMENTOS \ PERFUMARIA \ HIGIENE ORAL \ ENXAGUANTE BUCAL";"5.885,000";"21";"13,09";"77.011,53";"0,06";"58.392,99";"0,05";"75,82";"6,36";"37.409,20";"0,12";"48,58";"101,84";"50,46";"38.154,27";"38.154,27";"1.448,05";"0,00";"0,00";"0,00";"0,00";"78,12";"691,25";"0,00";"38.857,26";"0,13";"50,46";"3.166,528";"0,04";"2.179,250";"0,006";"12.835.255,000";"0,00";"0,00";"0,00"
"7,80";"MERCEARIA NAO ALIMENTOS \ PERFUMARIA \ HIGIENE ORAL \ ESCOVA DENTAL";"16.655,000";"44";"7,23";"120.465,74";"0,10";"29.283,72";"0,02";"24,31";"2,17";"36.096,50";"0,12";"29,96";"47,60";"32,25";"81.613,81";"75.855,98";"0,00";"0,00";"0,00";"8.513,26";"0,00";"23,76";"407,06";"0,00";"36.096,50";"0,12";"32,24";"369,939";"0,00";"0,000";"0,233";"517.020,343";"0,00";"0,00";"0,00"
"7,81";"MERCEARIA NAO ALIMENTOS \ PERFUMARIA \ HIGIENE ORAL \ FIO E FITA DENTAL";"1.142,000";"5";"15,00";"17.133,52";"0,01";"4.853,75";"0,00";"28,33";"4,76";"5.432,64";"0,02";"31,71";"50,69";"33,64";"11.370,39";"11.370,39";"330,49";"0,00";"0,00";"0,00";"0,00";"18,42";"153,37";"0,00";"5.763,13";"0,02";"33,64";"13,192";"0,00";"0,000";"0,000";"0,000";"0,00";"0,00";"0,00"
"7,81";"MERCEARIA NAO ALIMENTOS \ PERFUMARIA \ LENCOS-TOALHA \ LENCO PAPEL";"118,000";"1";"5,01";"591,37";"0,00";"0,00";"0,00";"0,00";"1,53";"180,38";"0,00";"30,50";"52,37";"34,37";"388,12";"356,29";"0,00";"0,00";"0,00";"54,70";"0,00";"0,02";"4,74";"0,00";"180,38";"0,00";"33,61";"7,080";"0,00";"0,000";"0,000";"0,000";"0,00";"0,00";"0,00"
"7,89";"MERCEARIA NAO ALIMENTOS \ PERFUMARIA \ LENCOS-TOALHA \ LENCO-TOALHA UMEDECIDO";"11.337,000";"7";"8,88";"100.720,01";"0,08";"102.733,72";"0,09";"102,00";"2,86";"32.478,09";"0,11";"32,25";"47,61";"32,26";"68.232,26";"68.232,26";"9,67";"0,00";"0,00";"0,00";"0,00";"109,02";"901,73";"0,00";"32.487,75";"0,11";"32,26";"3.791,925";"0,05";"0,000";"0,000";"0,000";"0,00";"0,00";"0,00"
"7,89";"MERCEARIA NAO ALIMENTOS \ PERFUMARIA \ LINHA CAPILAR \ ATIVADOR DE CACHOS";"105,000";"1";"13,61";"1.428,97";"0,00";"0,00";"0,00";"0,00";"4,90";"514,22";"0,00";"35,99";"56,21";"35,99";"914,75";"914,75";"0,00";"0,00";"0,00";"0,00";"0,00";"1,06";"13,25";"0,00";"514,22";"0,00";"35,99";"29,190";"0,00";"28,140";"0,000";"0,000";"0,00";"0,00";"0,00"
"7,94";"MERCEARIA NAO ALIMENTOS \ PERFUMARIA \ LINHA CAPILAR \ CONDICIONADOR";"3.143,000";"57";"18,02";"56.642,21";"0,05";"32.558,58";"0,03";"57,48";"6,09";"19.153,86";"0,06";"33,82";"51,09";"33,82";"37.488,35";"37.488,35";"0,00";"0,00";"0,00";"0,00";"0,00";"57,70";"508,56";"0,00";"19.153,86";"0,06";"33,82";"743,028";"0,01";"425,390";"0,000";"0,000";"0,00";"0,00";"0,00"
"7,96";"MERCEARIA NAO ALIMENTOS \ PERFUMARIA \ LINHA CAPILAR \ CREME HIDRATACAO";"2.186,000";"10";"10,85";"23.723,10";"0,02";"3.014,81";"0,00";"12,71";"3,60";"7.863,64";"0,03";"33,15";"49,58";"33,15";"15.859,46";"15.859,46";"0,00";"0,00";"0,00";"0,00";"0,00";"21,85";"215,91";"0,00";"7.863,64";"0,03";"33,15";"2.312,650";"0,03";"1.942,000";"0,000";"0,000";"0,00";"0,00";"0,00"
"8,01";"MERCEARIA NAO ALIMENTOS \ PERFUMARIA \ LINHA CAPILAR \ CREME PENTEAR";"4.173,000";"46";"14,99";"62.563,55";"0,05";"33.676,75";"0,03";"53,83";"5,55";"23.146,00";"0,08";"37,00";"58,72";"37,00";"39.417,55";"39.417,55";"0,00";"0,00";"0,00";"0,00";"0,00";"58,66";"567,96";"0,00";"23.146,00";"0,08";"37,00";"1.428,197";"0,02";"1.029,460";"0,000";"0,000";"0,00";"0,00";"0,00"
"8,01";"MERCEARIA NAO ALIMENTOS \ PERFUMARIA \ LINHA CAPILAR \ FINALIZACAO";"82,000";"3";"39,44";"3.234,29";"0,00";"997,50";"0,00";"30,84";"12,32";"1.010,12";"0,00";"31,23";"45,42";"31,23";"2.224,17";"2.224,17";"0,00";"0,00";"0,00";"0,00";"0,00";"3,24";"28,76";"0,00";"1.010,12";"0,00";"31,23";"7,808";"0,00";"8,035";"0,000";"0,000";"0,00";"0,00";"0,00"
"8,02";"MERCEARIA NAO ALIMENTOS \ PERFUMARIA \ LINHA CAPILAR \ GEL E FIXADOR";"587,000";"3";"16,09";"9.446,59";"0,01";"0,00";"0,00";"0,00";"5,39";"3.164,30";"0,01";"33,50";"50,37";"33,50";"6.282,29";"6.282,29";"0,00";"0,00";"0,00";"0,00";"0,00";"11,70";"82,50";"0,00";"3.164,30";"0,01";"33,50";"185,265";"0,00";"168,600";"0,000";"0,000";"0,00";"0,00";"0,00"
"8,28";"MERCEARIA NAO ALIMENTOS \ PERFUMARIA \ LINHA CAPILAR \ KIT CAPILAR";"15.199,000";"69";"20,67";"314.147,35";"0,26";"90.979,47";"0,08";"28,96";"5,35";"81.245,29";"0,27";"25,86";"34,88";"25,86";"232.902,06";"232.902,06";"0,00";"0,00";"0,00";"0,00";"0,00";"320,18";"2.817,59";"0,00";"81.245,29";"0,27";"25,86";"9.142,911";"0,12";"3.282,250";"2,310";"135.994,524";"0,00";"0,00";"0,00"
"8,29";"MERCEARIA NAO ALIMENTOS \ PERFUMARIA \ LINHA CAPILAR \ MASCARA CAPILAR";"328,000";"10";"29,33";"9.619,94";"0,01";"7.090,02";"0,01";"73,70";"8,92";"2.927,12";"0,01";"30,43";"43,74";"30,43";"6.692,82";"6.692,82";"0,00";"0,00";"0,00";"0,00";"0,00";"9,47";"86,21";"0,00";"2.927,12";"0,01";"30,43";"104,526";"0,00";"29,120";"0,000";"0,000";"0,00";"0,00";"0,00"
"8,30";"MERCEARIA NAO ALIMENTOS \ PERFUMARIA \ LINHA CAPILAR \ OLEO CAPILAR";"694,000";"6";"13,91";"9.650,24";"0,01";"2.704,20";"0,00";"28,02";"4,89";"3.391,98";"0,01";"35,15";"54,20";"35,15";"6.258,26";"6.258,26";"0,00";"0,00";"0,00";"0,00";"0,00";"9,37";"87,09";"0,00";"3.391,98";"0,01";"35,15";"35,372";"0,00";"0,000";"0,000";"0,000";"0,00";"0,00";"0,00"
"8,30";"MERCEARIA NAO ALIMENTOS \ PERFUMARIA \ LINHA CAPILAR \ PO DESCOLORANTE";"1.327,000";"3";"4,15";"5.510,56";"0,00";"0,00";"0,00";"0,00";"1,43";"1.893,55";"0,01";"34,36";"52,35";"34,36";"3.617,01";"3.617,01";"0,00";"0,00";"0,00";"0,00";"0,00";"0,02";"52,97";"0,00";"1.893,55";"0,01";"34,36";"33,175";"0,00";"26,540";"0,000";"0,000";"0,00";"0,00";"0,00"
"8,30";"MERCEARIA NAO ALIMENTOS \ PERFUMARIA \ LINHA CAPILAR \ REPARADOR DE PONTAS";"237,000";"1";"10,81";"2.561,25";"0,00";"0,00";"0,00";"0,00";"4,01";"949,51";"0,00";"37,07";"58,91";"37,07";"1.611,74";"1.611,74";"0,00";"0,00";"0,00";"0,00";"0,00";"2,37";"23,28";"0,00";"949,51";"0,00";"37,07";"0,000";"0,00";"0,000";"0,000";"0,000";"0,00";"0,00";"0,00"
"8,44";"MERCEARIA NAO ALIMENTOS \ PERFUMARIA \ LINHA CAPILAR \ SHAMPOO";"10.194,000";"95";"16,69";"170.119,83";"0,14";"61.507,87";"0,05";"36,16";"5,52";"56.228,58";"0,19";"33,05";"49,37";"33,05";"113.891,25";"113.891,25";"0,00";"0,00";"0,00";"0,00";"0,00";"179,78";"1.520,49";"0,00";"56.228,58";"0,19";"33,05";"3.055,805";"0,04";"2.285,925";"0,154";"1.104.674,221";"0,00";"0,00";"0,00"
"8,47";"MERCEARIA NAO ALIMENTOS \ PERFUMARIA \ LINHA CAPILAR \ TINTURA";"2.640,000";"24";"12,61";"33.283,50";"0,03";"26.569,06";"0,02";"79,83";"4,69";"12.373,01";"0,04";"37,17";"59,17";"37,17";"20.910,49";"20.910,49";"0,00";"0,00";"0,00";"0,00";"0,00";"31,62";"300,93";"0,00";"12.373,01";"0,04";"37,17";"422,394";"0,01";"1,100";"0,012";"2.773.625,000";"0,00";"0,00";"0,00"
"8,50";"MERCEARIA NAO ALIMENTOS \ PERFUMARIA \ LINHA CAPILAR \ TRATAMENTO CAPILAR";"1.403,000";"28";"23,24";"32.600,06";"0,03";"21.962,91";"0,02";"67,37";"7,47";"10.477,40";"0,03";"32,14";"47,36";"32,14";"22.122,66";"22.122,66";"0,00";"0,00";"0,00";"0,00";"0,00";"31,33";"293,43";"0,00";"10.477,40";"0,03";"32,14";"248,617";"0,00";"309,990";"0,000";"0,000";"0,00";"0,00";"0,00"
"8,51";"MERCEARIA NAO ALIMENTOS \ PERFUMARIA \ LINHA CORPORAL \ CREME HIDRATANTE";"1.829,000";"3";"8,91";"16.294,92";"0,01";"16.099,79";"0,01";"98,80";"2,61";"4.773,00";"0,02";"29,29";"41,43";"29,29";"11.521,92";"11.521,92";"0,00";"0,00";"0,00";"0,00";"0,00";"18,89";"143,92";"0,00";"4.773,00";"0,02";"29,29";"420,877";"0,01";"365,800";"0,000";"0,000";"0,00";"0,00";"0,00"
"9,00";"MERCEARIA NAO ALIMENTOS \ PERFUMARIA \ LINHA CORPORAL \ DESODORANTE AEROSOL";"47.040,000";"83";"12,51";"588.676,85";"0,49";"253.508,40";"0,21";"43,06";"3,87";"182.175,78";"0,61";"30,95";"44,82";"30,95";"406.501,07";"406.501,07";"0,00";"0,00";"0,00";"0,00";"0,00";"602,81";"5.304,88";"0,00";"182.175,78";"0,60";"30,95";"6.533,958";"0,09";"5.601,580";"0,000";"0,000";"0,00";"0,00";"0,00"
"9,03";"MERCEARIA NAO ALIMENTOS \ PERFUMARIA \ LINHA CORPORAL \ DESODORANTE CREME";"5.956,000";"8";"6,47";"38.561,96";"0,03";"38.180,63";"0,03";"99,01";"2,60";"15.488,85";"0,05";"40,17";"67,13";"40,17";"23.073,11";"23.073,11";"0,00";"0,00";"0,00";"0,00";"0,00";"57,35";"333,96";"0,00";"15.488,85";"0,05";"40,17";"405,425";"0,01";"324,630";"0,000";"0,000";"0,00";"0,00";"0,00"
"9,08";"MERCEARIA NAO ALIMENTOS \ PERFUMARIA \ LINHA CORPORAL \ DESODORANTE ROLLON";"5.206,000";"22";"11,13";"57.919,72";"0,05";"4.099,17";"0,00";"7,08";"3,84";"20.002,24";"0,07";"34,53";"52,75";"34,53";"37.917,48";"37.917,48";"0,00";"0,00";"0,00";"0,00";"0,00";"58,55";"521,03";"0,00";"20.002,24";"0,07";"34,53";"372,978";"0,00";"232,715";"0,000";"0,000";"0,00";"0,00";"0,00"
"9,08";"MERCEARIA NAO ALIMENTOS \ PERFUMARIA \ LINHA CORPORAL \ ESPONJA E BUCHA";"443,000";"3";"13,34";"5.911,02";"0,00";"0,00";"0,00";"0,00";"3,23";"1.429,43";"0,00";"24,18";"70,97";"41,51";"3.457,31";"2.753,36";"0,00";"0,00";"0,00";"1.728,23";"0,00";"4,43";"38,25";"0,00";"1.429,43";"0,00";"34,17";"7,945";"0,00";"0,000";"0,000";"0,000";"0,00";"0,00";"0,00"
"9,08";"MERCEARIA NAO ALIMENTOS \ PERFUMARIA \ LINHA CORPORAL \ KIT CORPORAL";"163,000";"3";"23,01";"3.750,33";"0,00";"0,00";"0,00";"0,00";"5,97";"972,42";"0,00";"25,93";"58,51";"36,91";"2.365,95";"2.204,36";"0,00";"0,00";"0,00";"573,55";"0,00";"3,26";"27,96";"0,00";"972,42";"0,00";"30,61";"61,620";"0,00";"521,400";"0,000";"0,000";"0,00";"0,00";"0,00"
"9,13";"MERCEARIA NAO ALIMENTOS \ PERFUMARIA \ LINHA CORPORAL \ LOCAO HIDRATANTE-CORPORAL";"6.261,000";"19";"9,94";"62.223,26";"0,05";"36.918,35";"0,03";"59,33";"3,48";"21.814,49";"0,07";"35,06";"53,98";"35,06";"40.408,77";"40.408,77";"0,00";"0,00";"0,00";"0,00";"0,00";"59,89";"561,00";"0,00";"21.814,49";"0,07";"35,06";"1.245,615";"0,02";"781,850";"0,000";"0,000";"0,00";"0,00";"0,00"
"9,14";"MERCEARIA NAO ALIMENTOS \ PERFUMARIA \ LINHA CORPORAL \ OLEO CORPORAL";"599,000";"1";"13,99";"8.379,68";"0,01";"0,00";"0,00";"0,00";"3,98";"2.383,35";"0,01";"28,44";"39,75";"28,44";"5.996,33";"5.996,33";"0,00";"0,00";"0,00";"0,00";"0,00";"6,05";"78,17";"0,00";"2.383,35";"0,01";"28,44";"64,692";"0,00";"59,900";"0,000";"0,000";"0,00";"0,00";"0,00"
"9,14";"MERCEARIA NAO ALIMENTOS \ PERFUMARIA \ LINHA CORPORAL \ PROTETOR CORPORAL";"1,000";"1";"89,99";"89,99";"0,00";"0,00";"0,00";"0,00";"15,74";"15,74";"0,00";"17,49";"23,16";"18,80";"73,07";"67,95";"0,00";"0,00";"0,00";"6,30";"0,00";"0,08";"0,75";"0,00";"15,74";"0,00";"18,81";"0,000";"0,00";"0,000";"0,000";"0,000";"0,00";"0,00";"0,00"
"9,15";"MERCEARIA NAO ALIMENTOS \ PERFUMARIA \ LINHA CORPORAL \ REPELENTE";"564,000";"9";"22,61";"12.752,63";"0,01";"0,00";"0,00";"0,00";"7,90";"4.455,37";"0,01";"34,94";"82,23";"45,12";"6.998,07";"6.307,09";"0,00";"0,00";"0,00";"1.990,17";"0,00";"10,88";"96,91";"0,00";"4.455,37";"0,01";"41,40";"64,629";"0,00";"47,010";"0,000";"0,000";"0,00";"0,00";"0,00"
"9,78";"MERCEARIA NAO ALIMENTOS \ PERFUMARIA \ LINHA CORPORAL \ SABONETE";"247.212,000";"173";"3,05";"754.243,17";"0,63";"268.770,89";"0,22";"35,63";"0,73";"180.690,44";"0,60";"23,96";"39,53";"28,33";"540.564,69";"500.782,89";"11.996,93";"0,00";"0,00";"60.772,91";"0,00";"131,99";"2.749,02";"0,00";"192.687,37";"0,64";"27,79";"25.577,648";"0,34";"13.871,330";"7,561";"99.754,420";"0,00";"0,00";"0,00"
"9,78";"MERCEARIA NAO ALIMENTOS \ PERFUMARIA \ LINHA CORPORAL \ TALCO";"108,000";"2";"17,42";"1.881,60";"0,00";"0,00";"0,00";"0,00";"5,09";"549,68";"0,00";"29,21";"41,27";"29,21";"1.331,92";"1.331,92";"0,00";"0,00";"0,00";"0,00";"0,00";"2,16";"16,67";"0,00";"549,68";"0,00";"29,21";"0,000";"0,00";"15,560";"0,000";"0,000";"0,00";"0,00";"0,00"
"9,78";"MERCEARIA NAO ALIMENTOS \ PERFUMARIA \ LINHA FACIAL \ ACESSORIO FACIAL";"6,000";"1";"32,49";"194,94";"0,00";"0,00";"0,00";"0,00";"5,71";"34,26";"0,00";"17,57";"50,09";"33,37";"129,88";"103,72";"0,00";"0,00";"0,00";"56,96";"0,00";"0,12";"1,23";"0,00";"34,26";"0,00";"24,83";"1,362";"0,00";"0,000";"0,000";"0,000";"0,00";"0,00";"0,00"
"9,78";"MERCEARIA NAO ALIMENTOS \ PERFUMARIA \ LINHA FACIAL \ GEL HIDRATANTE";"50,000";"2";"36,19";"1.809,50";"0,00";"0,00";"0,00";"0,00";"12,09";"604,38";"0,00";"33,40";"59,22";"37,19";"1.136,46";"1.085,35";"0,00";"0,00";"0,00";"119,77";"0,00";"1,70";"15,17";"0,00";"604,38";"0,00";"35,77";"6,043";"0,00";"1,650";"0,000";"0,000";"0,00";"0,00";"0,00"
"9,79";"MERCEARIA NAO ALIMENTOS \ PERFUMARIA \ LINHA FACIAL \ SABONETE FACIAL";"531,000";"2";"14,74";"7.827,01";"0,01";"8.487,01";"0,01";"108,43";"2,57";"1.363,71";"0,00";"17,42";"64,80";"39,32";"4.749,33";"4.174,53";"0,00";"0,00";"0,00";"2.288,77";"0,00";"5,31";"49,81";"0,00";"1.363,71";"0,00";"24,62";"113,103";"0,00";"79,650";"0,000";"0,000";"0,00";"0,00";"0,00"
"10,81";"MERCEARIA NAO ALIMENTOS \ PERFUMARIA \ PAPEL HIGIENICO \ FOLHA DUPLA";"97.235,000";"8";"12,59";"1.224.641,88";"1,02";"1.243.013,76";"1,04";"101,50";"3,51";"341.750,48";"1,14";"27,91";"47,19";"32,06";"832.028,62";"773.786,01";"23.415,94";"0,00";"0,00";"85.689,45";"0,00";"274,33";"4.023,82";"0,00";"365.166,42";"1,21";"32,06";"76.992,497";"1,03";"0,000";"0,000";"0,000";"0,00";"0,00";"0,00"
"10,82";"MERCEARIA NAO ALIMENTOS \ PERFUMARIA \ PAPEL HIGIENICO \ FOLHA TRIPLA";"978,000";"1";"10,06";"9.840,06";"0,01";"0,00";"0,00";"0,00";"4,00";"3.914,74";"0,01";"39,78";"81,29";"44,84";"5.427,78";"5.047,84";"188,03";"0,00";"0,00";"689,44";"0,00";"0,08";"30,58";"0,00";"4.102,78";"0,01";"44,84";"373,596";"0,00";"0,000";"0,000";"0,000";"0,00";"0,00";"0,00"
"10,82";"MERCEARIA NAO ALIMENTOS \ PERFUMARIA \ PES E MAOS \ ACESSORIO PES E MAOS";"541,000";"3";"6,68";"3.614,39";"0,00";"0,00";"0,00";"0,00";"2,14";"1.156,52";"0,00";"32,00";"82,58";"45,23";"1.979,62";"1.401,36";"0,00";"0,00";"0,00";"1.056,51";"0,00";"0,99";"21,90";"0,00";"1.156,52";"0,00";"45,21";"12,693";"0,00";"0,000";"0,000";"0,000";"0,00";"0,00";"0,00"
"10,83";"MERCEARIA NAO ALIMENTOS \ PERFUMARIA \ PES E MAOS \ ACETONA-REMOVEDOR";"1.919,000";"2";"4,56";"8.746,74";"0,01";"0,00";"0,00";"0,00";"1,93";"3.710,11";"0,01";"42,42";"73,66";"42,42";"5.036,63";"5.036,63";"0,00";"0,00";"0,00";"0,00";"0,00";"1,12";"74,48";"0,00";"3.710,11";"0,01";"42,42";"177,080";"0,00";"0,000";"0,000";"0,000";"0,00";"0,00";"0,00"
"10,83";"MERCEARIA NAO ALIMENTOS \ PERFUMARIA \ PES E MAOS \ ESMALTE";"946,000";"13";"6,11";"5.783,76";"0,00";"0,00";"0,00";"0,00";"2,39";"2.256,58";"0,01";"39,02";"63,98";"39,02";"3.527,18";"3.527,18";"0,00";"0,00";"0,00";"0,00";"0,00";"9,46";"48,50";"0,00";"2.256,58";"0,01";"39,02";"33,014";"0,00";"7,568";"0,000";"0,000";"0,00";"0,00";"0,00"
"10,83";"MERCEARIA NAO ALIMENTOS \ PERFUMARIA \ PES E MAOS \ HIGIENIZADOR";"3,000";"1";"19,32";"57,97";"0,00";"0,00";"0,00";"0,00";"1,63";"4,90";"0,00";"8,45";"28,14";"21,96";"45,24";"36,13";"0,00";"0,00";"0,00";"16,94";"0,00";"0,03";"0,37";"0,00";"4,90";"0,00";"11,94";"0,000";"0,00";"1,500";"0,000";"0,000";"0,00";"0,00";"0,00"
"10,85";"MERCEARIA NAO ALIMENTOS \ PERFUMARIA \ PES E MAOS \ TALCO";"3.339,000";"8";"8,75";"29.209,01";"0,02";"27.465,12";"0,02";"94,03";"2,90";"9.673,74";"0,03";"33,12";"49,52";"33,12";"19.535,27";"19.535,27";"0,00";"0,00";"0,00";"0,00";"0,00";"37,20";"256,91";"0,00";"9.673,74";"0,03";"33,12";"492,444";"0,01";"365,080";"0,000";"0,000";"0,00";"0,00";"0,00"
"10,86";"MERCEARIA NAO ALIMENTOS \ PETSHOP \ ALIMENTOS CAES \ PETISCOS CAES";"740,000";"9";"15,95";"11.799,73";"0,01";"0,00";"0,00";"0,00";"5,13";"3.794,25";"0,01";"32,16";"56,68";"36,18";"7.530,89";"6.914,01";"0,00";"0,00";"0,00";"1.091,48";"0,00";"8,99";"94,97";"0,00";"3.794,25";"0,01";"35,43";"68,552";"0,00";"0,000";"0,000";"0,000";"0,00";"0,00";"0,00"
"10,89";"MERCEARIA NAO ALIMENTOS \ PETSHOP \ ALIMENTOS CAES \ RACAO SECA CAES";"1.834,000";"9";"19,29";"35.380,03";"0,03";"7.912,07";"0,01";"22,36";"6,08";"11.154,37";"0,04";"31,53";"55,60";"35,73";"22.737,09";"20.953,01";"0,00";"0,00";"0,00";"3.272,65";"0,00";"30,59";"287,56";"0,00";"11.154,37";"0,04";"34,74";"1.672,684";"0,02";"847,500";"1,346";"26.285,312";"0,00";"0,00";"0,00"
"10,93";"MERCEARIA NAO ALIMENTOS \ PETSHOP \ ALIMENTOS CAES \ RACAO UMIDA CAES";"15.819,000";"10";"3,07";"48.553,53";"0,04";"35.048,32";"0,03";"72,18";"0,85";"13.451,10";"0,04";"27,70";"45,51";"31,28";"33.367,23";"30.611,23";"0,00";"0,00";"0,00";"4.491,20";"0,00";"1,53";"362,91";"0,00";"13.451,10";"0,04";"30,53";"1.580,385";"0,02";"503,625";"0,000";"0,000";"0,00";"0,00";"0,00"
"10,94";"MERCEARIA NAO ALIMENTOS \ PETSHOP \ ALIMENTOS GATOS \ PETISCOS GATOS";"694,000";"4";"12,17";"8.448,74";"0,01";"0,00";"0,00";"0,00";"3,76";"2.611,19";"0,01";"30,91";"53,42";"34,82";"5.506,81";"5.056,04";"0,00";"0,00";"0,00";"781,51";"0,00";"8,79";"69,10";"0,00";"2.611,19";"0,01";"34,06";"49,657";"0,00";"29,970";"0,000";"0,000";"0,00";"0,00";"0,00"
"10,97";"MERCEARIA NAO ALIMENTOS \ PETSHOP \ ALIMENTOS GATOS \ RACAO SECA GATOS";"2.119,000";"7";"17,28";"36.622,05";"0,03";"17.800,02";"0,01";"48,60";"4,94";"10.465,23";"0,03";"28,58";"47,66";"32,28";"24.801,55";"22.769,28";"0,00";"0,00";"0,00";"3.387,54";"0,00";"31,27";"297,60";"0,00";"10.465,23";"0,03";"31,49";"1.712,427";"0,02";"1.404,900";"0,000";"0,000";"0,00";"0,00";"0,00"
"11,02";"MERCEARIA NAO ALIMENTOS \ PETSHOP \ ALIMENTOS GATOS \ RACAO UMIDA GATOS";"20.648,000";"13";"3,05";"62.977,18";"0,05";"55.665,94";"0,05";"88,39";"0,86";"17.841,24";"0,06";"28,33";"46,92";"31,94";"42.864,64";"39.310,55";"0,00";"0,00";"0,00";"5.825,39";"0,00";"3,10";"474,46";"0,00";"17.841,24";"0,06";"31,22";"1.763,076";"0,02";"1.714,595";"0,000";"0,000";"0,00";"0,00";"0,00"
"11,02";"MERCEARIA NAO ALIMENTOS \ PETSHOP \ ALIMENTOS OUTROS ANIMAIS \ ALIMENTOS OUTROS ANIMAIS";"460,000";"8";"10,27";"4.723,56";"0,00";"0,00";"0,00";"0,00";"3,01";"1.383,00";"0,00";"29,28";"74,94";"42,84";"2.700,09";"2.341,27";"0,00";"0,00";"0,00";"999,30";"0,00";"2,62";"26,52";"0,00";"1.383,00";"0,00";"37,13";"0,000";"0,00";"272,400";"0,000";"0,000";"0,00";"0,00";"0,00"
"11,02";"MERCEARIA NAO ALIMENTOS \ PETSHOP \ HIGIENIZACAO PET \ AREIA PARA GATO";"343,000";"2";"11,22";"3.849,01";"0,00";"0,00";"0,00";"0,00";"2,70";"925,39";"0,00";"24,04";"66,92";"40,09";"2.305,92";"1.798,53";"0,00";"0,00";"0,00";"1.125,09";"0,00";"3,39";"23,67";"0,00";"925,39";"0,00";"33,97";"1.379,734";"0,02";"1.372,000";"0,000";"0,000";"0,00";"0,00";"0,00"
"11,02";"MERCEARIA NAO ALIMENTOS \ PETSHOP \ HIGIENIZACAO PET \ SHAMPOO-CONDICIONADOR PET";"156,000";"2";"14,48";"2.258,63";"0,00";"0,00";"0,00";"0,00";"3,60";"561,69";"0,00";"24,87";"69,94";"41,16";"1.329,08";"1.036,63";"0,00";"0,00";"0,00";"660,30";"0,00";"1,54";"14,61";"0,00";"561,69";"0,00";"35,14";"0,000";"0,00";"0,000";"0,000";"0,000";"0,00";"0,00";"0,00"
"11,02";"MERCEARIA NAO ALIMENTOS \ PETSHOP \ HIGIENIZACAO PET \ TAPETE HIGIENICO";"28,000";"1";"22,99";"643,72";"0,00";"0,00";"0,00";"0,00";"5,58";"156,33";"0,00";"24,29";"67,77";"40,39";"383,69";"299,27";"0,00";"0,00";"0,00";"188,12";"0,00";"0,52";"3,90";"0,00";"156,33";"0,00";"34,31";"0,000";"0,00";"0,000";"0,000";"0,000";"0,00";"0,00";"0,00"
"11,02";"MERCEARIA \ BEBIDAS ALCOOLICAS \ CERVEJA \ CERV ALE";"35,000";"1";"7,20";"252,15";"0,00";"0,00";"0,00";"0,00";"1,37";"48,10";"0,00";"19,08";"23,57";"19,08";"204,05";"204,05";"0,00";"0,00";"0,00";"0,00";"0,00";"0,34";"2,34";"0,00";"48,10";"0,00";"19,08";"0,000";"0,00";"0,000";"0,000";"0,000";"0,00";"0,00";"0,00"
"11,04";"MERCEARIA \ BEBIDAS ALCOOLICAS \ CERVEJA \ CERV ESCURA";"5.086,000";"3";"5,10";"25.948,20";"0,02";"0,00";"0,00";"0,00";"0,77";"3.919,15";"0,01";"15,10";"17,79";"15,10";"22.029,05";"22.029,05";"0,00";"0,00";"0,00";"0,00";"0,00";"20,83";"224,56";"0,00";"3.919,15";"0,01";"15,10";"1.780,682";"0,02";"2,310";"0,000";"0,000";"0,00";"0,00";"0,00"
"11,04";"MERCEARIA \ BEBIDAS ALCOOLICAS \ CERVEJA \ CERV IPA";"205,000";"2";"7,18";"1.472,34";"0,00";"0,00";"0,00";"0,00";"1,56";"319,66";"0,00";"21,71";"27,73";"21,71";"1.152,68";"1.152,68";"0,00";"0,00";"0,00";"0,00";"0,00";"1,92";"12,83";"0,00";"319,66";"0,00";"21,71";"0,000";"0,00";"14,200";"0,000";"0,000";"0,00";"0,00";"0,00"
"11,41";"MERCEARIA \ BEBIDAS ALCOOLICAS \ CERVEJA \ CERV LAGER";"80.740,000";"33";"5,50";"443.876,73";"0,37";"261.809,34";"0,22";"58,98";"0,90";"72.666,02";"0,24";"16,37";"19,61";"16,40";"371.099,07";"371.099,07";"111,64";"0,00";"0,00";"0,00";"0,00";"502,25";"3.976,13";"0,00";"72.777,66";"0,24";"16,40";"38.884,153";"0,52";"9.678,628";"0,000";"0,000";"0,00";"0,00";"0,00"
"12,34";"MERCEARIA \ BEBIDAS ALCOOLICAS \ CERVEJA \ CERV PILSEN";"183.133,000";"27";"6,09";"1.114.630,47";"0,93";"864.923,82";"0,72";"77,60";"0,76";"139.650,69";"0,46";"12,53";"14,32";"12,53";"974.979,78";"974.979,78";"0,00";"0,00";"0,00";"0,00";"0,00";"807,18";"9.925,90";"0,00";"139.650,69";"0,46";"12,53";"104.339,670";"1,40";"19.964,814";"24,631";"45.253,155";"0,00";"0,00";"0,00"
"12,34";"MERCEARIA \ BEBIDAS ALCOOLICAS \ CERVEJA \ CERV WEISS";"55,000";"2";"14,22";"781,97";"0,00";"0,00";"0,00";"0,00";"3,20";"176,22";"0,00";"22,54";"29,09";"22,54";"605,75";"605,75";"0,00";"0,00";"0,00";"0,00";"0,00";"0,88";"6,95";"0,00";"176,22";"0,00";"22,54";"18,480";"0,00";"0,000";"0,000";"0,000";"0,00";"0,00";"0,00"
"12,37";"MERCEARIA \ BEBIDAS ALCOOLICAS \ DESTILADO \ AGUARDENTES";"5.050,000";"3";"7,17";"36.214,48";"0,03";"0,00";"0,00";"0,00";"2,26";"11.393,72";"0,04";"31,46";"91,87";"47,88";"18.874,32";"15.235,63";"0,00";"0,00";"0,00";"9.585,13";"0,00";"8,05";"253,47";"0,00";"11.393,72";"0,04";"42,79";"2.126,520";"0,03";"2.148,000";"0,000";"0,000";"0,00";"0,00";"0,00"
"12,41";"MERCEARIA \ BEBIDAS ALCOOLICAS \ DESTILADO \ CACHACA";"2.614,000";"11";"17,95";"46.909,64";"0,04";"0,00";"0,00";"0,00";"4,68";"12.223,65";"0,04";"26,06";"69,45";"40,98";"27.683,95";"22.252,41";"0,00";"0,00";"0,00";"12.433,58";"0,00";"29,15";"310,63";"0,00";"12.223,65";"0,04";"35,46";"3.084,279";"0,04";"88,000";"0,000";"0,000";"0,00";"0,00";"0,00"
"12,42";"MERCEARIA \ BEBIDAS ALCOOLICAS \ DESTILADO \ CONHAQUE";"465,000";"3";"23,78";"11.057,06";"0,01";"0,00";"0,00";"0,00";"6,23";"2.895,44";"0,01";"26,19";"80,47";"44,59";"6.126,72";"4.427,44";"0,00";"0,00";"0,00";"3.734,18";"0,00";"7,32";"65,66";"0,00";"2.895,44";"0,01";"39,54";"248,064";"0,00";"237,780";"0,000";"0,000";"0,00";"0,00";"0,00"
"12,44";"MERCEARIA \ BEBIDAS ALCOOLICAS \ DESTILADO \ GIN";"325,000";"8";"57,79";"18.782,80";"0,02";"4.505,70";"0,00";"23,99";"12,83";"4.169,28";"0,01";"22,20";"60,37";"37,65";"11.711,82";"8.271,64";"0,00";"0,00";"0,00";"6.341,87";"0,00";"11,53";"110,12";"0,00";"4.169,28";"0,01";"33,51";"378,744";"0,01";"192,850";"0,315";"59.627,937";"0,00";"0,00";"0,00"
"12,44";"MERCEARIA \ BEBIDAS ALCOOLICAS \ DESTILADO \ RUM";"92,000";"5";"47,72";"4.389,83";"0,00";"0,00";"0,00";"0,00";"12,22";"1.124,53";"0,00";"25,62";"75,55";"43,04";"2.500,62";"1.783,07";"0,00";"0,00";"0,00";"1.482,23";"0,00";"3,09";"26,19";"0,00";"1.124,53";"0,00";"38,68";"0,000";"0,00";"61,720";"0,000";"0,000";"0,00";"0,00";"0,00"
"12,44";"MERCEARIA \ BEBIDAS ALCOOLICAS \ DESTILADO \ TEQUILA";"12,000";"1";"26,12";"313,45";"0,00";"0,00";"0,00";"0,00";"6,08";"72,91";"0,00";"23,26";"65,95";"39,74";"188,88";"134,67";"0,00";"0,00";"0,00";"105,87";"0,00";"0,24";"1,82";"0,00";"72,91";"0,00";"35,12";"0,000";"0,00";"12,000";"0,000";"0,000";"0,00";"0,00";"0,00"
"12,45";"MERCEARIA \ BEBIDAS ALCOOLICAS \ DESTILADO \ VERMOUTH";"402,000";"6";"37,14";"14.932,00";"0,01";"0,00";"0,00";"0,00";"7,84";"3.153,54";"0,01";"21,12";"58,21";"36,79";"9.438,13";"6.736,76";"0,00";"0,00";"0,00";"5.041,70";"0,00";"8,85";"89,14";"0,00";"3.153,54";"0,01";"31,89";"586,837";"0,01";"196,950";"0,000";"0,000";"0,00";"0,00";"0,00"
"12,50";"MERCEARIA \ BEBIDAS ALCOOLICAS \ DESTILADO \ VODKA";"4.205,000";"17";"15,34";"64.517,53";"0,05";"15.383,89";"0,01";"23,84";"3,60";"15.142,45";"0,05";"23,47";"66,84";"40,06";"38.670,49";"27.592,19";"0,00";"0,00";"0,00";"21.782,89";"0,00";"32,10";"390,11";"0,00";"15.142,45";"0,05";"35,43";"3.173,309";"0,04";"1,500";"0,000";"0,000";"0,00";"0,00";"0,00"
"12,56";"MERCEARIA \ BEBIDAS ALCOOLICAS \ DESTILADO \ WHISKY";"1.075,000";"13";"68,55";"73.693,84";"0,06";"44.877,38";"0,04";"60,90";"14,44";"15.528,34";"0,05";"21,07";"56,68";"36,17";"47.035,65";"33.285,13";"0,00";"0,00";"0,00";"24.880,37";"0,00";"49,68";"435,73";"0,00";"15.528,34";"0,05";"31,81";"518,243";"0,01";"170,800";"0,000";"0,000";"0,00";"0,00";"0,00"
"12,57";"MERCEARIA \ BEBIDAS ALCOOLICAS \ DRINKS E APERITIVOS \ APERITIVO";"345,000";"8";"28,96";"9.991,83";"0,01";"0,00";"0,00";"0,00";"7,63";"2.631,25";"0,01";"26,33";"80,29";"44,54";"5.541,95";"3.986,24";"0,00";"0,00";"0,00";"3.374,34";"0,00";"6,15";"57,90";"0,00";"2.631,25";"0,01";"39,76";"106,543";"0,00";"131,510";"0,000";"0,000";"0,00";"0,00";"0,00"
"12,61";"MERCEARIA \ BEBIDAS ALCOOLICAS \ DRINKS E APERITIVOS \ BEBIDA MISTA";"8.351,000";"22";"6,44";"53.781,40";"0,04";"40.481,67";"0,03";"75,27";"1,04";"8.698,27";"0,03";"16,17";"37,89";"27,48";"39.004,19";"26.916,38";"0,00";"0,00";"0,00";"18.166,75";"0,00";"21,25";"312,60";"0,00";"8.698,27";"0,03";"24,42";"3.012,879";"0,04";"1.428,808";"16,146";"3.330,943";"0,00";"0,00";"0,00"
"12,63";"MERCEARIA \ BEBIDAS ALCOOLICAS \ DRINKS E APERITIVOS \ CHOPP VINHO";"2.353,000";"1";"9,70";"22.816,23";"0,02";"0,00";"0,00";"0,00";"2,60";"6.116,85";"0,02";"26,81";"85,21";"46,01";"12.319,04";"8.992,74";"0,00";"0,00";"0,00";"7.706,64";"0,00";"23,24";"137,75";"0,00";"6.116,85";"0,02";"40,48";"1.560,039";"0,02";"0,000";"0,000";"0,000";"0,00";"0,00";"0,00"
"12,70";"MERCEARIA \ BEBIDAS ALCOOLICAS \ DRINKS E APERITIVOS \ COQUETEIS";"9.545,000";"19";"8,26";"78.844,61";"0,07";"17.303,51";"0,01";"21,95";"1,91";"18.263,01";"0,06";"23,16";"68,93";"40,80";"46.673,27";"33.956,76";"0,00";"0,00";"0,00";"26.624,84";"0,00";"40,40";"473,18";"0,00";"18.263,01";"0,06";"34,97";"6.157,981";"0,08";"2.277,295";"0,000";"0,000";"0,00";"0,00";"0,00"
"12,71";"MERCEARIA \ BEBIDAS ALCOOLICAS \ DRINKS E APERITIVOS \ LICORES";"99,000";"12";"61,59";"6.097,79";"0,01";"0,00";"0,00";"0,00";"12,87";"1.273,72";"0,00";"20,89";"61,71";"38,16";"3.770,75";"2.765,30";"0,00";"0,00";"0,00";"2.058,77";"0,00";"3,83";"36,11";"0,00";"1.273,72";"0,00";"31,54";"3,399";"0,00";"31,830";"0,000";"0,000";"0,00";"0,00";"0,00"
"12,71";"MERCEARIA \ BEBIDAS ALCOOLICAS \ PREPARO BEBIDAS \ PREPARO DRINK";"9,000";"4";"22,90";"206,10";"0,00";"0,00";"0,00";"0,00";"5,19";"46,71";"0,00";"22,66";"60,90";"37,85";"128,09";"99,16";"0,00";"0,00";"0,00";"60,23";"0,00";"0,15";"1,29";"0,00";"46,71";"0,00";"32,02";"0,000";"0,00";"0,600";"0,000";"0,000";"0,00";"0,00";"0,00"
"12,75";"MERCEARIA \ BEBIDAS ALCOOLICAS \ VINHOS \ ESPUMANTES";"1.354,000";"24";"38,60";"52.266,46";"0,04";"35.251,79";"0,03";"67,45";"9,29";"12.584,19";"0,04";"24,08";"72,71";"42,10";"30.262,08";"22.067,58";"0,00";"0,00";"0,00";"17.614,69";"0,00";"34,10";"309,92";"0,00";"12.584,19";"0,04";"36,32";"2.008,664";"0,03";"1.876,370";"0,000";"0,000";"0,00";"0,00";"0,00"
"12,76";"MERCEARIA \ BEBIDAS ALCOOLICAS \ VINHOS \ FRISANTE";"570,000";"2";"27,30";"15.562,21";"0,01";"13.170,15";"0,01";"84,63";"7,85";"4.474,27";"0,01";"28,75";"94,80";"48,67";"7.988,61";"5.831,59";"0,00";"0,00";"0,00";"5.256,35";"0,00";"11,40";"92,93";"0,00";"4.474,27";"0,01";"43,41";"711,360";"0,01";"342,000";"0,000";"0,000";"0,00";"0,00";"0,00"
"12,76";"MERCEARIA \ BEBIDAS ALCOOLICAS \ VINHOS \ KT VINHO";"1,000";"1";"99,90";"99,90";"0,00";"0,00";"0,00";"0,00";"12,15";"12,15";"0,00";"12,16";"34,98";"25,92";"74,01";"54,03";"0,00";"0,00";"0,00";"33,73";"0,00";"0,07";"0,59";"0,00";"12,15";"0,00";"18,36";"0,000";"0,00";"1,750";"0,000";"0,000";"0,00";"0,00";"0,00"
"12,77";"MERCEARIA \ BEBIDAS ALCOOLICAS \ VINHOS \ SIDRA";"469,000";"2";"19,77";"9.274,22";"0,01";"0,00";"0,00";"0,00";"5,53";"2.592,69";"0,01";"27,96";"90,30";"47,45";"4.873,47";"3.548,33";"0,00";"0,00";"0,00";"3.133,20";"0,00";"4,68";"55,42";"0,00";"2.592,69";"0,01";"42,22";"0,000";"0,00";"0,000";"0,000";"0,000";"0,00";"0,00";"0,00"
"12,84";"MERCEARIA \ BEBIDAS ALCOOLICAS \ VINHOS \ VINHO BRANCO";"3.130,000";"43";"25,92";"81.142,08";"0,07";"51.233,16";"0,04";"63,14";"5,21";"16.301,23";"0,05";"20,09";"58,71";"36,99";"51.126,22";"37.433,75";"0,00";"0,00";"0,00";"27.407,11";"0,00";"55,97";"479,79";"0,00";"16.301,23";"0,05";"30,34";"2.894,506";"0,04";"349,500";"0,000";"0,000";"0,00";"0,00";"0,00"
"12,84";"MERCEARIA \ BEBIDAS ALCOOLICAS \ VINHOS \ VINHO PORTO";"28,000";"4";"100,96";"2.826,97";"0,00";"0,00";"0,00";"0,00";"17,40";"487,27";"0,00";"17,24";"71,07";"41,54";"1.652,57";"1.385,41";"0,00";"0,00";"0,00";"954,30";"0,00";"1,79";"16,22";"0,00";"487,27";"0,00";"26,02";"0,000";"0,00";"0,000";"0,000";"0,000";"0,00";"0,00";"0,00"
"12,86";"MERCEARIA \ BEBIDAS ALCOOLICAS \ VINHOS \ VINHO ROSE";"971,000";"18";"29,55";"28.694,59";"0,02";"24.441,74";"0,02";"85,18";"5,98";"5.802,68";"0,02";"20,22";"58,71";"36,99";"18.080,39";"13.201,01";"0,00";"0,00";"0,00";"9.690,90";"0,00";"20,39";"169,22";"0,00";"5.802,68";"0,02";"30,53";"982,632";"0,01";"15,000";"0,000";"0,000";"0,00";"0,00";"0,00"
"13,15";"MERCEARIA \ BEBIDAS ALCOOLICAS \ VINHOS \ VINHO TINTO";"14.283,000";"74";"24,54";"350.560,66";"0,29";"231.352,03";"0,19";"65,99";"5,16";"73.727,39";"0,25";"21,03";"61,23";"37,98";"217.433,80";"158.418,96";"0,00";"0,00";"0,00";"118.414,31";"0,00";"232,78";"2.075,27";"0,00";"73.727,39";"0,24";"31,76";"16.716,086";"0,22";"3.591,250";"0,000";"0,000";"0,00";"0,00";"0,00"
"13,18";"MERCEARIA \ BEBIDAS NAO ALCOOLICAS \ AGUAS \ AGUA DE COCO";"4.375,000";"8";"7,68";"33.589,14";"0,03";"8.675,23";"0,01";"25,83";"2,43";"10.614,43";"0,04";"31,60";"66,27";"39,86";"20.202,10";"19.795,12";"0,00";"0,00";"0,00";"3.179,59";"0,00";"24,33";"266,42";"0,00";"10.614,43";"0,04";"34,90";"2.728,419";"0,04";"1.071,000";"0,000";"0,000";"0,00";"0,00";"0,00"
"13,63";"MERCEARIA \ BEBIDAS NAO ALCOOLICAS \ AGUAS \ AGUA MINERAL";"190.572,000";"32";"2,83";"539.434,97";"0,45";"7,98";"0,00";"0,00";"0,80";"152.218,51";"0,51";"28,22";"62,87";"38,60";"331.215,59";"259.701,91";"10.079,21";"0,00";"0,00";"117.435,33";"0,00";"115,92";"3.961,73";"0,00";"162.297,73";"0,54";"38,46";"257.776,870";"3,45";"186.038,238";"30,074";"17.936,921";"0,00";"0,00";"0,00"
"13,68";"MERCEARIA \ BEBIDAS NAO ALCOOLICAS \ AGUAS \ AGUA TONICA";"11.784,000";"15";"4,81";"56.697,74";"0,05";"7.722,08";"0,01";"13,62";"1,16";"13.655,21";"0,05";"24,08";"31,72";"24,08";"43.042,53";"43.042,53";"0,00";"0,00";"0,00";"0,00";"0,00";"36,28";"499,06";"0,00";"13.655,21";"0,05";"24,08";"6.477,646";"0,09";"1.728,335";"0,000";"0,000";"0,00";"0,00";"0,00"
"13,73";"MERCEARIA \ BEBIDAS NAO ALCOOLICAS \ BEBIDAS VEGETAIS \ BEBIDA SOJA";"8.811,000";"10";"6,72";"59.250,04";"0,05";"0,00";"0,00";"0,00";"1,64";"14.427,95";"0,05";"24,35";"36,67";"26,83";"43.351,10";"39.341,46";"0,00";"0,00";"0,00";"5.480,63";"0,00";"57,94";"466,23";"0,00";"14.427,95";"0,05";"26,83";"7.386,486";"0,10";"6.389,400";"0,000";"0,000";"0,00";"0,00";"0,00"
"13,73";"MERCEARIA \ BEBIDAS NAO ALCOOLICAS \ BEBIDAS VEGETAIS \ BEBIDA VEGETAIS ESPECIAIS";"193,000";"2";"22,04";"4.253,33";"0,00";"0,00";"0,00";"0,00";"6,78";"1.308,84";"0,00";"30,77";"48,61";"32,71";"2.862,01";"2.862,01";"82,48";"0,00";"0,00";"0,00";"0,00";"3,86";"38,50";"0,00";"1.391,32";"0,00";"32,71";"203,229";"0,00";"193,000";"0,000";"0,000";"0,00";"0,00";"0,00"
"13,78";"MERCEARIA \ BEBIDAS NAO ALCOOLICAS \ CERVEJA \ CERVEJA";"15.678,000";"9";"3,74";"58.667,55";"0,05";"23.738,29";"0,02";"40,46";"0,17";"2.629,55";"0,01";"4,48";"4,69";"4,48";"56.038,00";"56.038,00";"0,00";"0,00";"0,00";"0,00";"0,00";"38,60";"550,33";"0,00";"2.629,55";"0,01";"4,48";"4.501,045";"0,06";"5.390,187";"0,000";"0,000";"0,00";"0,00";"0,00"
"13,82";"MERCEARIA \ BEBIDAS NAO ALCOOLICAS \ CHA, ISOTONICO, BEB MISTA \ BEBIDA MISTA N.ALCOOLICOS";"18.619,000";"7";"2,85";"53.144,04";"0,04";"6.423,19";"0,01";"12,09";"1,06";"19.801,78";"0,07";"37,26";"59,39";"37,26";"33.342,26";"33.342,26";"0,00";"0,00";"0,00";"0,00";"0,00";"2,89";"531,01";"0,00";"19.801,78";"0,07";"37,26";"4.052,969";"0,05";"3.325,600";"0,000";"0,000";"0,00";"0,00";"0,00"
"14,13";"MERCEARIA \ BEBIDAS NAO ALCOOLICAS \ CHA, ISOTONICO, BEB MISTA \ CHA PRONTO";"52.351,000";"29";"6,99";"365.681,43";"0,31";"151.437,39";"0,13";"41,41";"1,80";"94.174,36";"0,31";"25,75";"34,69";"25,75";"271.507,07";"271.507,07";"0,00";"0,00";"0,00";"0,00";"0,00";"421,40";"3.335,79";"0,00";"94.174,36";"0,31";"25,75";"70.299,239";"0,94";"22.751,200";"1,466";"249.441,630";"0,00";"0,00";"0,00"
"14,24";"MERCEARIA \ BEBIDAS NAO ALCOOLICAS \ CHA, ISOTONICO, BEB MISTA \ ISOTONICO";"26.349,000";"18";"5,14";"135.315,04";"0,11";"114.148,03";"0,10";"84,36";"1,13";"29.864,89";"0,10";"22,07";"28,32";"22,07";"105.450,15";"105.450,15";"0,00";"0,00";"0,00";"0,00";"0,00";"149,12";"1.194,50";"0,00";"29.864,89";"0,10";"22,07";"14.028,138";"0,19";"3.417,000";"0,000";"0,000";"0,00";"0,00";"0,00"
"14,25";"MERCEARIA \ BEBIDAS NAO ALCOOLICAS \ ENERGETICO \ ENERGETICO GARRAFA";"1.249,000";"2";"13,01";"16.249,04";"0,01";"0,00";"0,00";"0,00";"5,80";"7.247,40";"0,02";"44,60";"80,51";"44,60";"9.001,64";"9.001,64";"0,00";"0,00";"0,00";"0,00";"0,00";"12,37";"148,26";"0,00";"7.247,40";"0,02";"44,60";"2.666,615";"0,04";"2.498,000";"0,000";"0,000";"0,00";"0,00";"0,00"
"14,38";"MERCEARIA \ BEBIDAS NAO ALCOOLICAS \ ENERGETICO \ ENERGETICO LATA";"15.729,000";"28";"9,55";"150.231,30";"0,13";"52.462,59";"0,04";"34,92";"1,81";"28.421,95";"0,09";"18,92";"23,33";"18,92";"121.809,35";"121.809,35";"0,00";"0,00";"0,00";"0,00";"0,00";"146,76";"1.341,60";"0,00";"28.421,95";"0,09";"18,92";"6.201,542";"0,08";"4.106,781";"0,000";"0,000";"0,00";"0,00";"0,00"
"14,52";"MERCEARIA \ BEBIDAS NAO ALCOOLICAS \ REFRESCOS \ REFRESCOS PO";"156.107,000";"29";"1,06";"165.948,43";"0,14";"138.494,32";"0,12";"83,46";"0,23";"35.693,84";"0,12";"21,51";"58,71";"36,99";"104.560,77";"81.577,18";"0,00";"0,00";"0,00";"48.677,40";"0,00";"1,74";"1.333,47";"0,00";"35.693,84";"0,12";"30,44";"2.850,031";"0,04";"2.540,401";"0,000";"0,000";"0,00";"0,00";"0,00"
"14,75";"MERCEARIA \ BEBIDAS NAO ALCOOLICAS \ REFRESCOS \ REFRESCOS PRONTOS";"95.881,000";"33";"2,88";"275.888,41";"0,23";"66.077,76";"0,06";"23,95";"0,87";"83.263,92";"0,28";"30,18";"43,79";"30,45";"191.870,52";"191.870,25";"0,00";"0,00";"0,00";"754,24";"0,00";"163,50";"2.330,29";"0,00";"83.263,92";"0,28";"30,26";"58.905,693";"0,79";"28.676,990";"0,000";"0,000";"0,00";"0,00";"0,00"
"14,78";"MERCEARIA \ BEBIDAS NAO ALCOOLICAS \ REFRIGERANTE \ KT REFRIGERANTE";"2.063,000";"2";"16,39";"33.812,68";"0,03";"0,00";"0,00";"0,00";"3,37";"6.942,72";"0,02";"20,53";"25,84";"20,53";"26.869,96";"26.869,96";"0,00";"0,00";"0,00";"0,00";"0,00";"40,97";"297,69";"0,00";"6.942,72";"0,02";"20,53";"8.697,420";"0,12";"0,000";"0,000";"0,000";"0,00";"0,00";"0,00"
"16,98";"MERCEARIA \ BEBIDAS NAO ALCOOLICAS \ REFRIGERANTE \ REFRIGERANTE GARRAFA";"410.660,000";"64";"6,40";"2.629.473,60";"2,20";"703.324,62";"0,59";"26,75";"1,42";"584.708,36";"1,95";"22,24";"28,60";"22,24";"2.044.765,24";"2.044.765,24";"0,00";"0,00";"0,00";"0,00";"0,00";"2.689,10";"23.541,51";"0,00";"584.708,36";"1,94";"22,24";"578.134,149";"7,73";"298.605,700";"0,000";"0,000";"0,00";"0,00";"0,00"
"17,09";"MERCEARIA \ BEBIDAS NAO ALCOOLICAS \ REFRIGERANTE \ REFRIGERANTE LATA";"31.462,000";"22";"4,23";"133.012,75";"0,11";"23.776,94";"0,02";"17,88";"1,16";"36.411,24";"0,12";"27,37";"37,69";"27,37";"96.601,51";"96.601,51";"0,00";"0,00";"0,00";"0,00";"0,00";"48,85";"1.211,26";"0,00";"36.411,24";"0,12";"27,37";"12.577,796";"0,17";"9.426,960";"0,000";"0,000";"0,00";"0,00";"0,00"
"17,17";"MERCEARIA \ BEBIDAS NAO ALCOOLICAS \ SUCOS-NECTAR \ NECTAR PRONTO";"16.023,000";"20";"5,77";"92.442,93";"0,08";"0,00";"0,00";"0,00";"1,47";"23.486,38";"0,08";"25,41";"40,79";"28,97";"65.662,42";"60.852,38";"0,00";"0,00";"0,00";"8.104,17";"0,00";"69,21";"752,10";"0,00";"23.486,38";"0,08";"27,85";"9.284,807";"0,12";"7.145,000";"6,877";"13.442,334";"0,00";"0,00";"0,00"
"17,33";"MERCEARIA \ BEBIDAS NAO ALCOOLICAS \ SUCOS-NECTAR \ SUCO CONCENTRADO";"23.186,000";"20";"8,36";"193.767,59";"0,16";"179.084,52";"0,15";"92,42";"1,71";"39.585,32";"0,13";"20,43";"54,98";"35,48";"125.024,92";"97.521,21";"0,00";"0,00";"0,00";"56.661,06";"0,00";"126,13";"1.221,95";"0,00";"39.585,32";"0,13";"28,87";"20.505,669";"0,27";"18.974,820";"5,774";"33.558,640";"0,00";"0,00";"0,00"
"17,45";"MERCEARIA \ BEBIDAS NAO ALCOOLICAS \ SUCOS-NECTAR \ SUCO INTEGRAL";"7.879,000";"18";"18,39";"144.928,89";"0,12";"97.574,89";"0,08";"67,33";"5,13";"40.454,50";"0,13";"27,91";"58,60";"36,95";"91.377,34";"91.068,47";"0,00";"0,00";"0,00";"13.405,92";"0,00";"136,48";"1.180,12";"0,00";"40.454,50";"0,13";"30,76";"12.200,999";"0,16";"8.275,950";"0,000";"0,000";"0,00";"0,00";"0,00"
"17,49";"MERCEARIA \ BEBIDAS NAO ALCOOLICAS \ SUCOS-NECTAR \ SUCO PRONTO";"7.136,000";"14";"6,27";"44.759,51";"0,04";"1.862,47";"0,00";"4,16";"1,61";"11.466,49";"0,04";"25,62";"42,44";"29,80";"31.422,43";"30.240,65";"0,00";"0,00";"0,00";"3.052,37";"0,00";"51,23";"372,70";"0,00";"11.466,49";"0,04";"27,49";"5.590,457";"0,07";"4.590,950";"0,000";"0,000";"0,00";"0,00";"0,00"
"17,50";"MERCEARIA \ BEBIDAS NAO ALCOOLICAS \ SUPLEMENTO ALIMENTAR \ SUPLEMENTO ALIMENTAR";"4.227,000";"8";"3,22";"13.620,69";"0,01";"25.634,81";"0,02";"188,20";"1,06";"4.477,79";"0,01";"32,87";"49,03";"32,90";"9.139,73";"9.131,81";"0,00";"0,00";"0,00";"11,09";"0,00";"3,37";"131,53";"0,00";"4.477,79";"0,01";"32,90";"1.209,430";"0,02";"1.109,287";"0,537";"25.364,413";"0,00";"0,00";"0,00"
"17,50";"MERCEARIA \ BEBIDAS NAO ALCOOLICAS \ VINHOS \ SIDRA";"31,000";"1";"18,98";"588,38";"0,00";"0,00";"0,00";"0,00";"5,95";"184,52";"0,00";"31,36";"66,38";"39,90";"353,63";"349,44";"0,00";"0,00";"0,00";"54,43";"0,00";"0,62";"4,96";"0,00";"184,52";"0,00";"34,56";"0,000";"0,00";"20,460";"0,000";"0,000";"0,00";"0,00";"0,00"
"17,50";"MERCEARIA \ BEBIDAS NAO ALCOOLICAS \ VINHOS \ VINHOS";"1,000";"1";"29,50";"29,50";"0,00";"0,00";"0,00";"0,00";"10,70";"10,70";"0,00";"36,27";"56,91";"36,27";"18,80";"18,80";"0,00";"0,00";"0,00";"0,00";"0,00";"0,03";"0,27";"0,00";"10,70";"0,00";"36,27";"0,000";"0,00";"0,750";"0,000";"0,000";"0,00";"0,00";"0,00"
"17,75";"MERCEARIA \ BEBIDAS NAO ALCOOLICAS \ XAROPE \ XAROPE";"27.084,000";"13";"10,89";"294.838,55";"0,25";"107.306,22";"0,09";"36,39";"2,77";"75.023,22";"0,25";"25,45";"72,12";"41,90";"171.297,90";"133.613,29";"0,00";"0,00";"0,00";"86.202,04";"0,00";"253,92";"1.881,49";"0,00";"75.023,22";"0,25";"35,96";"35.377,363";"0,47";"21.707,600";"0,000";"0,000";"0,00";"0,00";"0,00"
"17,93";"MERCEARIA \ BISCOITO-TORRADA-BATATA \ BATATAS \ BATATAS CHIPS";"24.069,000";"28";"8,75";"210.501,68";"0,18";"66.063,54";"0,06";"31,38";"2,20";"52.916,06";"0,18";"25,14";"43,64";"30,38";"146.545,81";"138.114,22";"0,00";"0,00";"0,00";"19.471,41";"0,00";"178,09";"1.700,77";"0,00";"52.916,06";"0,18";"27,70";"1.684,803";"0,02";"1.162,684";"0,000";"0,000";"0,00";"0,00";"0,00"
"18,34";"MERCEARIA \ BISCOITO-TORRADA-BATATA \ BATATAS \ BATATAS PALHA";"53.513,000";"17";"9,27";"495.817,35";"0,41";"343.454,31";"0,29";"69,27";"2,73";"145.862,98";"0,49";"29,42";"53,65";"34,92";"322.700,96";"304.091,26";"0,00";"0,00";"0,00";"45.863,10";"0,00";"446,80";"4.075,94";"0,00";"145.862,98";"0,48";"32,42";"7.821,065";"0,10";"7.061,505";"0,000";"0,000";"0,00";"0,00";"0,00"
"18,63";"MERCEARIA \ BISCOITO-TORRADA-BATATA \ BATATAS \ SALGADINHO BATATA";"33.950,000";"14";"10,28";"349.109,54";"0,29";"395.879,92";"0,33";"113,40";"2,23";"75.790,93";"0,25";"21,71";"44,54";"30,81";"241.538,28";"241.025,98";"0,00";"0,00";"0,00";"32.292,63";"0,00";"318,12";"2.802,22";"0,00";"75.790,93";"0,25";"23,92";"5.034,036";"0,07";"3.377,939";"0,000";"0,000";"0,00";"0,00";"0,00"
"18,66";"MERCEARIA \ BISCOITO-TORRADA-BATATA \ BISCOITOS DOCE \ AMANTEIGADO-PETROLOIS";"2.818,000";"6";"14,10";"39.744,24";"0,03";"0,00";"0,00";"0,00";"4,66";"13.138,69";"0,04";"33,06";"73,13";"42,24";"22.955,80";"22.929,21";"0,00";"0,00";"0,00";"3.676,34";"0,00";"28,29";"323,88";"0,00";"13.138,69";"0,04";"36,43";"1.104,882";"0,01";"984,700";"0,000";"0,000";"0,00";"0,00";"0,00"
"18,66";"MERCEARIA \ BISCOITO-TORRADA-BATATA \ BISCOITOS DOCE \ BISCOITO CHAMPANHE";"268,000";"1";"14,66";"3.929,73";"0,00";"0,00";"0,00";"0,00";"3,57";"956,59";"0,00";"24,34";"38,28";"27,68";"2.841,83";"2.609,64";"0,00";"0,00";"0,00";"363,50";"0,00";"2,71";"31,29";"0,00";"956,59";"0,00";"26,82";"62,444";"0,00";"0,000";"0,000";"0,000";"0,00";"0,00";"0,00"
"19,00";"MERCEARIA \ BISCOITO-TORRADA-BATATA \ BISCOITOS DOCE \ BISCOITO MAIZENA";"110.313,000";"11";"3,72";"410.270,14";"0,34";"92.934,42";"0,08";"22,65";"0,78";"85.533,75";"0,28";"20,85";"56,83";"36,24";"261.600,63";"252.565,17";"0,00";"0,00";"0,00";"72.171,23";"0,00";"12,28";"3.309,51";"0,00";"85.533,75";"0,28";"25,30";"21.556,519";"0,29";"20.443,380";"1,688";"243.051,031";"0,00";"0,00";"0,00"
"19,02";"MERCEARIA \ BISCOITO-TORRADA-BATATA \ BISCOITOS DOCE \ BISCOITOS COM COBERTURA";"5.093,000";"5";"4,27";"21.732,51";"0,02";"1.346,89";"0,00";"6,20";"1,00";"5.096,78";"0,02";"23,45";"39,25";"28,19";"15.606,62";"14.625,47";"0,00";"0,00";"0,00";"2.010,26";"0,00";"0,61";"172,74";"0,00";"5.096,78";"0,02";"25,84";"621,149";"0,01";"164,880";"0,898";"24.201,013";"0,00";"0,00";"0,00"
"19,09";"MERCEARIA \ BISCOITO-TORRADA-BATATA \ BISCOITOS DOCE \ BISCOITOS COOKIES";"21.714,000";"23";"3,76";"81.729,36";"0,07";"25.546,41";"0,02";"31,26";"1,01";"22.002,75";"0,07";"26,92";"49,64";"33,17";"54.617,86";"52.166,65";"0,00";"0,00";"0,00";"7.559,97";"0,00";"56,28";"655,20";"0,00";"22.002,75";"0,07";"29,67";"1.726,315";"0,02";"959,445";"0,305";"267.965,115";"0,00";"0,00";"0,00"
"19,29";"MERCEARIA \ BISCOITO-TORRADA-BATATA \ BISCOITOS DOCE \ BISCOITOS DOCE S.RECHEIO";"45.853,000";"31";"5,29";"242.569,72";"0,20";"91.415,95";"0,08";"37,69";"1,19";"54.413,56";"0,18";"22,43";"51,20";"33,86";"160.430,30";"147.296,41";"0,00";"0,00";"0,00";"40.859,75";"0,00";"124,22";"1.887,56";"0,00";"54.413,56";"0,18";"26,98";"9.075,656";"0,12";"6.937,772";"0,000";"0,000";"0,00";"0,00";"0,00"
"19,96";"MERCEARIA \ BISCOITO-TORRADA-BATATA \ BISCOITOS DOCE \ BISCOITOS DOCES RECHEADOS";"259.490,000";"65";"3,10";"804.993,69";"0,67";"821.751,92";"0,69";"102,08";"0,53";"137.405,41";"0,46";"17,07";"34,38";"25,59";"599.023,23";"592.307,20";"0,00";"0,00";"0,00";"75.281,09";"0,00";"54,84";"6.289,24";"0,00";"137.405,41";"0,45";"18,83";"34.820,035";"0,47";"25.606,793";"40,803";"19.728,787";"0,00";"0,00";"0,00"
"19,97";"MERCEARIA \ BISCOITO-TORRADA-BATATA \ BISCOITOS DOCE \ BISCOITOS MARIA";"1.382,000";"1";"6,20";"8.566,74";"0,01";"0,00";"0,00";"0,00";"1,20";"1.656,76";"0,01";"19,34";"39,75";"28,44";"6.129,98";"4.409,33";"0,00";"0,00";"0,00";"2.500,65";"0,00";"0,05";"55,22";"0,00";"1.656,76";"0,01";"27,31";"500,284";"0,01";"0,000";"0,000";"0,000";"0,00";"0,00";"0,00"
"20,14";"MERCEARIA \ BISCOITO-TORRADA-BATATA \ BISCOITOS DOCE \ BISCOITOS ROSCAS";"43.994,000";"10";"4,68";"206.054,36";"0,17";"201.366,43";"0,17";"97,72";"1,13";"49.883,19";"0,17";"24,21";"61,69";"38,15";"127.435,36";"107.509,17";"0,00";"0,00";"0,00";"48.662,00";"0,00";"9,48";"1.309,24";"0,00";"49.883,19";"0,17";"31,69";"13.622,739";"0,18";"782,590";"0,000";"0,000";"0,00";"0,00";"0,00"
"20,49";"MERCEARIA \ BISCOITO-TORRADA-BATATA \ BISCOITOS DOCE \ BISCOITOS WAFER";"145.676,000";"34";"2,90";"422.671,50";"0,35";"317.738,84";"0,27";"75,17";"0,78";"113.271,51";"0,38";"26,80";"55,53";"35,70";"271.763,20";"270.092,95";"0,00";"0,00";"0,00";"39.307,04";"0,00";"15,01";"3.240,01";"0,00";"113.271,51";"0,37";"29,55";"14.017,785";"0,19";"7.221,330";"73,742";"5.731,761";"0,00";"0,00";"0,00"
"20,54";"MERCEARIA \ BISCOITO-TORRADA-BATATA \ BISCOITOS SALGADO \ AGUA";"11.097,000";"2";"5,28";"58.619,75";"0,05";"38.397,19";"0,03";"65,50";"1,26";"13.932,14";"0,05";"23,77";"56,81";"36,23";"37.382,85";"32.523,26";"0,00";"0,00";"0,00";"12.164,36";"0,00";"19,75";"420,77";"0,00";"13.932,14";"0,05";"29,99";"2.517,462";"0,03";"1.437,705";"0,000";"0,000";"0,00";"0,00";"0,00"
"20,59";"MERCEARIA \ BISCOITO-TORRADA-BATATA \ BISCOITOS SALGADO \ AGUA E SAL";"13.557,000";"5";"4,53";"61.447,80";"0,05";"24.002,53";"0,02";"39,06";"0,93";"12.672,24";"0,04";"20,62";"48,60";"32,70";"41.352,01";"32.060,79";"0,00";"0,00";"0,00";"16.714,77";"0,00";"0,82";"424,86";"0,00";"12.672,24";"0,04";"28,33";"3.938,856";"0,05";"3.310,242";"1,804";"34.061,973";"0,00";"0,00";"0,00"
"20,66";"MERCEARIA \ BISCOITO-TORRADA-BATATA \ BISCOITOS SALGADO \ BISCOITO POLVILHO";"14.423,000";"9";"5,71";"82.424,14";"0,07";"45.137,50";"0,04";"54,76";"1,70";"24.578,00";"0,08";"29,82";"58,21";"36,79";"52.098,37";"50.221,91";"0,00";"0,00";"0,00";"7.624,23";"0,00";"77,16";"705,87";"0,00";"24.578,00";"0,08";"32,86";"1.439,130";"0,02";"735.036,000";"0,000";"0,000";"0,00";"0,00";"0,00"
"20,66";"MERCEARIA \ BISCOITO-TORRADA-BATATA \ BISCOITOS SALGADO \ BISCOITO SAGADO RECHEADO";"574,000";"4";"5,53";"3.176,76";"0,00";"2.762,85";"0,00";"86,97";"1,39";"797,06";"0,00";"25,09";"52,22";"34,31";"2.086,94";"2.085,85";"0,00";"0,00";"0,00";"293,85";"0,00";"2,03";"24,99";"0,00";"797,06";"0,00";"27,65";"64,288";"0,00";"57,400";"0,000";"0,000";"0,00";"0,00";"0,00"
"21,12";"MERCEARIA \ BISCOITO-TORRADA-BATATA \ BISCOITOS SALGADO \ BISCOITO SALGADINHO";"117.449,000";"57";"4,64";"544.703,46";"0,46";"171.112,19";"0,14";"31,41";"1,38";"161.826,39";"0,54";"29,71";"55,52";"35,70";"350.246,58";"332.492,00";"0,00";"0,00";"0,00";"50.385,07";"0,00";"204,86";"4.321,23";"0,00";"161.826,39";"0,54";"32,74";"6.856,830";"0,09";"5.551,700";"0,000";"0,000";"0,00";"0,00";"0,00"
"21,43";"MERCEARIA \ BISCOITO-TORRADA-BATATA \ BISCOITOS SALGADO \ BISCOITO SALGADO";"83.410,000";"27";"4,46";"372.126,63";"0,31";"379.844,20";"0,32";"102,07";"1,02";"85.441,04";"0,28";"22,96";"46,99";"31,97";"253.161,85";"251.361,12";"0,00";"0,00";"0,00";"35.324,48";"0,00";"174,79";"2.811,22";"0,00";"85.441,04";"0,28";"25,37";"10.896,535";"0,15";"8.824,369";"0,000";"0,000";"0,00";"0,00";"0,00"
"21,76";"MERCEARIA \ BISCOITO-TORRADA-BATATA \ BISCOITOS SALGADO \ CREAM CRACKER";"73.967,000";"15";"5,34";"394.825,74";"0,33";"310.632,05";"0,26";"78,68";"1,13";"83.885,96";"0,28";"21,25";"53,49";"34,85";"257.239,93";"202.997,23";"0,00";"0,00";"0,00";"107.942,55";"0,00";"32,92";"2.632,14";"0,00";"83.885,96";"0,28";"29,24";"24.713,909";"0,33";"21.570,033";"179,581";"2.198,594";"0,00";"0,00";"0,00"
"21,89";"MERCEARIA \ BISCOITO-TORRADA-BATATA \ TORRADAS \ TORRADAS";"26.154,000";"19";"5,76";"150.725,72";"0,13";"35.645,45";"0,03";"23,65";"1,53";"40.011,82";"0,13";"26,55";"50,60";"33,60";"100.085,33";"96.771,78";"0,00";"0,00";"0,00";"13.942,13";"0,00";"126,32";"1.252,86";"0,00";"40.011,82";"0,13";"29,25";"3.431,398";"0,05";"2.379,374";"0,000";"0,000";"0,00";"0,00";"0,00"
"21,97";"MERCEARIA \ BOMBONIERE \ APERITIVO-SNACKS \ APER-SNACKS AMENDOIM";"11.271,000";"22";"8,35";"94.136,41";"0,08";"22.760,85";"0,02";"24,18";"2,41";"27.173,00";"0,09";"28,87";"54,30";"35,19";"61.009,82";"58.050,21";"0,00";"0,00";"0,00";"8.913,20";"0,00";"113,43";"789,84";"0,00";"27.173,00";"0,09";"31,88";"1.859,367";"0,02";"1.657,150";"0,000";"0,000";"0,00";"0,00";"0,00"
"21,97";"MERCEARIA \ BOMBONIERE \ APERITIVO-SNACKS \ APER-SNACKS INTEGRAL";"430,000";"2";"7,56";"3.252,61";"0,00";"3.260,61";"0,00";"100,25";"2,54";"1.093,11";"0,00";"33,61";"75,00";"42,86";"1.858,63";"1.858,63";"0,00";"0,00";"0,00";"300,87";"0,00";"4,29";"28,11";"0,00";"1.093,11";"0,00";"37,03";"33,540";"0,00";"30,100";"0,000";"0,000";"0,00";"0,00";"0,00"
"21,98";"MERCEARIA \ BOMBONIERE \ APERITIVO-SNACKS \ APER-SNACKS MIX";"812,000";"2";"14,75";"11.977,40";"0,01";"0,00";"0,00";"0,00";"3,90";"3.169,06";"0,01";"26,46";"56,73";"36,20";"7.642,14";"5.982,15";"224,45";"0,00";"0,00";"2.601,75";"0,00";"0,36";"33,44";"0,00";"3.393,50";"0,01";"36,19";"173,264";"0,00";"1,600";"0,007";"1.711.057,143";"0,00";"0,00";"0,00"
"21,98";"MERCEARIA \ BOMBONIERE \ APERITIVO-SNACKS \ APERITIVO-SNACK TORRESMO";"318,000";"1";"8,01";"2.548,20";"0,00";"0,00";"0,00";"0,00";"2,59";"825,00";"0,00";"32,38";"58,69";"36,98";"1.605,79";"1.487,49";"0,00";"0,00";"0,00";"235,71";"0,00";"3,17";"22,27";"0,00";"825,00";"0,00";"35,68";"16,854";"0,00";"0,000";"0,000";"0,000";"0,00";"0,00";"0,00"
"21,99";"MERCEARIA \ BOMBONIERE \ APERITIVO-SNACKS \ OVINHOS DE AMENDOIM";"1.265,000";"1";"8,32";"10.526,47";"0,01";"8.128,18";"0,01";"77,22";"2,26";"2.856,45";"0,01";"27,14";"45,51";"31,28";"7.234,01";"6.696,32";"0,00";"0,00";"0,00";"973,70";"0,00";"12,61";"89,20";"0,00";"2.856,45";"0,01";"29,90";"189,750";"0,00";"183,425";"0,000";"0,000";"0,00";"0,00";"0,00"
"22,06";"MERCEARIA \ BOMBONIERE \ BISCOITOS \ BISCOITO COM COBERTURA";"11.089,000";"6";"7,06";"78.282,85";"0,07";"76.690,32";"0,06";"97,97";"1,64";"18.207,27";"0,06";"23,26";"46,84";"31,90";"53.310,98";"52.834,41";"0,00";"0,00";"0,00";"7.241,16";"0,00";"110,47";"652,70";"0,00";"18.207,27";"0,06";"25,63";"1.075,633";"0,01";"871,794";"0,000";"0,000";"0,00";"0,00";"0,00"
"22,82";"MERCEARIA \ BOMBONIERE \ CHOCOLATES \ BOMBONS";"85.078,000";"27";"10,66";"906.959,87";"0,76";"789.751,73";"0,66";"87,08";"-1,89";"-160.914,88";"-0,54";"-17,74";"-8,19";"-8,92";"987.853,51";"978.081,00";"0,00";"0,00";"0,00";"89.793,75";"0,00";"814,77";"7.279,85";"0,00";"-160.914,88";"-0,53";"-19,69";"19.691,945";"0,26";"3.506,634";"0,000";"0,000";"0,00";"0,00";"0,00"
"23,28";"MERCEARIA \ BOMBONIERE \ CHOCOLATES \ CHOCOLATES BARRA";"75.122,000";"72";"7,39";"555.182,76";"0,46";"446.935,93";"0,37";"80,50";"0,36";"26.727,45";"0,09";"4,81";"15,80";"13,64";"479.445,56";"468.949,26";"0,00";"0,00";"0,00";"59.506,05";"0,00";"513,38";"4.448,73";"0,00";"26.727,45";"0,09";"5,39";"6.190,329";"0,08";"3.460,854";"0,000";"0,000";"0,00";"0,00";"0,00"
"23,52";"MERCEARIA \ BOMBONIERE \ CHOCOLATES \ CHOCOLATES SACHE-TABLETE";"52.835,000";"37";"5,40";"285.560,18";"0,24";"213.790,74";"0,18";"74,87";"0,37";"19.300,69";"0,06";"6,76";"17,21";"14,68";"243.634,00";"239.605,63";"0,00";"0,00";"0,00";"26.653,86";"0,00";"230,46";"2.309,54";"0,00";"19.300,69";"0,06";"7,45";"3.306,061";"0,04";"209,062";"0,000";"0,000";"0,00";"0,00";"0,00"
"23,64";"MERCEARIA \ BOMBONIERE \ CHOCOLATES \ OVOS DE PASCOA";"2.482,000";"39";"58,31";"144.730,42";"0,12";"140.913,69";"0,12";"97,36";"-0,68";"-1.679,76";"-0,01";"-1,16";"3,41";"3,29";"139.964,30";"133.022,62";"0,00";"0,00";"0,00";"13.387,56";"0,00";"130,10";"1.177,14";"0,00";"-1.679,76";"-0,01";"-1,28";"476,730";"0,01";"368,235";"0,584";"247.826,062";"0,00";"0,00";"0,00"
"23,73";"MERCEARIA \ BOMBONIERE \ GULOUSEIMAS \ BALAS E GOMAS";"19.749,286";"44";"5,46";"107.743,09";"0,09";"26,45";"0,00";"0,02";"1,32";"26.070,42";"0,09";"24,20";"66,91";"40,09";"64.550,33";"50.160,16";"0,00";"0,00";"0,00";"31.512,51";"0,00";"66,23";"692,84";"0,00";"26.070,42";"0,09";"34,20";"903,807";"0,01";"648,936";"0,000";"0,000";"0,00";"0,00";"0,00"
"23,75";"MERCEARIA \ BOMBONIERE \ GULOUSEIMAS \ BARRA DE CEREAIS-FRUTAS";"4.670,000";"10";"5,46";"25.488,45";"0,02";"0,00";"0,00";"0,00";"1,53";"7.166,46";"0,02";"28,12";"53,90";"35,02";"16.561,56";"15.964,31";"0,00";"0,00";"0,00";"2.357,68";"0,00";"1,15";"188,61";"0,00";"7.166,46";"0,02";"30,98";"374,419";"0,01";"310,551";"0,000";"0,000";"0,00";"0,00";"0,00"
"23,77";"MERCEARIA \ BOMBONIERE \ GULOUSEIMAS \ CONFEITOS";"1.416,000";"6";"14,53";"20.581,39";"0,02";"0,00";"0,00";"0,00";"4,23";"5.984,10";"0,02";"29,08";"48,90";"32,84";"13.822,40";"12.693,51";"0,00";"0,00";"0,00";"1.903,78";"0,00";"14,53";"166,34";"0,00";"5.984,10";"0,02";"32,04";"185,210";"0,00";"108,656";"0,000";"0,000";"0,00";"0,00";"0,00"
"23,78";"MERCEARIA \ BOMBONIERE \ GULOUSEIMAS \ CREME";"579,000";"1";"29,91";"17.318,21";"0,01";"1.139,26";"0,00";"6,58";"8,00";"4.629,87";"0,02";"26,73";"56,21";"35,98";"11.086,40";"11.086,40";"0,00";"0,00";"0,00";"1.601,93";"0,00";"17,37";"139,02";"0,00";"4.629,87";"0,02";"29,46";"220,020";"0,00";"191,070";"0,000";"0,000";"0,00";"0,00";"0,00"
"23,80";"MERCEARIA \ BOMBONIERE \ GULOUSEIMAS \ DOCE VARIADO";"2.014,000";"15";"12,68";"25.543,00";"0,02";"1.990,10";"0,00";"7,79";"3,26";"6.555,68";"0,02";"25,67";"69,11";"40,87";"15.104,35";"12.350,99";"0,00";"0,00";"0,00";"6.636,34";"0,00";"17,40";"168,92";"0,00";"6.555,68";"0,02";"34,67";"399,972";"0,01";"337,632";"0,000";"0,000";"0,00";"0,00";"0,00"
"23,82";"MERCEARIA \ BOMBONIERE \ GULOUSEIMAS \ DROPS-PASTILHAS";"12.153,000";"10";"2,44";"29.696,41";"0,02";"0,00";"0,00";"0,00";"0,52";"6.292,08";"0,02";"21,19";"59,62";"37,35";"18.604,04";"14.713,50";"0,00";"0,00";"0,00";"8.690,83";"0,00";"0,11";"160,52";"0,00";"6.292,08";"0,02";"29,95";"339,939";"0,00";"222,728";"0,000";"0,000";"0,00";"0,00";"0,00"
"23,82";"MERCEARIA \ BOMBONIERE \ GULOUSEIMAS \ PIPOCA";"99,000";"3";"9,86";"976,30";"0,00";"0,00";"0,00";"0,00";"2,63";"260,76";"0,00";"26,71";"49,66";"33,18";"652,36";"625,23";"0,00";"0,00";"0,00";"90,31";"0,00";"0,99";"7,83";"0,00";"260,76";"0,00";"29,43";"3,198";"0,00";"8,090";"0,000";"0,000";"0,00";"0,00";"0,00"
"24,85";"MERCEARIA \ CEREAIS \ ARROZ \ ARROZ BRANCO";"105.115,000";"23";"11,74";"1.233.735,90";"1,03";"725.271,90";"0,61";"58,79";"2,49";"262.248,80";"0,87";"21,26";"29,81";"22,97";"950.396,91";"913.768,37";"0,00";"0,00";"0,00";"57.718,73";"0,00";"12,69";"101,06";"0,00";"262.248,80";"0,87";"22,30";"279.658,789";"3,74";"24.729,000";"0,000";"0,000";"0,00";"0,00";"0,00"
"24,87";"MERCEARIA \ CEREAIS \ ARROZ \ ARROZ ESPECIAL-INTEGRAL";"3.625,000";"10";"7,38";"26.762,48";"0,02";"13.506,07";"0,01";"50,47";"2,31";"8.372,96";"0,03";"31,29";"57,86";"36,65";"16.953,50";"15.455,46";"0,00";"0,00";"0,00";"2.934,06";"0,00";"2,73";"24,02";"0,00";"8.372,96";"0,03";"35,14";"2.980,150";"0,04";"2.561,500";"0,000";"0,000";"0,00";"0,00";"0,00"
"25,05";"MERCEARIA \ CEREAIS \ ARROZ \ ARROZ PARBOILIZADO";"22.698,000";"11";"9,41";"213.540,59";"0,18";"95.286,56";"0,08";"44,62";"2,18";"49.572,36";"0,16";"23,21";"33,87";"25,30";"159.518,37";"153.444,03";"0,00";"0,00";"0,00";"10.524,20";"0,00";"2,60";"19,96";"0,00";"49.572,36";"0,16";"24,42";"23.214,253";"0,31";"4.962,000";"0,000";"0,000";"0,00";"0,00";"0,00"
"25,05";"MERCEARIA \ CEREAIS \ FARINACEOS \ CEVADA";"13,000";"1";"11,99";"155,87";"0,00";"0,00";"0,00";"0,00";"2,85";"37,05";"0,00";"23,77";"64,61";"39,25";"94,69";"73,25";"0,00";"0,00";"0,00";"45,56";"0,00";"0,13";"1,04";"0,00";"37,05";"0,00";"33,59";"0,000";"0,00";"0,000";"0,000";"0,000";"0,00";"0,00";"0,00"
"25,05";"MERCEARIA \ CEREAIS \ FARINACEOS \ CURAU";"206,000";"1";"7,01";"1.443,56";"0,00";"0,00";"0,00";"0,00";"1,69";"348,14";"0,00";"24,12";"51,87";"34,15";"950,52";"672,90";"0,00";"0,00";"0,00";"422,52";"0,00";"0,06";"8,31";"0,00";"348,14";"0,00";"34,10";"0,000";"0,00";"0,000";"0,000";"0,000";"0,00";"0,00";"0,00"
"25,06";"MERCEARIA \ CEREAIS \ FARINACEOS \ CUSCUZ";"1.966,000";"3";"4,39";"8.640,37";"0,01";"0,00";"0,00";"0,00";"1,45";"2.843,77";"0,01";"32,91";"75,93";"43,16";"4.911,36";"3.767,75";"0,00";"0,00";"0,00";"2.028,85";"0,00";"1,27";"10,41";"0,00";"2.843,77";"0,01";"43,01";"952,655";"0,01";"925,000";"0,000";"0,000";"0,00";"0,00";"0,00"
"25,24";"MERCEARIA \ CEREAIS \ FARINACEOS \ FARINHA DE MANDIOCA";"35.374,000";"13";"6,02";"212.890,40";"0,18";"60.065,48";"0,05";"28,21";"2,39";"84.700,94";"0,28";"39,79";"74,73";"42,77";"121.836,88";"113.308,13";"0,00";"0,00";"0,00";"14.881,33";"0,00";"1,00";"10,69";"0,00";"84.700,94";"0,28";"42,78";"30.646,722";"0,41";"21.229,000";"0,000";"0,000";"0,00";"0,00";"0,00"
"25,25";"MERCEARIA \ CEREAIS \ FARINACEOS \ FARINHA DE MILHO";"2.194,000";"5";"6,21";"13.632,90";"0,01";"0,00";"0,00";"0,00";"1,52";"3.343,07";"0,01";"24,52";"57,35";"36,45";"8.664,09";"7.281,09";"0,00";"0,00";"0,00";"3.008,74";"0,00";"0,03";"0,15";"0,00";"3.343,07";"0,01";"31,47";"978,111";"0,01";"394,500";"0,086";"158.522,093";"0,00";"0,00";"0,00"
"25,27";"MERCEARIA \ CEREAIS \ FARINACEOS \ FARINHA DE ROSCA";"2.554,000";"4";"8,29";"21.184,78";"0,02";"0,00";"0,00";"0,00";"2,27";"5.804,17";"0,02";"27,40";"69,52";"41,01";"12.497,05";"9.184,84";"0,00";"0,00";"0,00";"6.195,77";"0,00";"4,49";"130,80";"0,00";"5.804,17";"0,02";"38,72";"706,004";"0,01";"1.066,600";"0,000";"0,000";"0,00";"0,00";"0,00"
"25,46";"MERCEARIA \ CEREAIS \ FARINACEOS \ FARINHA DE TRIGO";"51.910,000";"13";"4,36";"226.419,91";"0,19";"166.979,30";"0,14";"73,75";"1,27";"65.699,32";"0,22";"29,02";"54,10";"35,11";"146.934,84";"144.903,05";"0,00";"0,00";"0,00";"15.817,54";"0,00";"0,00";"0,00";"0,00";"65.699,32";"0,22";"31,20";"51.830,771";"0,69";"12.973,000";"0,000";"0,000";"0,00";"0,00";"0,00"
"25,63";"MERCEARIA \ CEREAIS \ FARINACEOS \ FAROFA PRONTA";"25.879,000";"15";"8,04";"208.017,71";"0,17";"125.042,96";"0,10";"60,11";"1,99";"51.393,79";"0,17";"24,71";"63,95";"39,01";"126.877,59";"95.765,29";"0,00";"0,00";"0,00";"60.858,64";"0,00";"181,90";"1.323,22";"0,00";"51.393,79";"0,17";"34,92";"8.245,242";"0,11";"4.192,850";"0,000";"0,000";"0,00";"0,00";"0,00"
"25,75";"MERCEARIA \ CEREAIS \ FARINACEOS \ FLOCOS DE MILHO";"37.816,000";"4";"3,70";"140.097,18";"0,12";"37.712,57";"0,03";"26,92";"1,29";"48.835,78";"0,16";"34,86";"81,20";"44,81";"77.317,97";"60.306,38";"0,00";"0,00";"0,00";"30.955,02";"0,00";"0,22";"2,81";"0,00";"48.835,78";"0,16";"44,75";"17.355,396";"0,23";"18.563,000";"0,000";"0,000";"0,00";"0,00";"0,00"
"25,79";"MERCEARIA \ CEREAIS \ FARINACEOS \ FUBA";"11.573,000";"5";"4,38";"50.734,09";"0,04";"0,00";"0,00";"0,00";"1,86";"21.580,84";"0,07";"42,54";"84,42";"45,78";"27.510,41";"25.584,62";"0,00";"0,00";"0,00";"3.568,63";"0,00";"0,00";"0,00";"0,00";"21.580,84";"0,07";"45,76";"8.321,453";"0,11";"9.673,500";"0,000";"0,000";"0,00";"0,00";"0,00"
"25,79";"MERCEARIA \ CEREAIS \ FARINACEOS \ GERMEN DE TRIGO";"15,000";"1";"19,31";"289,72";"0,00";"0,00";"0,00";"0,00";"4,67";"70,03";"0,00";"24,17";"67,49";"40,29";"172,98";"134,99";"0,00";"0,00";"0,00";"84,70";"0,00";"0,15";"1,89";"0,00";"70,03";"0,00";"34,16";"0,000";"0,00";"7,500";"0,000";"0,000";"0,00";"0,00";"0,00"
"25,82";"MERCEARIA \ CEREAIS \ FARINACEOS \ GRANOLA";"3.193,000";"13";"12,89";"41.150,57";"0,03";"29.104,34";"0,02";"70,73";"3,69";"11.779,66";"0,04";"28,63";"71,85";"41,81";"23.946,12";"20.339,36";"0,00";"0,00";"0,00";"9.031,55";"0,00";"32,24";"284,64";"0,00";"11.779,66";"0,04";"36,68";"1.396,137";"0,02";"1.269,200";"0,000";"0,000";"0,00";"0,00";"0,00"
"25,82";"MERCEARIA \ CEREAIS \ FARINACEOS \ LEVEDO";"17,000";"1";"13,99";"237,83";"0,00";"0,00";"0,00";"0,00";"2,75";"46,83";"0,00";"19,69";"50,49";"33,55";"158,04";"121,48";"0,00";"0,00";"0,00";"69,52";"0,00";"0,17";"1,53";"0,00";"46,83";"0,00";"27,82";"0,000";"0,00";"2,550";"0,000";"0,000";"0,00";"0,00";"0,00"
"25,82";"MERCEARIA \ CEREAIS \ FARINACEOS \ MISTURA FARINHAS";"82,000";"1";"14,01";"1.149,14";"0,00";"0,00";"0,00";"0,00";"5,55";"455,13";"0,00";"39,61";"150,29";"60,05";"459,13";"358,14";"0,00";"0,00";"0,00";"335,87";"0,00";"0,82";"7,40";"0,00";"455,13";"0,00";"55,96";"17,220";"0,00";"16,400";"0,000";"0,000";"0,00";"0,00";"0,00"
"25,83";"MERCEARIA \ CEREAIS \ FARINACEOS \ POLVILHO";"1.152,000";"4";"7,62";"8.775,08";"0,01";"0,00";"0,00";"0,00";"2,32";"2.675,93";"0,01";"30,49";"75,81";"43,12";"4.991,20";"3.532,94";"0,00";"0,00";"0,00";"2.566,21";"0,00";"7,55";"53,77";"0,00";"2.675,93";"0,01";"43,10";"507,410";"0,01";"362,000";"0,000";"0,000";"0,00";"0,00";"0,00"
"25,83";"MERCEARIA \ CEREAIS \ FARINACEOS \ PROTEINA";"195,000";"2";"14,47";"2.822,13";"0,00";"0,00";"0,00";"0,00";"4,23";"825,38";"0,00";"29,25";"60,00";"37,50";"1.763,78";"1.375,54";"0,00";"0,00";"0,00";"621,21";"0,00";"0,04";"7,79";"0,00";"825,38";"0,00";"37,50";"80,535";"0,00";"78,000";"0,000";"0,000";"0,00";"0,00";"0,00"
"25,83";"MERCEARIA \ CEREAIS \ FARINACEOS \ QUINOA";"16,000";"1";"23,99";"383,84";"0,00";"0,00";"0,00";"0,00";"5,77";"92,35";"0,00";"24,06";"67,43";"40,27";"229,25";"179,32";"0,00";"0,00";"0,00";"112,17";"0,00";"0,32";"2,40";"0,00";"92,35";"0,00";"33,99";"0,000";"0,00";"0,000";"0,000";"0,000";"0,00";"0,00";"0,00"
"25,84";"MERCEARIA \ CEREAIS \ FARINACEOS \ SEMENTES";"789,000";"5";"9,62";"7.586,36";"0,01";"4.903,92";"0,00";"64,64";"3,46";"2.728,19";"0,01";"35,96";"124,16";"55,39";"3.384,42";"2.639,79";"0,00";"0,00";"0,00";"2.218,38";"0,00";"0,04";"20,59";"0,00";"2.728,19";"0,01";"50,82";"45,652";"0,00";"106,100";"0,000";"0,000";"0,00";"0,00";"0,00"
"25,96";"MERCEARIA \ CEREAIS \ FARINACEOS \ TAPIOCA";"20.763,000";"6";"6,66";"138.354,01";"0,12";"56.949,20";"0,05";"41,16";"1,83";"37.953,87";"0,13";"27,43";"73,32";"42,30";"79.825,80";"59.918,95";"0,00";"0,00";"0,00";"40.481,20";"0,00";"0,00";"0,00";"0,00";"37.953,87";"0,13";"38,78";"9.748,654";"0,13";"5.577,700";"0,000";"0,000";"0,00";"0,00";"0,00"
"25,97";"MERCEARIA \ CEREAIS \ FARINACEOS \ TRIGO PARA KIBE";"1.977,000";"3";"6,00";"11.864,24";"0,01";"3.137,96";"0,00";"26,45";"1,50";"2.970,65";"0,01";"25,04";"59,50";"37,30";"7.438,57";"5.421,75";"0,00";"0,00";"0,00";"3.471,84";"0,00";"0,08";"73,59";"0,00";"2.970,65";"0,01";"35,40";"949,746";"0,01";"698,000";"0,000";"0,000";"0,00";"0,00";"0,00"
"26,21";"MERCEARIA \ CEREAIS \ FEIJAO \ FEIJAO COLORIDO";"34.813,000";"30";"8,15";"283.575,46";"0,24";"89.691,40";"0,07";"31,63";"2,58";"89.885,86";"0,30";"31,70";"52,40";"34,38";"186.076,41";"180.120,46";"0,00";"0,00";"0,00";"13.569,14";"0,00";"0,00";"0,00";"0,00";"89.885,86";"0,30";"33,29";"19.979,002";"0,27";"11.396,600";"0,000";"0,000";"0,00";"0,00";"0,00"
"26,78";"MERCEARIA \ CEREAIS \ FEIJAO \ FEIJAO PRETO";"115.160,000";"7";"5,94";"684.317,84";"0,57";"405.742,59";"0,34";"59,29";"1,37";"157.915,43";"0,53";"23,08";"32,79";"24,69";"515.328,57";"494.618,92";"0,00";"0,00";"0,00";"31.783,49";"0,00";"0,00";"0,00";"0,00";"157.915,43";"0,52";"24,20";"116.533,184";"1,56";"78.953,000";"0,000";"0,000";"0,00";"0,00";"0,00"
"26,80";"MERCEARIA \ CEREAIS \ GRAOS \ AMENDOIM";"1.960,000";"2";"9,30";"18.219,32";"0,02";"0,00";"0,00";"0,00";"2,34";"4.593,06";"0,02";"25,21";"61,32";"38,01";"11.293,64";"8.295,71";"0,00";"0,00";"0,00";"5.330,55";"0,00";"0,02";"39,43";"0,00";"4.593,06";"0,02";"35,64";"394,740";"0,01";"593,000";"0,000";"0,000";"0,00";"0,00";"0,00"
"26,87";"MERCEARIA \ CEREAIS \ GRAOS \ CANJICA";"18.739,000";"6";"4,22";"79.007,19";"0,07";"47.537,63";"0,04";"60,17";"1,37";"25.625,78";"0,09";"32,43";"85,57";"46,11";"42.575,86";"31.111,75";"0,00";"0,00";"0,00";"22.269,67";"0,00";"0,00";"0,00";"0,00";"25.625,78";"0,08";"45,17";"8.703,868";"0,12";"8.072,600";"0,000";"0,000";"0,00";"0,00";"0,00"
"27,02";"MERCEARIA \ CEREAIS \ GRAOS \ ERVILHA CEREAIS";"28.321,000";"5";"6,52";"184.654,86";"0,15";"169.520,84";"0,14";"91,80";"1,92";"54.439,90";"0,18";"29,48";"67,73";"40,38";"110.090,63";"85.872,63";"3.643,43";"0,00";"0,00";"40.698,90";"0,00";"0,69";"574,33";"0,00";"58.083,33";"0,19";"40,35";"12.502,415";"0,17";"11.730,800";"0,000";"0,000";"0,00";"0,00";"0,00"
"27,02";"MERCEARIA \ CEREAIS \ GRAOS \ GERGELIM";"33,000";"1";"16,04";"529,30";"0,00";"0,00";"0,00";"0,00";"3,79";"125,04";"0,00";"23,62";"65,27";"39,49";"320,27";"249,57";"0,00";"0,00";"0,00";"154,69";"0,00";"0,00";"1,32";"0,00";"125,04";"0,00";"33,38";"0,000";"0,00";"0,000";"0,000";"0,000";"0,00";"0,00";"0,00"
"27,03";"MERCEARIA \ CEREAIS \ GRAOS \ GRAO DE BICO";"1.377,000";"4";"10,72";"14.767,05";"0,01";"0,00";"0,00";"0,00";"3,19";"4.388,36";"0,01";"29,72";"68,11";"40,52";"8.784,05";"6.851,59";"273,82";"0,00";"0,00";"3.253,28";"0,00";"0,08";"43,58";"0,00";"4.662,18";"0,02";"40,49";"626,749";"0,01";"423,800";"0,000";"0,000";"0,00";"0,00";"0,00"
"27,04";"MERCEARIA \ CEREAIS \ GRAOS \ LENTILHA";"1.342,000";"3";"10,53";"14.131,18";"0,01";"0,00";"0,00";"0,00";"2,97";"3.989,53";"0,01";"28,23";"63,13";"38,70";"8.662,42";"6.756,69";"270,49";"0,00";"0,00";"3.114,47";"0,00";"0,09";"41,57";"0,00";"4.260,02";"0,01";"38,67";"559,477";"0,01";"542,600";"0,000";"0,000";"0,00";"0,00";"0,00"
"27,20";"MERCEARIA \ CEREAIS \ GRAOS \ MILHO PIPOCA";"44.405,000";"20";"4,33";"192.253,24";"0,16";"166.752,71";"0,14";"86,74";"1,31";"58.304,30";"0,19";"30,33";"73,64";"42,41";"110.718,39";"89.049,68";"0,00";"0,00";"0,00";"44.899,26";"0,00";"3,89";"820,24";"0,00";"58.304,30";"0,19";"39,57";"15.227,897";"0,20";"13.637,520";"0,000";"0,000";"0,00";"0,00";"0,00"
"27,20";"MERCEARIA \ CEREAIS \ GRAOS \ SAGU";"179,000";"1";"9,00";"1.611,10";"0,00";"0,00";"0,00";"0,00";"2,78";"498,44";"0,00";"30,94";"65,91";"39,73";"971,08";"757,44";"0,00";"0,00";"0,00";"355,22";"0,00";"1,79";"10,78";"0,00";"498,44";"0,00";"39,69";"91,648";"0,00";"89,500";"0,000";"0,000";"0,00";"0,00";"0,00"
"27,30";"MERCEARIA \ CONSERVAS \ ATOMATADOS \ EXTRATO DE TOMATE";"16.270,000";"10";"7,55";"122.776,26";"0,10";"16.464,93";"0,01";"13,41";"2,14";"34.852,92";"0,12";"28,39";"56,54";"36,12";"78.430,85";"76.566,53";"0,00";"0,00";"0,00";"11.356,80";"0,00";"128,30";"1.023,69";"0,00";"34.852,92";"0,12";"31,28";"4.738,752";"0,06";"3.016,690";"0,000";"0,000";"0,00";"0,00";"0,00"
"27,68";"MERCEARIA \ CONSERVAS \ ATOMATADOS \ MOLHOS DE TOMATE";"220.155,000";"28";"2,07";"455.247,04";"0,38";"74.181,74";"0,06";"16,29";"0,68";"148.755,08";"0,50";"32,68";"68,08";"40,50";"270.859,19";"264.381,61";"0,00";"0,00";"0,00";"42.110,35";"0,00";"59,95";"3.828,74";"0,00";"148.755,08";"0,49";"36,01";"69.304,984";"0,93";"37.034,140";"0,000";"0,000";"0,00";"0,00";"0,00"
"27,70";"MERCEARIA \ CONSERVAS \ ATOMATADOS \ PASSATA DE TOMATE";"1.717,000";"5";"11,42";"19.613,69";"0,02";"0,00";"0,00";"0,00";"3,24";"5.564,90";"0,02";"28,37";"52,70";"34,51";"12.844,62";"12.234,52";"0,00";"0,00";"0,00";"1.814,27";"0,00";"13,72";"158,82";"0,00";"5.564,90";"0,02";"31,26";"1.217,581";"0,02";"631,040";"0,000";"0,000";"0,00";"0,00";"0,00"
"27,70";"MERCEARIA \ CONSERVAS \ ATOMATADOS \ POLPA DE TOMATE";"913,000";"2";"6,51";"5.947,34";"0,00";"0,00";"0,00";"0,00";"2,09";"1.911,00";"0,01";"32,13";"60,91";"37,85";"3.696,11";"3.486,21";"0,00";"0,00";"0,00";"550,13";"0,00";"9,14";"50,68";"0,00";"1.911,00";"0,01";"35,41";"264,696";"0,00";"255,840";"0,000";"0,000";"0,00";"0,00";"0,00"
"27,70";"MERCEARIA \ CONSERVAS \ ATOMATADOS \ TOMATE PELADO";"419,000";"4";"9,89";"4.143,47";"0,00";"0,00";"0,00";"0,00";"3,52";"1.473,51";"0,00";"35,56";"69,64";"41,05";"2.442,48";"2.286,69";"0,00";"0,00";"0,00";"383,27";"0,00";"4,18";"33,14";"0,00";"1.473,51";"0,00";"39,19";"189,365";"0,00";"151,600";"0,000";"0,000";"0,00";"0,00";"0,00"
"27,85";"MERCEARIA \ CONSERVAS \ CONDIMENTOS \ CONDIMENTOS";"39.443,000";"50";"4,42";"174.421,08";"0,15";"0,00";"0,00";"0,00";"1,58";"62.212,42";"0,21";"35,67";"95,41";"48,83";"89.259,05";"68.584,45";"42,78";"0,00";"0,00";"43.581,44";"0,00";"49,88";"1.145,91";"0,00";"62.255,19";"0,21";"47,58";"793,313";"0,01";"101,744";"0,000";"0,000";"0,00";"0,00";"0,00"
"27,87";"MERCEARIA \ CONSERVAS \ MAIONESE \ MAIONESE ESPECIAL";"1.604,000";"4";"15,36";"24.637,33";"0,02";"0,00";"0,00";"0,00";"3,59";"5.758,25";"0,02";"23,37";"42,32";"29,74";"17.311,29";"16.600,13";"0,00";"0,00";"0,00";"2.278,95";"0,00";"16,73";"197,97";"0,00";"5.758,25";"0,02";"25,75";"765,172";"0,01";"178,160";"0,000";"0,000";"0,00";"0,00";"0,00"
"28,22";"MERCEARIA \ CONSERVAS \ MAIONESE \ MAIONESE TRADICIONAL";"39.848,000";"17";"10,60";"422.252,53";"0,35";"114.401,80";"0,10";"27,09";"2,74";"109.227,05";"0,36";"25,87";"54,95";"35,46";"272.507,91";"251.846,17";"0,00";"0,00";"0,00";"61.179,32";"0,00";"359,64";"3.279,97";"0,00";"109.227,05";"0,36";"30,25";"20.074,140";"0,27";"6.434,810";"0,000";"0,000";"0,00";"0,00";"0,00"
"28,42";"MERCEARIA \ CONSERVAS \ MOLHOS \ CATCHUP";"31.015,000";"22";"7,83";"242.971,92";"0,20";"88.063,74";"0,07";"36,24";"2,38";"73.846,28";"0,25";"30,39";"65,14";"39,45";"147.130,52";"135.906,08";"0,00";"0,00";"0,00";"33.219,57";"0,00";"204,77";"1.907,75";"0,00";"73.846,28";"0,24";"35,21";"13.891,566";"0,19";"12.696,930";"0,843";"288.222,918";"0,00";"0,00";"0,00"
"28,43";"MERCEARIA \ CONSERVAS \ MOLHOS \ MOLHO BARBECUE";"1.205,000";"4";"10,28";"12.385,17";"0,01";"0,00";"0,00";"0,00";"3,50";"4.215,82";"0,01";"34,04";"63,84";"38,96";"7.559,42";"7.023,72";"0,00";"0,00";"0,00";"1.145,63";"0,00";"15,11";"105,42";"0,00";"4.215,82";"0,01";"37,51";"349,561";"0,00";"47,190";"0,000";"0,000";"0,00";"0,00";"0,00"
"28,43";"MERCEARIA \ CONSERVAS \ MOLHOS \ MOLHO DE ALHO";"987,000";"3";"4,60";"4.541,76";"0,00";"2.515,51";"0,00";"55,39";"1,63";"1.609,93";"0,01";"35,45";"70,35";"41,30";"2.666,06";"2.511,71";"0,00";"0,00";"0,00";"420,11";"0,00";"0,16";"36,45";"0,00";"1.609,93";"0,01";"39,06";"74,800";"0,00";"45,150";"0,077";"58.983,896";"0,00";"0,00";"0,00"
"28,44";"MERCEARIA \ CONSERVAS \ MOLHOS \ MOLHO DE PIMENTA";"3.075,000";"8";"5,75";"17.688,80";"0,01";"7.878,77";"0,01";"44,54";"1,80";"5.549,00";"0,02";"31,37";"59,44";"37,28";"11.094,01";"10.349,84";"0,00";"0,00";"0,00";"1.789,96";"0,00";"4,81";"140,79";"0,00";"5.549,00";"0,02";"34,90";"286,503";"0,00";"133,510";"0,153";"115.613,072";"0,00";"0,00";"0,00"
"28,47";"MERCEARIA \ CONSERVAS \ MOLHOS \ MOLHO ESPECIAL";"3.784,000";"15";"8,57";"32.422,90";"0,03";"5.117,83";"0,00";"15,78";"2,75";"10.419,62";"0,03";"32,14";"56,34";"36,04";"20.738,82";"19.004,16";"0,00";"0,00";"0,00";"2.999,12";"0,00";"36,98";"268,25";"0,00";"10.419,62";"0,03";"35,41";"841,307";"0,01";"663,535";"0,009";"3.602.544,444";"0,00";"0,00";"0,00"
"28,48";"MERCEARIA \ CONSERVAS \ MOLHOS \ MOLHO INGLES";"1.427,000";"4";"5,15";"7.350,89";"0,01";"3.714,85";"0,00";"50,54";"1,64";"2.335,57";"0,01";"31,77";"65,46";"39,56";"4.442,72";"4.060,91";"0,00";"0,00";"0,00";"954,40";"0,00";"0,92";"57,62";"0,00";"2.335,57";"0,01";"36,51";"181,062";"0,00";"51,150";"0,087";"84.492,989";"0,00";"0,00";"0,00"
"28,49";"MERCEARIA \ CONSERVAS \ MOLHOS \ MOLHO MADEIRA";"1.170,000";"2";"5,83";"6.822,50";"0,01";"0,00";"0,00";"0,00";"1,95";"2.285,56";"0,01";"33,50";"59,49";"37,30";"4.277,59";"3.905,86";"0,00";"0,00";"0,00";"631,08";"0,00";"11,36";"58,00";"0,00";"2.285,56";"0,01";"36,91";"308,202";"0,00";"292,400";"0,000";"0,000";"0,00";"0,00";"0,00"
"28,49";"MERCEARIA \ CONSERVAS \ MOLHOS \ MOLHO P.LANCHE";"389,000";"2";"9,08";"3.532,01";"0,00";"0,00";"0,00";"0,00";"3,05";"1.186,47";"0,00";"33,59";"67,15";"40,17";"2.113,10";"2.018,83";"0,00";"0,00";"0,00";"326,71";"0,00";"3,80";"29,51";"0,00";"1.186,47";"0,00";"37,02";"53,680";"0,00";"101,000";"0,000";"0,000";"0,00";"0,00";"0,00"
"28,50";"MERCEARIA \ CONSERVAS \ MOLHOS \ MOLHO P.SALADA";"707,000";"9";"9,02";"6.374,70";"0,01";"0,00";"0,00";"0,00";"2,63";"1.862,64";"0,01";"29,22";"49,19";"32,97";"4.272,96";"3.922,40";"0,00";"0,00";"0,00";"589,66";"0,00";"7,08";"49,80";"0,00";"1.862,64";"0,01";"32,20";"195,794";"0,00";"165,672";"0,000";"0,000";"0,00";"0,00";"0,00"
"28,52";"MERCEARIA \ CONSERVAS \ MOLHOS \ MOLHO SHOYU";"3.525,000";"9";"5,98";"21.085,44";"0,02";"6.369,64";"0,01";"30,21";"2,02";"7.128,19";"0,02";"33,81";"62,70";"38,54";"12.960,02";"12.006,85";"0,00";"0,00";"0,00";"1.950,40";"0,00";"5,17";"168,88";"0,00";"7.128,19";"0,02";"37,25";"667,350";"0,01";"249,250";"0,119";"177.188,571";"0,00";"0,00";"0,00"
"28,52";"MERCEARIA \ CONSERVAS \ MOLHOS \ MOLHO VERDE";"371,000";"1";"8,99";"3.333,92";"0,00";"0,00";"0,00";"0,00";"3,09";"1.144,74";"0,00";"34,34";"64,05";"39,04";"2.032,29";"1.880,79";"0,00";"0,00";"0,00";"308,39";"0,00";"3,70";"25,93";"0,00";"1.144,74";"0,00";"37,84";"85,330";"0,00";"74,200";"0,000";"0,000";"0,00";"0,00";"0,00"
"28,57";"MERCEARIA \ CONSERVAS \ MOLHOS \ MOSTARDAS";"6.971,000";"13";"9,34";"65.140,86";"0,05";"23.149,45";"0,02";"35,54";"2,95";"20.592,01";"0,07";"31,61";"63,20";"38,73";"39.913,61";"37.184,35";"0,00";"0,00";"0,00";"7.364,50";"0,00";"69,92";"520,66";"0,00";"20.592,01";"0,07";"35,64";"1.989,320";"0,03";"683,400";"0,000";"0,000";"0,00";"0,00";"0,00"
"28,57";"MERCEARIA \ CONSERVAS \ PASTAS \ PASTAS CONSERVA";"116,000";"2";"11,80";"1.368,70";"0,00";"0,00";"0,00";"0,00";"2,95";"342,28";"0,00";"25,01";"44,07";"30,59";"950,02";"819,02";"0,00";"0,00";"0,00";"207,40";"0,00";"0,50";"5,89";"0,00";"342,28";"0,00";"29,47";"0,000";"0,00";"16,170";"0,000";"0,000";"0,00";"0,00";"0,00"
"28,59";"MERCEARIA \ CONSERVAS \ PASTAS \ PATES CONSERVA";"2.723,000";"10";"10,34";"28.155,85";"0,02";"17.349,42";"0,01";"61,62";"3,02";"8.211,41";"0,03";"29,16";"54,72";"35,37";"18.198,35";"17.340,03";"0,00";"0,00";"0,00";"2.604,42";"0,00";"27,21";"226,14";"0,00";"8.211,41";"0,03";"32,14";"479,818";"0,01";"172,060";"0,082";"343.364,024";"0,00";"0,00";"0,00"
"28,70";"MERCEARIA \ CONSERVAS \ PESCADOS EM CONSERVA \ ATUM";"12.888,000";"18";"10,58";"136.318,97";"0,11";"65.620,64";"0,05";"48,14";"3,10";"39.909,82";"0,13";"29,28";"54,67";"35,35";"88.134,35";"83.799,65";"0,00";"0,00";"0,00";"12.609,50";"0,00";"128,87";"1.112,17";"0,00";"39.909,82";"0,13";"32,26";"2.616,687";"0,03";"1.600,650";"1,822";"74.818,315";"0,00";"0,00";"0,00"
"28,87";"MERCEARIA \ CONSERVAS \ PESCADOS EM CONSERVA \ SARDINHA";"29.149,000";"11";"6,92";"201.783,15";"0,17";"163.890,70";"0,14";"81,22";"1,77";"51.465,92";"0,17";"25,51";"50,55";"33,58";"134.032,96";"118.823,53";"0,00";"0,00";"0,00";"31.493,70";"0,00";"286,57";"1.506,21";"0,00";"51.465,92";"0,17";"30,22";"4.881,119";"0,07";"2.947,750";"2,147";"93.983,768";"0,00";"0,00";"0,00"
"28,87";"MERCEARIA \ CONSERVAS \ PRATOS PRONTOS \ ALMONDEGA";"149,000";"1";"14,03";"2.090,17";"0,00";"0,00";"0,00";"0,00";"3,99";"593,92";"0,00";"28,41";"47,31";"32,11";"1.418,92";"1.302,91";"0,00";"0,00";"0,00";"193,34";"0,00";"1,50";"16,48";"0,00";"593,92";"0,00";"31,31";"0,000";"0,00";"0,000";"0,000";"0,000";"0,00";"0,00";"0,00"
"28,87";"MERCEARIA \ CONSERVAS \ PRATOS PRONTOS \ FEIJOADA";"232,000";"1";"14,98";"3.475,36";"0,00";"0,00";"0,00";"0,00";"4,29";"995,35";"0,00";"28,64";"47,84";"32,36";"2.350,72";"2.158,54";"0,00";"0,00";"0,00";"321,47";"0,00";"2,34";"28,08";"0,00";"995,35";"0,00";"31,56";"0,000";"0,00";"0,000";"0,000";"0,000";"0,00";"0,00";"0,00"
"28,88";"MERCEARIA \ CONSERVAS \ PRATOS PRONTOS \ FIAMBRE";"579,000";"1";"12,98";"7.516,75";"0,01";"0,00";"0,00";"0,00";"3,45";"1.997,53";"0,01";"26,57";"43,08";"30,11";"5.253,49";"4.823,92";"0,00";"0,00";"0,00";"695,30";"0,00";"5,77";"63,48";"0,00";"1.997,53";"0,01";"29,28";"0,000";"0,00";"185,280";"0,000";"0,000";"0,00";"0,00";"0,00"
"28,89";"MERCEARIA \ CONSERVAS \ PRATOS PRONTOS \ SALSICHA EM CONSERVA";"2.531,000";"4";"5,51";"13.954,39";"0,01";"0,00";"0,00";"0,00";"1,46";"3.707,24";"0,01";"26,57";"45,94";"31,48";"9.561,49";"8.073,20";"0,00";"0,00";"0,00";"2.173,95";"0,00";"6,31";"108,75";"0,00";"3.707,24";"0,01";"31,47";"376,948";"0,01";"0,000";"0,000";"0,000";"0,00";"0,00";"0,00"
"28,91";"MERCEARIA \ CONSERVAS \ SAL \ SAL ESPECIAL";"2.244,000";"12";"8,93";"20.044,74";"0,02";"506,20";"0,00";"2,53";"2,51";"5.627,66";"0,02";"28,08";"48,29";"32,56";"13.517,70";"12.398,67";"0,00";"0,00";"0,00";"2.018,41";"0,00";"21,60";"155,08";"0,00";"5.627,66";"0,02";"31,22";"536,933";"0,01";"0,000";"0,000";"0,000";"0,00";"0,00";"0,00"
"28,94";"MERCEARIA \ CONSERVAS \ SAL \ SAL GROSSO";"5.891,000";"8";"6,06";"35.714,36";"0,03";"0,00";"0,00";"0,00";"2,50";"14.730,79";"0,05";"41,25";"101,57";"50,39";"17.718,27";"16.411,84";"0,00";"0,00";"0,00";"4.571,73";"0,00";"18,79";"127,06";"0,00";"14.730,79";"0,05";"47,30";"4.882,171";"0,07";"2.542,000";"0,000";"0,000";"0,00";"0,00";"0,00"
"29,06";"MERCEARIA \ CONSERVAS \ SAL \ SAL REFINADO";"31.053,000";"8";"4,81";"149.325,23";"0,12";"1.464,47";"0,00";"0,98";"2,14";"66.386,31";"0,22";"44,46";"133,19";"57,12";"64.036,66";"59.416,29";"0,00";"0,00";"0,00";"23.522,63";"0,00";"1,85";"10,56";"0,00";"66.386,31";"0,22";"52,77";"30.873,256";"0,41";"126,100";"0,000";"0,000";"0,00";"0,00";"0,00"
"29,08";"MERCEARIA \ CONSERVAS \ SOPAS E CREMES \ CREME";"2.949,000";"6";"8,03";"23.675,15";"0,02";"15.392,10";"0,01";"65,01";"1,82";"5.370,21";"0,02";"22,68";"63,46";"38,82";"14.483,66";"11.378,20";"0,00";"0,00";"0,00";"6.926,74";"0,00";"23,31";"147,81";"0,00";"5.370,21";"0,02";"32,06";"134,897";"0,00";"110,473";"0,000";"0,000";"0,00";"0,00";"0,00"
"29,10";"MERCEARIA \ CONSERVAS \ SOPAS E CREMES \ SOPA";"2.298,000";"13";"8,79";"20.200,55";"0,02";"0,00";"0,00";"0,00";"2,12";"4.863,77";"0,02";"24,08";"67,49";"40,29";"12.060,90";"9.426,43";"0,00";"0,00";"0,00";"5.910,35";"0,00";"13,88";"126,38";"0,00";"4.863,77";"0,02";"34,04";"304,660";"0,00";"273,762";"0,152";"132.898,355";"0,00";"0,00";"0,00"
"29,12";"MERCEARIA \ CONSERVAS \ TEMPEROS \ ALHO TEMPEROS";"1.872,000";"7";"12,91";"24.167,14";"0,02";"59,96";"0,00";"0,25";"3,38";"6.326,97";"0,02";"26,18";"55,69";"35,77";"15.522,68";"12.107,56";"412,99";"0,00";"0,00";"5.319,62";"0,00";"2,39";"58,33";"0,00";"6.739,96";"0,02";"35,76";"400,678";"0,01";"432,400";"0,000";"0,000";"0,00";"0,00";"0,00"
"29,22";"MERCEARIA \ CONSERVAS \ TEMPEROS \ CALDO";"35.873,000";"26";"3,29";"118.044,75";"0,10";"49.432,43";"0,04";"41,88";"0,88";"31.491,27";"0,10";"26,68";"79,04";"44,15";"65.930,83";"51.976,70";"0,00";"0,00";"0,00";"34.576,78";"0,00";"0,50";"757,12";"0,00";"31.491,27";"0,10";"37,73";"1.936,218";"0,03";"893,447";"0,000";"0,000";"0,00";"0,00";"0,00"
"29,45";"MERCEARIA \ CONSERVAS \ TEMPEROS \ TEMPEROS";"43.929,000";"80";"6,29";"276.131,58";"0,23";"41.432,78";"0,03";"15,00";"2,03";"89.273,22";"0,30";"32,33";"61,99";"38,27";"170.465,04";"158.050,20";"0,00";"0,00";"0,00";"28.808,16";"0,00";"254,94";"2.262,00";"0,00";"89.273,22";"0,30";"36,10";"3.247,409";"0,04";"1.023,225";"0,348";"793.481,552";"0,00";"0,00";"0,00"
"29,45";"MERCEARIA \ CONSERVAS \ VEGETAIS EM CONSERVA \ ALCAPARRA";"361,000";"2";"11,42";"4.121,60";"0,00";"0,00";"0,00";"0,00";"3,41";"1.230,56";"0,00";"29,86";"50,74";"33,66";"2.734,31";"2.509,80";"0,00";"0,00";"0,00";"381,25";"0,00";"3,59";"33,14";"0,00";"1.230,56";"0,00";"32,90";"81,327";"0,00";"21,500";"0,000";"0,000";"0,00";"0,00";"0,00"
"29,45";"MERCEARIA \ CONSERVAS \ VEGETAIS EM CONSERVA \ ASPARGO";"10,000";"1";"19,98";"199,80";"0,00";"0,00";"0,00";"0,00";"6,42";"64,21";"0,00";"32,14";"56,44";"36,08";"127,72";"117,10";"0,00";"0,00";"0,00";"18,48";"0,00";"0,20";"1,60";"0,00";"64,21";"0,00";"35,41";"0,000";"0,00";"2,050";"0,000";"0,000";"0,00";"0,00";"0,00"
"29,59";"MERCEARIA \ CONSERVAS \ VEGETAIS EM CONSERVA \ AZEITONA";"21.800,000";"43";"7,86";"171.347,03";"0,14";"86.813,64";"0,07";"50,67";"2,55";"55.691,43";"0,19";"32,50";"66,15";"39,81";"103.126,98";"99.806,00";"0,00";"0,00";"0,00";"15.849,60";"0,00";"201,03";"1.393,52";"0,00";"55.691,43";"0,18";"35,82";"4.562,140";"0,06";"1.928,620";"0,000";"0,000";"0,00";"0,00";"0,00"
"29,59";"MERCEARIA \ CONSERVAS \ VEGETAIS EM CONSERVA \ CEBOLINHA";"60,000";"1";"11,98";"718,80";"0,00";"0,00";"0,00";"0,00";"3,72";"222,96";"0,00";"31,02";"53,66";"34,92";"467,78";"429,35";"0,00";"0,00";"0,00";"66,49";"0,00";"0,60";"6,00";"0,00";"222,96";"0,00";"34,18";"0,000";"0,00";"0,000";"0,000";"0,000";"0,00";"0,00";"0,00"
"29,61";"MERCEARIA \ CONSERVAS \ VEGETAIS EM CONSERVA \ CHAMPIGNON";"3.337,000";"6";"8,06";"26.890,53";"0,02";"7.287,27";"0,01";"27,10";"1,60";"5.334,22";"0,02";"19,84";"55,57";"35,72";"17.285,55";"13.689,17";"0,00";"0,00";"0,00";"7.867,13";"0,00";"22,97";"165,55";"0,00";"5.334,22";"0,02";"28,04";"542,040";"0,01";"225,700";"0,000";"0,000";"0,00";"0,00";"0,00"
"29,61";"MERCEARIA \ CONSERVAS \ VEGETAIS EM CONSERVA \ COGUMELO";"42,000";"1";"13,01";"546,30";"0,00";"0,00";"0,00";"0,00";"2,26";"94,72";"0,00";"17,34";"49,50";"33,11";"365,41";"291,82";"0,00";"0,00";"0,00";"159,76";"0,00";"0,42";"3,38";"0,00";"94,72";"0,00";"24,50";"0,000";"0,00";"4,200";"0,000";"0,000";"0,00";"0,00";"0,00"
"29,63";"MERCEARIA \ CONSERVAS \ VEGETAIS EM CONSERVA \ DUETO ERVILHA E MILHO";"3.572,000";"2";"5,73";"20.450,92";"0,02";"0,00";"0,00";"0,00";"1,78";"6.355,64";"0,02";"31,08";"59,74";"37,40";"12.802,85";"12.203,57";"0,00";"0,00";"0,00";"1.891,71";"0,00";"17,44";"160,35";"0,00";"6.355,64";"0,02";"34,25";"1.327,061";"0,02";"316,030";"0,000";"0,000";"0,00";"0,00";"0,00"
"29,66";"MERCEARIA \ CONSERVAS \ VEGETAIS EM CONSERVA \ ERVILHA CONSERVA";"9.246,000";"5";"3,42";"31.627,85";"0,03";"18.213,10";"0,02";"57,59";"1,07";"9.876,85";"0,03";"31,23";"64,44";"39,19";"19.233,50";"18.825,43";"0,00";"0,00";"0,00";"2.925,58";"0,00";"0,76";"255,74";"0,00";"9.876,85";"0,03";"34,41";"2.772,195";"0,04";"0,000";"0,000";"0,000";"0,00";"0,00";"0,00"
"29,66";"MERCEARIA \ CONSERVAS \ VEGETAIS EM CONSERVA \ FEIJAO";"613,000";"6";"8,16";"5.001,62";"0,00";"0,00";"0,00";"0,00";"1,81";"1.108,41";"0,00";"22,16";"45,39";"31,22";"3.440,17";"3.430,56";"0,00";"0,00";"0,00";"462,65";"0,00";"6,03";"43,36";"0,00";"1.108,41";"0,00";"24,42";"0,000";"0,00";"0,000";"0,000";"0,000";"0,00";"0,00";"0,00"
"29,66";"MERCEARIA \ CONSERVAS \ VEGETAIS EM CONSERVA \ GRAO DE BICO";"411,000";"3";"7,39";"3.039,25";"0,00";"0,00";"0,00";"0,00";"2,27";"932,73";"0,00";"30,69";"55,39";"35,65";"1.955,88";"1.825,39";"0,00";"0,00";"0,00";"281,13";"0,00";"4,08";"26,03";"0,00";"932,73";"0,00";"33,82";"139,561";"0,00";"56,610";"0,000";"0,000";"0,00";"0,00";"0,00"
"29,82";"MERCEARIA \ CONSERVAS \ VEGETAIS EM CONSERVA \ MILHO VERDE";"50.336,000";"9";"3,79";"190.676,60";"0,16";"84.361,92";"0,07";"44,24";"1,31";"65.753,25";"0,22";"34,48";"76,03";"43,19";"108.320,69";"107.285,77";"0,00";"0,00";"0,00";"17.637,59";"0,00";"4,63";"1.546,98";"0,00";"65.753,25";"0,22";"38,00";"15.970,123";"0,21";"4.213,920";"0,000";"0,000";"0,00";"0,00";"0,00"
"29,86";"MERCEARIA \ CONSERVAS \ VEGETAIS EM CONSERVA \ PALMITO";"2.072,000";"8";"20,42";"42.300,21";"0,04";"10.560,88";"0,01";"24,97";"5,96";"12.358,41";"0,04";"29,22";"61,35";"38,02";"26.217,14";"26.029,03";"0,00";"0,00";"0,00";"3.912,77";"0,00";"41,26";"343,80";"0,00";"12.358,41";"0,04";"32,19";"1.434,261";"0,02";"132,990";"0,000";"0,000";"0,00";"0,00";"0,00"
"29,87";"MERCEARIA \ CONSERVAS \ VEGETAIS EM CONSERVA \ PEPINO";"226,000";"2";"26,63";"6.018,18";"0,01";"0,00";"0,00";"0,00";"8,64";"1.953,49";"0,01";"32,46";"57,45";"36,49";"3.822,18";"3.508,01";"0,00";"0,00";"0,00";"556,68";"0,00";"4,62";"48,84";"0,00";"1.953,49";"0,01";"35,77";"229,594";"0,00";"35,100";"0,000";"0,000";"0,00";"0,00";"0,00"
"29,87";"MERCEARIA \ CONSERVAS \ VEGETAIS EM CONSERVA \ PICKLES";"30,000";"1";"10,01";"300,42";"0,00";"0,00";"0,00";"0,00";"3,02";"90,52";"0,00";"30,13";"51,41";"33,95";"198,42";"182,12";"0,00";"0,00";"0,00";"27,79";"0,00";"0,30";"2,41";"0,00";"90,52";"0,00";"33,20";"16,650";"0,00";"6,000";"0,000";"0,000";"0,00";"0,00";"0,00"
"29,88";"MERCEARIA \ CONSERVAS \ VEGETAIS EM CONSERVA \ PIMENTA";"389,000";"6";"16,87";"6.561,42";"0,01";"0,00";"0,00";"0,00";"4,66";"1.814,09";"0,01";"27,65";"45,82";"31,42";"4.499,52";"4.140,39";"0,00";"0,00";"0,00";"606,93";"0,00";"6,35";"53,92";"0,00";"1.814,09";"0,01";"30,47";"60,720";"0,00";"27,700";"0,000";"0,000";"0,00";"0,00";"0,00"
"29,88";"MERCEARIA \ CONSERVAS \ VEGETAIS EM CONSERVA \ SELETA LEGUMES";"719,000";"2";"5,62";"4.041,23";"0,00";"0,00";"0,00";"0,00";"1,70";"1.220,24";"0,00";"30,19";"58,55";"36,93";"2.548,90";"2.447,17";"0,00";"0,00";"0,00";"373,81";"0,00";"4,10";"32,90";"0,00";"1.220,24";"0,00";"33,27";"104,304";"0,00";"54,060";"0,000";"0,000";"0,00";"0,00";"0,00"
"29,88";"MERCEARIA \ CONSERVAS \ VEGETAIS EM CONSERVA \ TREMOCOS";"20,000";"1";"19,17";"383,48";"0,00";"0,00";"0,00";"0,00";"5,83";"116,54";"0,00";"30,39";"52,12";"34,26";"252,09";"231,47";"0,00";"0,00";"0,00";"35,47";"0,00";"0,40";"3,22";"0,00";"116,54";"0,00";"33,49";"0,000";"0,00";"0,000";"0,000";"0,000";"0,00";"0,00";"0,00"
"29,94";"MERCEARIA \ CONSERVAS \ VINAGRE-VINHO CULINARIO \ VINAGRE ALCOOL";"17.049,000";"7";"4,04";"68.950,42";"0,06";"2.566,46";"0,00";"3,72";"1,45";"24.708,07";"0,08";"35,83";"91,45";"47,77";"36.014,52";"33.493,61";"0,00";"0,00";"0,00";"10.748,74";"0,00";"5,48";"544,29";"0,00";"24.708,07";"0,08";"42,45";"13.329,641";"0,18";"1.468,500";"0,000";"0,000";"0,00";"0,00";"0,00"
"29,94";"MERCEARIA \ CONSERVAS \ VINAGRE-VINHO CULINARIO \ VINAGRE ESPECIAL";"427,000";"4";"9,69";"4.139,61";"0,00";"0,00";"0,00";"0,00";"2,80";"1.196,60";"0,00";"28,91";"67,56";"40,32";"2.470,59";"2.296,57";"0,00";"0,00";"0,00";"646,43";"0,00";"4,40";"31,53";"0,00";"1.196,60";"0,00";"34,26";"117,040";"0,00";"0,000";"0,000";"0,000";"0,00";"0,00";"0,00"
"29,97";"MERCEARIA \ CONSERVAS \ VINAGRE-VINHO CULINARIO \ VINAGRE FRUTAS";"4.044,000";"7";"8,16";"33.018,89";"0,03";"4.678,03";"0,00";"14,17";"2,24";"9.064,51";"0,03";"27,45";"63,36";"38,78";"20.212,91";"18.797,82";"0,00";"0,00";"0,00";"5.156,55";"0,00";"40,31";"254,13";"0,00";"9.064,51";"0,03";"32,53";"2.380,714";"0,03";"484,875";"0,000";"0,000";"0,00";"0,00";"0,00"
"29,98";"MERCEARIA \ CONSERVAS \ VINAGRE-VINHO CULINARIO \ VINAGRE VINHO";"1.187,000";"5";"7,24";"8.596,32";"0,01";"1.084,58";"0,00";"12,62";"2,07";"2.454,88";"0,01";"28,56";"66,50";"39,94";"5.162,90";"4.800,38";"0,00";"0,00";"0,00";"1.341,06";"0,00";"11,81";"64,79";"0,00";"2.454,88";"0,01";"33,84";"0,000";"0,00";"142,500";"0,000";"0,000";"0,00";"0,00";"0,00"
"29,98";"MERCEARIA \ MASSAS \ MASSAS ALETR-C ANJO-CAPEL \ MASSAS ALETR-C ANJO-CAPEL";"793,000";"2";"6,58";"5.215,21";"0,00";"0,00";"0,00";"0,00";"2,03";"1.611,86";"0,01";"30,91";"49,79";"33,24";"3.481,72";"3.237,97";"0,00";"0,00";"0,00";"365,38";"0,00";"0,00";"0,00";"0,00";"1.611,86";"0,01";"33,24";"0,000";"0,00";"0,000";"0,000";"0,000";"0,00";"0,00";"0,00"
"29,98";"MERCEARIA \ MASSAS \ MASSAS CONCHINHA \ MASSAS CONCHINHA";"496,000";"1";"5,01";"2.484,13";"0,00";"19,96";"0,00";"0,80";"1,38";"682,39";"0,00";"27,47";"41,98";"29,57";"1.749,58";"1.627,18";"0,00";"0,00";"0,00";"174,56";"0,00";"0,00";"0,00";"0,00";"682,39";"0,00";"29,55";"252,960";"0,00";"0,000";"0,000";"0,000";"0,00";"0,00";"0,00"
"30,30";"MERCEARIA \ MASSAS \ MASSAS ESPAGUETE \ MASSAS ESPAGUETE";"68.423,000";"17";"5,55";"380.078,10";"0,32";"350.987,09";"0,29";"92,35";"1,38";"94.675,55";"0,32";"24,91";"37,11";"27,06";"277.214,30";"258.756,74";"0,00";"0,00";"0,00";"26.645,81";"0,00";"0,00";"0,00";"0,00";"94.675,55";"0,31";"26,79";"62.970,123";"0,84";"57.622,100";"0,000";"0,000";"0,00";"0,00";"0,00"
"30,31";"MERCEARIA \ MASSAS \ MASSAS ESPECIAIS \ MASSAS ESPECIAIS SECA";"2.137,000";"9";"6,17";"13.191,87";"0,01";"3.291,98";"0,00";"24,95";"1,85";"3.944,39";"0,01";"29,90";"52,11";"34,26";"8.672,52";"7.997,49";"0,00";"0,00";"0,00";"1.249,99";"0,00";"0,00";"0,00";"0,00";"3.944,39";"0,01";"33,03";"745,860";"0,01";"721,500";"0,000";"0,000";"0,00";"0,00";"0,00"
"30,31";"MERCEARIA \ MASSAS \ MASSAS FARFALE \ MASSAS FARFALE";"151,000";"1";"8,98";"1.356,57";"0,00";"0,00";"0,00";"0,00";"2,87";"434,05";"0,00";"32,00";"52,49";"34,42";"889,63";"827,35";"0,00";"0,00";"0,00";"95,17";"0,00";"0,00";"0,00";"0,00";"434,05";"0,00";"34,41";"76,557";"0,00";"0,000";"0,000";"0,000";"0,00";"0,00";"0,00"
"30,34";"MERCEARIA \ MASSAS \ MASSAS FIDELINHO \ MASSAS FIDELINHO";"6.556,000";"5";"5,03";"33.004,80";"0,03";"12.468,53";"0,01";"37,78";"1,56";"10.236,44";"0,03";"31,02";"50,02";"33,34";"22.000,84";"20.460,74";"0,00";"0,00";"0,00";"2.307,62";"0,00";"0,00";"0,00";"0,00";"10.236,44";"0,03";"33,35";"2.926,614";"0,04";"489,600";"0,000";"0,000";"0,00";"0,00";"0,00"
"30,35";"MERCEARIA \ MASSAS \ MASSAS GRANO DURO \ MASSAS GRANO DURO";"1.006,000";"17";"9,04";"9.092,17";"0,01";"0,00";"0,00";"0,00";"2,87";"2.891,21";"0,01";"31,80";"52,11";"34,26";"5.977,47";"5.563,28";"0,00";"0,00";"0,00";"637,68";"0,00";"0,00";"0,00";"0,00";"2.891,21";"0,01";"34,20";"190,047";"0,00";"97,500";"0,000";"0,000";"0,00";"0,00";"0,00"
"30,36";"MERCEARIA \ MASSAS \ MASSAS GRAVATA \ MASSAS GRAVATA";"1.588,000";"2";"5,91";"9.380,21";"0,01";"3.847,18";"0,00";"41,01";"1,68";"2.666,16";"0,01";"28,42";"44,04";"30,57";"6.512,34";"6.056,42";"0,00";"0,00";"0,00";"657,63";"0,00";"0,00";"0,00";"0,00";"2.666,16";"0,01";"30,57";"367,068";"0,00";"0,000";"0,000";"0,000";"0,00";"0,00";"0,00"
"30,39";"MERCEARIA \ MASSAS \ MASSAS INSTANTANEA \ MASSAS INSTANTANEA COPO";"5.912,000";"13";"6,16";"36.440,01";"0,03";"0,00";"0,00";"0,00";"1,87";"11.033,72";"0,04";"30,28";"47,54";"32,22";"24.698,96";"24.698,96";"707,34";"0,00";"0,00";"0,00";"0,00";"0,37";"125,21";"0,00";"11.741,05";"0,04";"32,22";"554,358";"0,01";"215,820";"0,000";"0,000";"0,00";"0,00";"0,00"
"30,73";"MERCEARIA \ MASSAS \ MASSAS INSTANTANEA \ MASSAS INSTANTANEA PACOTE";"127.373,000";"32";"3,23";"411.075,17";"0,34";"15.739,02";"0,01";"3,83";"0,93";"118.156,02";"0,39";"28,74";"44,22";"30,66";"285.034,48";"285.034,48";"7.884,67";"0,00";"0,00";"0,00";"0,00";"22,34";"1.450,62";"0,00";"126.040,69";"0,42";"30,66";"12.746,123";"0,17";"11.565,193";"0,000";"0,000";"0,00";"0,00";"0,00"
"30,77";"MERCEARIA \ MASSAS \ MASSAS LASANHA \ MASSAS LASANHA";"5.686,000";"6";"8,13";"46.222,06";"0,04";"22.531,17";"0,02";"48,75";"2,74";"15.556,76";"0,05";"33,66";"58,23";"36,80";"29.211,92";"27.433,25";"0,00";"0,00";"0,00";"3.232,05";"0,00";"0,00";"0,00";"0,00";"15.556,76";"0,05";"36,19";"1.633,335";"0,02";"1.991,000";"0,000";"0,000";"0,00";"0,00";"0,00"
"30,77";"MERCEARIA \ MASSAS \ MASSAS LETRINHA BICHINHOS \ MASSAS LETRINHAS";"536,000";"1";"5,11";"2.739,65";"0,00";"2.869,63";"0,00";"104,74";"1,42";"761,94";"0,00";"27,81";"42,66";"29,90";"1.920,36";"1.786,00";"0,00";"0,00";"0,00";"191,71";"0,00";"0,00";"0,00";"0,00";"761,94";"0,00";"29,90";"270,680";"0,00";"0,000";"0,000";"0,000";"0,00";"0,00";"0,00"
"30,77";"MERCEARIA \ MASSAS \ MASSAS NHOQUE \ MASSAS NHOQUE";"501,000";"2";"6,75";"3.383,23";"0,00";"2.138,19";"0,00";"63,20";"1,77";"885,19";"0,00";"26,16";"48,61";"32,71";"2.276,59";"2.075,04";"0,00";"0,00";"0,00";"423,00";"0,00";"0,00";"0,00";"0,00";"885,19";"0,00";"29,90";"0,000";"0,00";"52,000";"0,000";"0,000";"0,00";"0,00";"0,00"
"30,82";"MERCEARIA \ MASSAS \ MASSAS NINHO \ MASSAS NINHO";"9.793,000";"10";"6,04";"59.149,64";"0,05";"3.958,11";"0,00";"6,69";"1,79";"17.498,16";"0,06";"29,58";"46,95";"31,95";"40.251,05";"37.505,57";"0,00";"0,00";"0,00";"4.145,91";"0,00";"0,00";"0,00";"0,00";"17.498,16";"0,06";"31,81";"4.399,916";"0,06";"4.688,000";"0,000";"0,000";"0,00";"0,00";"0,00"
"30,84";"MERCEARIA \ MASSAS \ MASSAS P NOSSO-AV MARIA \ MASSAS P NOSSO-AV MARIA";"3.874,000";"3";"5,21";"20.195,40";"0,02";"13.518,88";"0,01";"66,94";"1,60";"6.193,92";"0,02";"30,67";"49,15";"32,95";"13.540,72";"12.592,91";"0,00";"0,00";"0,00";"1.408,57";"0,00";"0,00";"0,00";"0,00";"6.193,92";"0,02";"32,97";"1.977,351";"0,03";"0,000";"0,000";"0,000";"0,00";"0,00";"0,00"
"31,02";"MERCEARIA \ MASSAS \ MASSAS PARAFUSO-FUSILLI \ MASSAS PARAFUSO-FUSILLI";"36.574,000";"20";"5,73";"209.547,13";"0,18";"146.535,69";"0,12";"69,93";"1,73";"63.455,17";"0,21";"30,28";"50,24";"33,44";"139.475,65";"131.436,19";"0,00";"0,00";"0,00";"14.655,77";"0,00";"0,00";"0,00";"0,00";"63.455,17";"0,21";"32,56";"21.176,020";"0,28";"11.732,300";"33,159";"6.319,465";"0,00";"0,00";"0,00"
"31,07";"MERCEARIA \ MASSAS \ MASSAS PENNE-RIGATONI \ MASSAS PENNE-RIGATONI";"13.455,000";"15";"4,85";"65.298,88";"0,05";"35.699,07";"0,03";"54,67";"1,54";"20.719,83";"0,07";"31,73";"53,78";"34,97";"42.463,90";"40.015,14";"0,00";"0,00";"0,00";"4.563,91";"0,00";"0,00";"0,00";"0,00";"20.719,83";"0,07";"34,12";"5.584,142";"0,07";"2.014,000";"0,000";"0,000";"0,00";"0,00";"0,00"
"31,08";"MERCEARIA \ MASSAS \ MASSAS TALH-FETTUC-LINGUI \ MASSSAS TALH-FETTUC-LINGU";"2.263,000";"3";"6,06";"13.723,86";"0,01";"0,00";"0,00";"0,00";"1,60";"3.614,51";"0,01";"26,34";"40,01";"28,58";"9.802,19";"9.145,71";"0,00";"0,00";"0,00";"963,64";"0,00";"0,00";"0,00";"0,00";"3.614,51";"0,01";"28,33";"1.116,900";"0,01";"473,000";"0,000";"0,000";"0,00";"0,00";"0,00"
"31,08";"MERCEARIA \ MATINAIS \ ACUCAR \ ACUCAR COCO";"17,000";"1";"26,26";"446,42";"0,00";"0,00";"0,00";"0,00";"4,84";"82,21";"0,00";"18,42";"48,87";"32,83";"299,88";"233,73";"0,00";"0,00";"0,00";"130,48";"0,00";"0,33";"2,82";"0,00";"82,21";"0,00";"26,02";"0,000";"0,00";"4,250";"0,000";"0,000";"0,00";"0,00";"0,00"
"31,10";"MERCEARIA \ MATINAIS \ ACUCAR \ ACUCAR CRISTAL";"3.773,000";"5";"7,45";"28.101,37";"0,02";"9.327,08";"0,01";"33,19";"3,00";"11.312,22";"0,04";"40,26";"76,35";"43,30";"15.934,87";"14.819,68";"0,00";"0,00";"0,00";"1.969,47";"0,00";"0,00";"0,00";"0,00";"11.312,22";"0,04";"43,29";"3.070,277";"0,04";"3.205,000";"0,000";"0,000";"0,00";"0,00";"0,00"
"31,13";"MERCEARIA \ MATINAIS \ ACUCAR \ ACUCAR DEMERARA";"5.051,000";"3";"8,03";"40.551,88";"0,03";"28.394,02";"0,02";"70,02";"3,28";"16.543,32";"0,06";"40,80";"68,91";"40,80";"24.008,56";"24.008,56";"0,00";"0,00";"0,00";"0,00";"0,00";"0,00";"0,00";"0,00";"16.543,32";"0,05";"40,80";"5.141,379";"0,07";"5.051,000";"0,000";"0,000";"0,00";"0,00";"0,00"
"31,13";"MERCEARIA \ MATINAIS \ ACUCAR \ ACUCAR ESPECIAIS";"587,000";"3";"7,12";"4.179,57";"0,00";"0,00";"0,00";"0,00";"2,75";"1.614,12";"0,01";"38,62";"75,96";"43,17";"2.375,29";"2.149,56";"0,00";"0,00";"0,00";"415,89";"0,00";"0,42";"3,41";"0,00";"1.614,12";"0,01";"42,89";"209,346";"0,00";"357,500";"0,000";"0,000";"0,00";"0,00";"0,00"
"31,13";"MERCEARIA \ MATINAIS \ ACUCAR \ ACUCAR MASCAVO";"317,000";"1";"12,03";"3.813,56";"0,00";"0,00";"0,00";"0,00";"4,69";"1.487,83";"0,00";"39,01";"63,97";"39,01";"2.325,73";"2.325,73";"0,00";"0,00";"0,00";"0,00";"0,00";"0,00";"0,00";"0,00";"1.487,83";"0,00";"39,01";"0,000";"0,00";"158,500";"0,000";"0,000";"0,00";"0,00";"0,00"
"31,77";"MERCEARIA \ MATINAIS \ ACUCAR \ ACUCAR REFINADO";"214.928,000";"4";"3,56";"765.313,30";"0,64";"695.053,80";"0,58";"90,82";"0,61";"130.678,45";"0,43";"17,08";"22,53";"18,39";"624.589,60";"580.868,07";"0,00";"0,00";"0,00";"53.766,78";"0,00";"0,00";"0,00";"0,00";"130.678,45";"0,43";"18,37";"216.951,179";"2,90";"214.881,000";"0,000";"0,000";"0,00";"0,00";"0,00"
"31,77";"MERCEARIA \ MATINAIS \ ADOCANTE \ ADOCANTE CULINARIO";"622,000";"1";"7,01";"4.362,86";"0,00";"0,00";"0,00";"0,00";"2,55";"1.588,36";"0,01";"36,41";"127,22";"55,99";"1.920,14";"1.497,66";"0,00";"0,00";"0,00";"1.276,83";"0,00";"0,25";"25,08";"0,00";"1.588,36";"0,01";"51,47";"320,330";"0,00";"311,000";"0,000";"0,000";"0,00";"0,00";"0,00"
"31,77";"MERCEARIA \ MATINAIS \ ADOCANTE \ ADOCANTE EM PO";"395,000";"6";"11,02";"4.353,14";"0,00";"2.393,36";"0,00";"54,98";"2,54";"1.002,44";"0,00";"23,03";"64,75";"39,30";"2.642,32";"2.077,92";"0,00";"0,00";"0,00";"1.272,78";"0,00";"4,03";"28,14";"0,00";"1.002,44";"0,00";"32,54";"23,223";"0,00";"12,340";"0,000";"0,000";"0,00";"0,00";"0,00"
"31,87";"MERCEARIA \ MATINAIS \ ADOCANTE \ ADOCANTE LIQUIDO";"10.794,000";"16";"11,30";"121.962,14";"0,10";"3.362,20";"0,00";"2,76";"2,43";"26.246,07";"0,09";"21,52";"60,30";"37,62";"76.084,14";"60.061,09";"0,00";"0,00";"0,00";"35.654,98";"0,00";"99,77";"786,27";"0,00";"26.246,07";"0,09";"30,41";"1.579,678";"0,02";"1.173,955";"0,000";"0,000";"0,00";"0,00";"0,00"
"31,89";"MERCEARIA \ MATINAIS \ ALIMENTO INFANTIL \ ALIMENTO INFANTIL DOCE";"1.087,000";"3";"17,49";"19.006,57";"0,02";"10.448,32";"0,01";"54,97";"3,68";"4.003,24";"0,01";"21,06";"56,93";"36,28";"12.111,43";"9.446,89";"0,00";"0,00";"0,00";"5.556,43";"0,00";"5,67";"89,30";"0,00";"4.003,24";"0,01";"29,76";"248,400";"0,00";"423,760";"0,000";"0,000";"0,00";"0,00";"0,00"
"31,93";"MERCEARIA \ MATINAIS \ AMIDO \ AMIDO";"5.852,000";"5";"7,23";"42.325,18";"0,04";"0,00";"0,00";"0,00";"1,54";"9.036,54";"0,03";"21,35";"57,78";"36,62";"26.825,99";"20.912,37";"0,00";"0,00";"0,00";"12.376,27";"0,00";"0,94";"105,38";"0,00";"9.036,54";"0,03";"30,17";"1.152,858";"0,02";"339,400";"0,000";"0,000";"0,00";"0,00";"0,00"
"32,01";"MERCEARIA \ MATINAIS \ AVEIA \ AVEIA FLOCOS";"19.409,000";"15";"5,12";"99.446,41";"0,08";"61.211,25";"0,05";"61,55";"1,07";"20.685,19";"0,07";"20,80";"57,91";"36,67";"62.975,24";"49.659,41";"0,00";"0,00";"0,00";"29.101,81";"0,00";"0,00";"0,00";"0,00";"20.685,19";"0,07";"29,41";"4.359,825";"0,06";"829,400";"0,000";"0,000";"0,00";"0,00";"0,00"
"34,56";"MERCEARIA \ MATINAIS \ CAFE \ CAFE ALMOFADA";"119.572,000";"39";"25,53";"3.053.109,96";"2,55";"2.125.819,24";"1,78";"69,63";"5,04";"602.229,99";"2,00";"19,73";"26,91";"21,21";"2.405.681,97";"2.237.283,43";"0,00";"0,00";"0,00";"213.596,54";"0,00";"0,00";"0,00";"0,00";"602.229,99";"1,99";"21,21";"55.023,722";"0,74";"18.330,250";"0,000";"0,000";"0,00";"0,00";"0,00"
"34,67";"MERCEARIA \ MATINAIS \ CAFE \ CAFE SOLUVEL";"13.029,000";"22";"10,43";"135.901,56";"0,11";"85.287,83";"0,07";"62,76";"3,38";"44.088,16";"0,15";"32,44";"48,02";"32,44";"91.813,40";"91.813,40";"0,00";"0,00";"0,00";"0,00";"0,00";"4,71";"33,08";"0,00";"44.088,16";"0,15";"32,44";"643,759";"0,01";"355,780";"1,126";"120.694,103";"0,00";"0,00";"0,00"
"34,91";"MERCEARIA \ MATINAIS \ CAFE \ CAFE VACUO";"10.877,000";"22";"25,94";"282.153,15";"0,24";"131.357,22";"0,11";"46,56";"6,52";"70.934,50";"0,24";"25,14";"37,04";"27,03";"205.886,32";"191.474,89";"0,00";"0,00";"0,00";"19.743,76";"0,00";"0,00";"0,00";"0,00";"70.934,50";"0,23";"27,03";"4.454,336";"0,06";"1.851,250";"0,000";"0,000";"0,00";"0,00";"0,00"
"34,95";"MERCEARIA \ MATINAIS \ CAFE \ MIST BEBIDAS CAFE";"2.429,000";"11";"18,21";"44.225,07";"0,04";"24.548,07";"0,02";"55,51";"5,83";"14.170,98";"0,05";"32,04";"47,15";"32,04";"30.054,09";"30.054,09";"0,00";"0,00";"0,00";"0,00";"0,00";"42,05";"400,21";"0,00";"14.170,98";"0,05";"32,04";"503,820";"0,01";"27,440";"0,000";"0,000";"0,00";"0,00";"0,00"
"35,08";"MERCEARIA \ MATINAIS \ CEREAL MATINAL \ CEREAL MATINAL";"15.088,000";"26";"10,59";"159.848,63";"0,13";"59.203,27";"0,05";"37,04";"2,33";"35.133,42";"0,12";"21,98";"46,81";"31,88";"108.884,56";"105.731,40";"0,00";"0,00";"0,00";"18.983,80";"0,00";"135,43";"1.197,30";"0,00";"35.133,42";"0,12";"24,94";"4.318,785";"0,06";"3.072,360";"0,044";"3.632.923,409";"0,00";"0,00";"0,00"
"35,18";"MERCEARIA \ MATINAIS \ CHA \ CHA EM SACHE";"19.708,000";"33";"5,94";"117.017,69";"0,10";"48.245,21";"0,04";"41,23";"1,86";"36.593,86";"0,12";"31,27";"66,12";"39,80";"70.443,74";"66.798,65";"0,00";"0,00";"0,00";"13.625,17";"0,00";"12,64";"729,54";"0,00";"36.593,86";"0,12";"35,39";"1.036,072";"0,01";"630,687";"2,175";"53.801,237";"0,00";"0,00";"0,00"
"35,20";"MERCEARIA \ MATINAIS \ COMPOSTO LACTEO \ COMPOSTO LACTEO";"914,000";"3";"26,04";"23.804,88";"0,02";"14.512,71";"0,01";"60,97";"6,82";"6.237,13";"0,02";"26,20";"38,18";"27,63";"17.226,86";"16.520,33";"0,00";"0,00";"0,00";"1.047,42";"0,00";"8,76";"75,48";"0,00";"6.237,13";"0,02";"27,41";"352,820";"0,00";"212,800";"0,000";"0,000";"0,00";"0,00";"0,00"
"35,22";"MERCEARIA \ MATINAIS \ DERIVADO DO MEL \ MEL-PROPOLIS";"1.300,000";"6";"18,34";"23.844,24";"0,02";"1.092,58";"0,00";"4,58";"3,95";"5.137,19";"0,02";"21,54";"58,56";"36,93";"15.038,04";"11.736,19";"0,00";"0,00";"0,00";"6.970,86";"0,00";"9,52";"64,62";"0,00";"5.137,19";"0,02";"30,45";"292,164";"0,00";"313,160";"0,000";"0,000";"0,00";"0,00";"0,00"
"35,22";"MERCEARIA \ MATINAIS \ DERIVADO DO MEL \ MELADO E GLICOSE";"163,000";"4";"18,36";"2.992,44";"0,00";"15,99";"0,00";"0,53";"2,48";"403,57";"0,00";"13,49";"38,55";"27,82";"2.159,87";"1.714,22";"0,00";"0,00";"0,00";"874,65";"0,00";"2,13";"19,35";"0,00";"403,57";"0,00";"19,06";"18,585";"0,00";"26,150";"0,000";"0,000";"0,00";"0,00";"0,00"
"35,59";"MERCEARIA \ MATINAIS \ DERIVADOS DO CACAU \ ACHOCOLATADO EM PO";"30.612,000";"15";"14,44";"442.180,62";"0,37";"156.321,42";"0,13";"35,35";"2,98";"91.288,82";"0,30";"20,65";"42,81";"29,97";"309.637,72";"304.817,46";"0,00";"0,00";"0,00";"46.074,34";"0,00";"382,82";"3.541,72";"0,00";"91.288,82";"0,30";"23,05";"14.306,474";"0,19";"9.934,460";"0,000";"0,000";"0,00";"0,00";"0,00"
"35,60";"MERCEARIA \ MATINAIS \ DERIVADOS DO CACAU \ CACAU EM PO";"396,000";"3";"30,36";"12.020,65";"0,01";"0,00";"0,00";"0,00";"5,67";"2.247,11";"0,01";"18,69";"42,24";"29,69";"8.451,21";"6.260,80";"0,00";"0,00";"0,00";"3.512,74";"0,00";"9,22";"76,32";"0,00";"2.247,11";"0,01";"26,41";"84,644";"0,00";"59,200";"0,000";"0,000";"0,00";"0,00";"0,00"
"35,62";"MERCEARIA \ MATINAIS \ DERIVADOS DO CACAU \ CHOCOLATE EM PO";"1.361,000";"4";"19,36";"26.342,90";"0,02";"0,00";"0,00";"0,00";"3,73";"5.074,73";"0,02";"19,26";"43,40";"30,27";"18.370,14";"13.568,23";"0,00";"0,00";"0,00";"7.699,95";"0,00";"17,50";"169,82";"0,00";"5.074,73";"0,02";"27,22";"307,495";"0,00";"39,000";"0,000";"0,000";"0,00";"0,00";"0,00"
"35,63";"MERCEARIA \ MATINAIS \ FARELO \ FARELO DE AVEIA";"968,000";"3";"9,06";"8.774,22";"0,01";"0,00";"0,00";"0,00";"1,70";"1.644,75";"0,01";"18,75";"50,77";"33,67";"5.819,58";"4.563,45";"0,00";"0,00";"0,00";"2.566,02";"0,00";"0,00";"0,00";"0,00";"1.644,75";"0,01";"26,49";"108,290";"0,00";"25,330";"0,000";"0,000";"0,00";"0,00";"0,00"
"35,63";"MERCEARIA \ MATINAIS \ FARINHAS \ AMENDOIM";"98,000";"1";"18,00";"1.764,28";"0,00";"0,00";"0,00";"0,00";"3,81";"373,10";"0,00";"21,15";"57,18";"36,38";"1.122,45";"875,54";"0,00";"0,00";"0,00";"515,63";"0,00";"0,97";"4,85";"0,00";"373,10";"0,00";"29,88";"0,000";"0,00";"49,000";"0,000";"0,000";"0,00";"0,00";"0,00"
"35,63";"MERCEARIA \ MATINAIS \ FARINHAS \ ARROZ";"371,000";"4";"8,62";"3.199,76";"0,00";"0,00";"0,00";"0,00";"2,05";"761,13";"0,00";"23,79";"62,97";"38,64";"1.963,36";"1.502,86";"0,00";"0,00";"0,00";"935,77";"0,00";"2,70";"20,16";"0,00";"761,13";"0,00";"33,62";"134,904";"0,00";"0,000";"0,000";"0,000";"0,00";"0,00";"0,00"
"35,64";"MERCEARIA \ MATINAIS \ FARINHAS \ AVEIA";"1.387,000";"3";"5,43";"7.525,34";"0,01";"551,49";"0,00";"7,33";"0,81";"1.127,19";"0,00";"14,98";"41,45";"29,30";"5.320,14";"4.197,23";"0,00";"0,00";"0,00";"2.200,92";"0,00";"0,03";"0,62";"0,00";"1.127,19";"0,00";"21,17";"268,159";"0,00";"40,800";"0,000";"0,000";"0,00";"0,00";"0,00"
"35,64";"MERCEARIA \ MATINAIS \ FARINHAS \ BERINGELA";"20,000";"1";"9,98";"199,60";"0,00";"0,00";"0,00";"0,00";"2,07";"41,38";"0,00";"20,73";"55,39";"35,65";"128,45";"99,83";"0,00";"0,00";"0,00";"58,39";"0,00";"0,20";"1,20";"0,00";"41,38";"0,00";"29,30";"0,000";"0,00";"0,000";"0,000";"0,000";"0,00";"0,00";"0,00"
"35,64";"MERCEARIA \ MATINAIS \ FARINHAS \ CHIA";"46,000";"1";"11,88";"546,30";"0,00";"566,30";"0,00";"103,66";"4,04";"185,62";"0,00";"33,98";"112,11";"52,85";"257,56";"200,91";"0,00";"0,00";"0,00";"159,78";"0,00";"0,00";"1,35";"0,00";"185,62";"0,00";"48,02";"0,000";"0,00";"4,600";"0,000";"0,000";"0,00";"0,00";"0,00"
"35,70";"MERCEARIA \ MATINAIS \ FARINHAS \ FARINHA LACTEA";"7.786,000";"3";"8,48";"66.057,49";"0,06";"41.787,10";"0,03";"63,26";"1,85";"14.395,25";"0,05";"21,79";"45,02";"31,04";"45.551,92";"45.551,92";"0,00";"0,00";"0,00";"6.110,32";"0,00";"85,82";"554,63";"0,00";"14.395,25";"0,05";"24,01";"1.883,327";"0,03";"1.236,120";"0,000";"0,000";"0,00";"0,00";"0,00"
"35,70";"MERCEARIA \ MATINAIS \ FORMULA INFANTIL \ FORMULA INFANTIL";"69,000";"3";"60,62";"4.182,75";"0,00";"0,00";"0,00";"0,00";"16,91";"1.166,73";"0,00";"27,89";"38,68";"27,89";"3.016,02";"3.016,02";"0,00";"0,00";"0,00";"0,00";"0,00";"0,07";"0,59";"0,00";"1.166,73";"0,00";"27,89";"55,290";"0,00";"54,400";"0,000";"0,000";"0,00";"0,00";"0,00"
"36,70";"MERCEARIA \ MATINAIS \ LEITE EM PO \ LEITE EM PO TRADICIONAL";"81.421,000";"17";"14,75";"1.200.712,29";"1,00";"598.080,76";"0,50";"49,81";"2,44";"198.319,54";"0,66";"16,52";"26,90";"21,20";"946.201,34";"738.039,84";"0,00";"0,00";"0,00";"264.352,91";"0,00";"0,04";"0,48";"0,00";"198.319,54";"0,66";"21,18";"30.562,564";"0,41";"11.597,705";"0,000";"0,000";"0,00";"0,00";"0,00"
"36,71";"MERCEARIA \ MATINAIS \ LEITE EM PO \ LEITE EM PO ZERO LACTOSE";"589,000";"1";"19,68";"11.590,25";"0,01";"0,00";"0,00";"0,00";"4,40";"2.590,89";"0,01";"22,35";"40,23";"28,69";"8.265,42";"6.447,07";"0,00";"0,00";"0,00";"2.552,29";"0,00";"0,21";"1,63";"0,00";"2.590,89";"0,01";"28,67";"182,590";"0,00";"176,700";"0,000";"0,000";"0,00";"0,00";"0,00"
"36,73";"MERCEARIA \ MATINAIS \ MATINAIS CAPSULA \ CAPS ACHOCOLATADO";"1.499,000";"8";"18,98";"28.450,24";"0,02";"26.152,47";"0,02";"91,92";"0,76";"1.144,40";"0,00";"4,02";"15,29";"13,26";"24.677,40";"24.674,19";"0,00";"0,00";"0,00";"2.631,65";"0,00";"29,45";"233,73";"0,00";"1.144,40";"0,00";"4,43";"290,711";"0,00";"192,212";"0,000";"0,000";"0,00";"0,00";"0,00"
"36,80";"MERCEARIA \ MATINAIS \ MATINAIS CAPSULA \ CAPS CAFE";"4.319,000";"29";"18,58";"80.243,21";"0,07";"76.025,15";"0,06";"94,74";"3,44";"14.874,22";"0,05";"18,54";"28,65";"22,27";"62.375,24";"54.539,17";"0,00";"0,00";"0,00";"10.829,82";"0,00";"0,00";"0,00";"0,00";"14.874,22";"0,05";"21,43";"475,562";"0,01";"224,057";"0,000";"0,000";"0,00";"0,00";"0,00"
"36,80";"MERCEARIA \ MATINAIS \ MATINAIS CAPSULA \ CAPS CHA";"31,000";"1";"19,24";"596,41";"0,00";"356,66";"0,00";"59,80";"4,50";"139,37";"0,00";"23,37";"64,55";"39,23";"362,44";"282,69";"0,00";"0,00";"0,00";"174,35";"0,00";"0,32";"3,87";"0,00";"139,37";"0,00";"33,02";"0,000";"0,00";"0,930";"0,000";"0,000";"0,00";"0,00";"0,00"
"36,85";"MERCEARIA \ MATINAIS \ MATINAIS CAPSULA \ CAPS MATINAIS COM LEITE";"2.962,000";"12";"19,04";"56.399,25";"0,05";"51.026,25";"0,04";"90,47";"3,62";"10.709,92";"0,04";"18,99";"23,56";"19,07";"45.646,28";"45.390,14";"0,00";"0,00";"0,00";"299,19";"0,00";"57,48";"470,40";"0,00";"10.709,92";"0,04";"19,09";"510,146";"0,01";"317,677";"0,799";"70.587,297";"0,00";"0,00";"0,00"
"36,90";"MERCEARIA \ MATINAIS \ MINGAU \ MINGAU TRADICIONAL";"6.167,000";"14";"10,21";"62.983,19";"0,05";"0,00";"0,00";"0,00";"2,55";"15.753,61";"0,05";"25,01";"49,45";"33,09";"42.142,93";"41.403,63";"0,00";"0,00";"0,00";"5.825,95";"0,00";"74,65";"506,72";"0,00";"15.753,61";"0,05";"27,56";"1.547,022";"0,02";"823,020";"0,000";"0,000";"0,00";"0,00";"0,00"
"36,90";"MERCEARIA \ MATINAIS \ PASTAS \ PASTA AMENDOIM";"17,000";"2";"20,31";"345,23";"0,00";"0,00";"0,00";"0,00";"7,48";"127,17";"0,00";"36,84";"85,49";"46,09";"186,12";"186,12";"0,00";"0,00";"0,00";"31,93";"0,00";"0,34";"2,77";"0,00";"127,17";"0,00";"40,59";"8,330";"0,00";"7,650";"0,000";"0,000";"0,00";"0,00";"0,00"
"36,90";"MERCEARIA \ MATINAIS \ SUPLEMENTO ALIMENTAR \ SUPLEMENTO ALIMENTAR";"96,000";"9";"28,32";"2.718,61";"0,00";"410,31";"0,00";"15,09";"6,36";"610,21";"0,00";"22,45";"57,34";"36,44";"1.727,82";"1.313,97";"0,00";"0,00";"0,00";"794,43";"0,00";"2,12";"17,30";"0,00";"610,21";"0,00";"31,71";"2,484";"0,00";"14,550";"0,000";"0,000";"0,00";"0,00";"0,00"
"36,91";"MERCEARIA \ OLEOS VEGETAIS - BANHA \ AZEITE \ AZEITE DE DENDE";"630,000";"2";"10,05";"6.328,69";"0,01";"0,00";"0,00";"0,00";"2,37";"1.493,27";"0,00";"23,60";"47,72";"32,31";"4.284,16";"3.341,64";"99,25";"0,00";"0,00";"1.394,54";"0,00";"0,03";"18,89";"0,00";"1.592,51";"0,01";"32,28";"125,251";"0,00";"123,400";"0,201";"31.486,020";"0,00";"0,00";"0,00"
"37,36";"MERCEARIA \ OLEOS VEGETAIS - BANHA \ AZEITE \ AZEITE EXTRA VIRGEM";"20.439,000";"19";"26,56";"542.958,02";"0,45";"448.252,19";"0,37";"82,56";"5,29";"108.132,56";"0,36";"19,92";"27,83";"21,77";"424.759,11";"424.759,11";"10.066,35";"0,00";"0,00";"0,00";"0,00";"540,18";"4.864,14";"0,00";"118.198,91";"0,39";"21,77";"15.213,384";"0,20";"6.583,900";"0,000";"0,000";"0,00";"0,00";"0,00"
"37,43";"MERCEARIA \ OLEOS VEGETAIS - BANHA \ AZEITE \ AZEITE TIPO UNICO - OLIVA";"2.722,000";"3";"29,50";"80.310,59";"0,07";"31.925,36";"0,03";"39,75";"6,82";"18.567,03";"0,06";"23,12";"33,32";"24,99";"60.238,90";"60.238,90";"1.504,66";"0,00";"0,00";"0,00";"0,00";"81,46";"720,19";"0,00";"20.071,69";"0,07";"24,99";"2.071,052";"0,03";"0,000";"0,000";"0,000";"0,00";"0,00";"0,00"
"37,51";"MERCEARIA \ OLEOS VEGETAIS - BANHA \ OLEOS \ OLEO COMPOSTO";"6.214,000";"7";"14,77";"91.757,67";"0,08";"43.017,47";"0,04";"46,88";"4,60";"28.564,73";"0,10";"31,13";"66,98";"40,11";"54.950,25";"54.950,07";"0,00";"0,00";"0,00";"8.242,87";"0,00";"72,17";"747,30";"0,00";"28.564,73";"0,09";"34,20";"3.534,736";"0,05";"3.107,000";"0,000";"0,000";"0,00";"0,00";"0,00"
"37,52";"MERCEARIA \ OLEOS VEGETAIS - BANHA \ OLEOS \ OLEO DE CANOLA";"694,000";"3";"18,53";"12.859,40";"0,01";"0,00";"0,00";"0,00";"4,75";"3.299,93";"0,01";"25,66";"34,52";"25,66";"9.559,47";"9.559,47";"0,00";"0,00";"0,00";"0,00";"0,00";"6,92";"45,82";"0,00";"3.299,93";"0,01";"25,66";"238,007";"0,00";"0,000";"0,000";"0,000";"0,00";"0,00";"0,00"
"37,52";"MERCEARIA \ OLEOS VEGETAIS - BANHA \ OLEOS \ OLEO DE COCO";"161,000";"2";"24,41";"3.929,44";"0,00";"0,00";"0,00";"0,00";"4,71";"757,85";"0,00";"19,29";"42,92";"30,03";"2.749,40";"2.306,61";"0,00";"0,00";"0,00";"864,98";"0,00";"1,63";"10,47";"0,00";"757,85";"0,00";"24,73";"40,014";"0,00";"36,600";"0,000";"0,000";"0,00";"0,00";"0,00"
"37,53";"MERCEARIA \ OLEOS VEGETAIS - BANHA \ OLEOS \ OLEO DE GIRASOL";"733,000";"3";"17,46";"12.800,56";"0,01";"0,00";"0,00";"0,00";"4,96";"3.635,53";"0,01";"28,40";"39,67";"28,40";"9.165,03";"9.165,03";"0,00";"0,00";"0,00";"0,00";"0,00";"7,32";"47,09";"0,00";"3.635,53";"0,01";"28,40";"595,077";"0,01";"0,000";"0,000";"0,000";"0,00";"0,00";"0,00"
"37,54";"MERCEARIA \ OLEOS VEGETAIS - BANHA \ OLEOS \ OLEO DE MILHO";"320,000";"2";"18,97";"6.071,92";"0,01";"0,00";"0,00";"0,00";"4,50";"1.439,87";"0,00";"23,71";"47,71";"32,30";"4.110,66";"4.070,40";"0,00";"0,00";"0,00";"561,65";"0,00";"6,40";"49,70";"0,00";"1.439,87";"0,00";"26,13";"0,000";"0,00";"0,000";"0,000";"0,000";"0,00";"0,00";"0,00"
"38,58";"MERCEARIA \ OLEOS VEGETAIS - BANHA \ OLEOS \ OLEO DE SOJA";"167.492,000";"2";"7,40";"1.240.008,00";"1,04";"726.115,07";"0,61";"58,56";"0,83";"138.927,47";"0,46";"11,20";"16,40";"14,09";"1.065.320,30";"990.747,86";"23.684,75";"0,00";"0,00";"86.647,92";"0,00";"58,75";"4.410,41";"0,00";"162.612,22";"0,54";"14,10";"142.136,465";"1,90";"0,000";"0,000";"0,000";"0,00";"0,00";"0,00"
"38,59";"MERCEARIA \ SOBREMESAS \ CHANTILLY \ CHANTILLY";"1.448,000";"3";"9,98";"14.451,46";"0,01";"0,00";"0,00";"0,00";"2,42";"3.508,22";"0,01";"24,28";"71,84";"41,81";"8.409,66";"6.716,32";"0,00";"0,00";"0,00";"4.226,92";"0,00";"14,43";"88,46";"0,00";"3.508,22";"0,01";"34,31";"309,520";"0,00";"153,800";"0,000";"0,000";"0,00";"0,00";"0,00"
"38,59";"MERCEARIA \ SOBREMESAS \ COBERTURAS \ COBERTURAS";"266,000";"2";"10,05";"2.672,74";"0,00";"0,00";"0,00";"0,00";"3,43";"912,83";"0,00";"34,15";"82,09";"45,08";"1.467,85";"1.271,46";"0,00";"0,00";"0,00";"488,45";"0,00";"2,63";"18,94";"0,00";"912,83";"0,00";"41,79";"70,960";"0,00";"53,200";"0,000";"0,000";"0,00";"0,00";"0,00"
"38,59";"MERCEARIA \ SOBREMESAS \ CORANTES E ESSENCIAS \ CORANTE";"289,000";"5";"5,51";"1.592,77";"0,00";"0,00";"0,00";"0,00";"1,41";"407,27";"0,00";"25,57";"72,58";"42,06";"922,91";"719,63";"0,00";"0,00";"0,00";"465,87";"0,00";"0,00";"8,78";"0,00";"407,27";"0,00";"36,14";"10,982";"0,00";"8,670";"0,021";"75.846,190";"0,00";"0,00";"0,00"
"38,60";"MERCEARIA \ SOBREMESAS \ CORANTES E ESSENCIAS \ ESSENCIAS";"1.223,000";"2";"8,23";"10.068,24";"0,01";"0,00";"0,00";"0,00";"1,66";"2.030,76";"0,01";"20,17";"56,42";"36,07";"6.436,71";"5.093,71";"0,00";"0,00";"0,00";"2.943,77";"0,00";"4,79";"60,90";"0,00";"2.030,76";"0,01";"28,50";"48,137";"0,00";"36,690";"0,053";"189.966,792";"0,00";"0,00";"0,00"
"38,61";"MERCEARIA \ SOBREMESAS \ CREME DE LEITE \ CREME DE LEITE LATA";"596,000";"1";"11,04";"6.580,22";"0,01";"0,00";"0,00";"0,00";"2,66";"1.585,25";"0,01";"24,09";"67,17";"40,18";"3.936,33";"3.071,50";"0,00";"0,00";"0,00";"1.923,47";"0,00";"5,92";"41,80";"0,00";"1.585,25";"0,01";"34,04";"205,620";"0,00";"178,800";"0,000";"0,000";"0,00";"0,00";"0,00"
"39,08";"MERCEARIA \ SOBREMESAS \ CREME DE LEITE \ CREME DE LEITE TP";"232.770,000";"9";"2,41";"561.241,87";"0,47";"242.199,61";"0,20";"43,15";"0,43";"101.226,16";"0,34";"18,04";"48,03";"32,44";"379.149,94";"295.736,88";"0,00";"0,00";"0,00";"164.278,84";"0,00";"35,23";"3.298,83";"0,00";"101.226,16";"0,34";"25,50";"49.070,996";"0,66";"3.133,200";"0,000";"0,000";"0,00";"0,00";"0,00"
"39,11";"MERCEARIA \ SOBREMESAS \ CREMES \ CREME DE AVELA";"1.886,000";"4";"20,67";"38.988,32";"0,03";"4.684,66";"0,00";"12,02";"6,44";"12.154,78";"0,04";"31,18";"64,08";"39,05";"23.762,41";"23.184,56";"0,00";"0,00";"0,00";"3.648,98";"0,00";"28,86";"313,87";"0,00";"12.154,78";"0,04";"34,39";"413,464";"0,01";"365,869";"0,000";"0,000";"0,00";"0,00";"0,00"
"39,19";"MERCEARIA \ SOBREMESAS \ DERIVADO DO COCO \ COCO RALADO";"16.898,000";"9";"5,72";"96.610,04";"0,08";"13.491,21";"0,01";"13,96";"1,26";"21.245,82";"0,07";"21,99";"43,97";"30,54";"67.102,87";"52.344,46";"1.718,67";"0,00";"0,00";"21.301,10";"0,00";"48,24";"697,54";"0,00";"22.964,48";"0,08";"30,49";"1.566,332";"0,02";"810,500";"0,358";"269.860,447";"0,00";"0,00";"0,00"
"39,31";"MERCEARIA \ SOBREMESAS \ DERIVADO DO COCO \ LEITE DE COCO";"22.004,000";"12";"6,28";"138.266,65";"0,12";"37.807,61";"0,03";"27,34";"1,43";"31.574,14";"0,11";"22,84";"58,81";"37,03";"87.064,20";"66.244,53";"0,00";"0,00";"0,00";"40.447,98";"0,00";"66,11";"869,43";"0,00";"31.574,14";"0,10";"32,28";"7.555,392";"0,10";"3.324,400";"2,310";"59.855,693";"0,00";"0,00";"0,00"
"39,33";"MERCEARIA \ SOBREMESAS \ DOCE - COMPOTA DOCE - COM \ COMPOTA LATA";"1.168,000";"7";"15,77";"18.424,04";"0,02";"80,91";"0,00";"0,44";"4,23";"4.935,28";"0,02";"26,79";"51,32";"33,91";"12.175,64";"11.626,42";"0,00";"0,00";"0,00";"1.862,35";"0,00";"13,99";"146,64";"0,00";"4.935,28";"0,02";"29,80";"822,211";"0,01";"446,285";"0,000";"0,000";"0,00";"0,00";"0,00"
"39,40";"MERCEARIA \ SOBREMESAS \ DOCE - COMPOTA DOCE - COM \ COMPOTA VIDRO";"7.048,000";"16";"11,76";"82.883,31";"0,07";"33.012,52";"0,03";"39,83";"2,94";"20.719,54";"0,07";"25,00";"67,91";"40,44";"49.361,94";"39.385,75";"0,00";"0,00";"0,00";"22.778,02";"0,00";"71,37";"535,18";"0,00";"20.719,54";"0,07";"34,47";"2.688,148";"0,04";"1.648,350";"0,000";"0,000";"0,00";"0,00";"0,00"
"39,44";"MERCEARIA \ SOBREMESAS \ DOCE - COMPOTA DOCE - COM \ DOCE BARRA";"5.721,000";"20";"8,50";"48.604,98";"0,04";"9.372,64";"0,01";"19,28";"2,44";"13.933,17";"0,05";"28,67";"58,35";"36,85";"30.694,09";"27.578,04";"0,00";"0,00";"0,00";"7.093,77";"0,00";"38,23";"374,63";"0,00";"13.933,17";"0,05";"33,56";"1.374,560";"0,02";"1.466,760";"0,000";"0,000";"0,00";"0,00";"0,00"
"39,45";"MERCEARIA \ SOBREMESAS \ FERMENTOS \ FERMENTO BIOLOGICO";"3.076,000";"1";"2,39";"7.340,18";"0,01";"0,00";"0,00";"0,00";"0,73";"2.252,81";"0,01";"30,69";"99,97";"49,99";"3.670,72";"2.931,58";"0,00";"0,00";"0,00";"2.155,80";"0,00";"0,23";"45,08";"0,00";"2.252,81";"0,01";"43,45";"46,140";"0,00";"30,760";"0,000";"0,000";"0,00";"0,00";"0,00"
"39,50";"MERCEARIA \ SOBREMESAS \ FERMENTOS \ FERMENTO PO";"13.735,000";"5";"4,51";"61.993,23";"0,05";"18.624,26";"0,02";"30,04";"1,00";"13.678,03";"0,05";"22,06";"62,09";"38,31";"38.246,48";"30.173,98";"0,00";"0,00";"0,00";"18.141,21";"0,00";"0,56";"390,18";"0,00";"13.678,03";"0,05";"31,19";"1.289,739";"0,02";"228.238,200";"0,000";"0,000";"0,00";"0,00";"0,00"
"39,50";"MERCEARIA \ SOBREMESAS \ FLAN \ FLAN";"241,000";"2";"4,98";"1.200,64";"0,00";"0,00";"0,00";"0,00";"1,07";"257,86";"0,00";"21,48";"61,93";"38,24";"741,46";"590,87";"0,00";"0,00";"0,00";"351,91";"0,00";"0,01";"7,19";"0,00";"257,86";"0,00";"30,38";"2,318";"0,00";"5,400";"0,000";"0,000";"0,00";"0,00";"0,00"
"39,51";"MERCEARIA \ SOBREMESAS \ GELATINA \ GELATINA LIGHT-DIET-COLAG";"3.376,000";"9";"4,87";"16.443,53";"0,01";"0,00";"0,00";"0,00";"0,96";"3.239,25";"0,01";"19,70";"54,18";"35,14";"10.664,85";"8.394,14";"0,00";"0,00";"0,00";"4.810,14";"0,00";"1,03";"102,72";"0,00";"3.239,25";"0,01";"27,84";"50,953";"0,00";"37,686";"4,362";"3.769,723";"0,00";"0,00";"0,00"
"39,58";"MERCEARIA \ SOBREMESAS \ GELATINA \ GELATINA TRADICIONAL";"30.898,000";"29";"2,59";"80.064,66";"0,07";"17.620,95";"0,01";"22,01";"0,53";"16.329,54";"0,05";"20,40";"56,82";"36,23";"51.053,89";"40.276,85";"0,00";"0,00";"0,00";"23.458,27";"0,00";"13,60";"471,94";"0,00";"16.329,54";"0,05";"28,85";"831,782";"0,01";"22.858,428";"0,000";"0,000";"0,00";"0,00";"0,00"
"39,62";"MERCEARIA \ SOBREMESAS \ GELEIAS \ GELEIA DE FRUTAS";"1.818,000";"37";"23,62";"42.937,37";"0,04";"404,94";"0,00";"0,94";"6,54";"11.895,36";"0,04";"27,70";"48,63";"32,72";"28.889,28";"27.070,31";"0,00";"0,00";"0,00";"3.971,71";"0,00";"40,64";"347,91";"0,00";"11.895,36";"0,04";"30,53";"706,225";"0,01";"346,990";"0,000";"0,000";"0,00";"0,00";"0,00"
"39,69";"MERCEARIA \ SOBREMESAS \ GELEIAS \ GELEIA DE MOCOTO";"18.943,000";"12";"4,30";"81.469,83";"0,07";"52.901,53";"0,04";"64,93";"0,95";"18.013,83";"0,06";"22,11";"61,60";"38,12";"50.415,69";"39.608,50";"0,00";"0,00";"0,00";"23.847,50";"0,00";"6,42";"547,75";"0,00";"18.013,83";"0,06";"31,26";"4.453,337";"0,06";"3.573,040";"3,229";"25.230,669";"0,00";"0,00";"0,00"
"39,70";"MERCEARIA \ SOBREMESAS \ GRANULADOS \ GRANULADOS";"1.948,000";"3";"7,31";"14.244,60";"0,01";"0,00";"0,00";"0,00";"2,19";"4.263,83";"0,01";"29,93";"50,35";"33,49";"9.474,10";"8.663,15";"0,00";"0,00";"0,00";"1.317,63";"0,00";"19,37";"122,65";"0,00";"4.263,83";"0,01";"32,98";"264,164";"0,00";"0,000";"0,000";"0,000";"0,00";"0,00";"0,00"
"39,74";"MERCEARIA \ SOBREMESAS \ LEITE CONDESADO \ LEITE CONDENSADO LATA";"5.778,000";"2";"8,93";"51.610,63";"0,04";"1.418,48";"0,00";"2,75";"0,39";"2.228,56";"0,01";"4,32";"17,43";"14,84";"43.949,40";"34.286,85";"0,00";"0,00";"0,00";"15.095,22";"0,00";"53,83";"319,74";"0,00";"2.228,56";"0,01";"6,10";"2.524,986";"0,03";"1.448,465";"0,000";"0,000";"0,00";"0,00";"0,00"
"40,44";"MERCEARIA \ SOBREMESAS \ LEITE CONDESADO \ LEITE CONDENSADO TP";"147.598,000";"5";"5,72";"843.797,56";"0,70";"447.809,16";"0,37";"53,07";"0,39";"56.850,92";"0,19";"6,74";"21,84";"17,92";"692.555,64";"540.191,56";"0,00";"0,00";"0,00";"246.755,08";"0,00";"71,34";"5.166,24";"0,00";"56.850,92";"0,19";"9,52";"60.226,109";"0,81";"14.692,420";"0,000";"0,000";"0,00";"0,00";"0,00"
"40,44";"MERCEARIA \ SOBREMESAS \ MANJAR \ MANJAR";"61,000";"1";"12,01";"732,61";"0,00";"0,00";"0,00";"0,00";"1,99";"121,58";"0,00";"16,60";"47,36";"32,14";"497,15";"396,88";"0,00";"0,00";"0,00";"214,15";"0,00";"0,60";"4,80";"0,00";"121,58";"0,00";"23,45";"0,000";"0,00";"0,000";"0,000";"0,000";"0,00";"0,00";"0,00"
"40,44";"MERCEARIA \ SOBREMESAS \ MARIA MOLE \ MARIA MOLE";"147,000";"1";"5,99";"881,14";"0,00";"0,00";"0,00";"0,00";"1,30";"191,78";"0,00";"21,76";"63,02";"38,66";"540,52";"431,65";"0,00";"0,00";"0,00";"257,71";"0,00";"0,00";"5,88";"0,00";"191,78";"0,00";"30,76";"0,000";"0,00";"0,000";"0,000";"0,000";"0,00";"0,00";"0,00"
"40,55";"MERCEARIA \ SOBREMESAS \ MISTURAS \ MIST P.BOLO TRADICIONAL";"19.477,000";"28";"6,67";"129.917,82";"0,11";"90.397,60";"0,08";"69,58";"1,61";"31.280,33";"0,10";"24,08";"68,24";"40,56";"77.219,99";"60.618,25";"0,00";"0,00";"0,00";"38.019,23";"0,00";"54,16";"815,58";"0,00";"31.280,33";"0,10";"34,04";"7.980,404";"0,11";"2.851,410";"0,000";"0,000";"0,00";"0,00";"0,00"
"40,55";"MERCEARIA \ SOBREMESAS \ MISTURAS \ POS PARA SORVETE- MOUSSE";"48,000";"3";"11,30";"542,52";"0,00";"0,00";"0,00";"0,00";"1,88";"90,41";"0,00";"16,66";"40,13";"28,64";"387,16";"329,45";"0,00";"0,00";"0,00";"122,66";"0,00";"0,48";"3,81";"0,00";"90,41";"0,00";"21,53";"0,000";"0,00";"2,250";"0,000";"0,000";"0,00";"0,00";"0,00"
"40,55";"MERCEARIA \ SOBREMESAS \ PUDIM \ PUDIM";"875,000";"6";"4,57";"3.998,48";"0,00";"0,00";"0,00";"0,00";"0,89";"780,45";"0,00";"19,52";"55,03";"35,50";"2.579,19";"2.047,54";"0,00";"0,00";"0,00";"1.170,48";"0,00";"0,11";"27,48";"0,00";"780,45";"0,00";"27,60";"7,733";"0,00";"3,050";"0,000";"0,000";"0,00";"0,00";"0,00"
"40,55";"MERCEARIA \ SOBREMESAS \ SOBREMESAS \ SOBREMESAS";"36,000";"1";"8,34";"300,14";"0,00";"0,00";"0,00";"0,00";"2,02";"72,80";"0,00";"24,26";"52,36";"34,36";"197,00";"139,45";"0,00";"0,00";"0,00";"87,88";"0,00";"0,35";"1,82";"0,00";"72,80";"0,00";"34,30";"8,100";"0,00";"0,000";"0,000";"0,000";"0,00";"0,00";"0,00"
"40,55";"NAO REVENDA \ RECICLAVEIS \ RECICLAVEIS \ RECICLAVEIS";"424,220";"1";"0,50";"212,10";"0,00";"0,00";"0,00";"0,00";"0,35";"150,13";"0,00";"70,78";"";"100,00";"0,00";"0,00";"0,00";"0,00";"0,00";"61,97";"0,00";"0,02";"1,40";"0,00";"150,13";"0,00";"100,00";"0,000";"0,00";"0,000";"0,000";"0,000";"0,00";"0,00";"0,00"
"40,59";"NAO REVENDA \ SERVICOS \ FRETE \ FRETE";"4.336,000";"3";"11,28";"48.889,60";"0,04";"0,00";"0,00";"0,00";"11,28";"48.889,60";"0,16";"100,00";"";"100,00";"0,00";"0,00";"0,00";"0,00";"0,00";"0,00";"0,00";"0,00";"0,00";"0,00";"48.889,60";"0,16";"100,00";"0,000";"0,00";"0,000";"0,000";"0,000";"0,00";"0,00";"0,00"
"43,49";"PERECIVEIS \ ACOUGUE \ AVES \ CORTE FRANGO CONG";"222.342,849";"84";"15,63";"3.474.565,90";"2,90";"1.466.713,45";"1,23";"42,21";"4,08";"906.238,22";"3,02";"26,08";"39,41";"28,27";"2.492.316,92";"2.311.177,82";"0,00";"0,00";"0,00";"257.149,86";"0,00";"66,33";"608,07";"0,00";"906.238,22";"3,00";"28,17";"214.982,876";"2,87";"166.674,100";"0,000";"0,000";"0,00";"0,00";"0,00"
"46,63";"PERECIVEIS \ ACOUGUE \ AVES \ CORTE FRANGO CONG GRANEL";"303.784,799";"12";"12,36";"3.754.089,23";"3,14";"2.269.049,96";"1,90";"60,44";"3,38";"1.026.448,48";"3,42";"27,34";"41,64";"29,40";"2.650.378,93";"2.464.863,00";"0,00";"0,00";"0,00";"262.777,75";"0,00";"0,00";"0,00";"0,00";"1.026.448,48";"3,40";"29,40";"293.537,663";"3,93";"293.537,663";"0,260";"14.438.804,731";"0,00";"0,00";"0,00"
"46,70";"PERECIVEIS \ ACOUGUE \ AVES \ CORTE FRANGO RESFRIADO";"8.656,105";"2";"9,48";"82.057,78";"0,07";"0,00";"0,00";"0,00";"5,39";"46.641,92";"0,16";"56,84";"157,18";"61,12";"31.906,48";"29.673,11";"0,00";"0,00";"0,00";"5.742,75";"0,00";"0,00";"0,00";"0,00";"46.641,92";"0,15";"61,12";"0,000";"0,00";"8.653,105";"0,000";"0,000";"0,00";"0,00";"0,00"
"46,72";"PERECIVEIS \ ACOUGUE \ AVES \ FRANGO INTEIRO";"1.967,176";"16";"13,67";"26.899,28";"0,02";"247,24";"0,00";"0,92";"4,52";"8.888,66";"0,03";"33,04";"57,36";"36,45";"17.094,26";"15.574,62";"0,00";"0,00";"0,00";"2.436,00";"0,00";"0,00";"0,00";"0,00";"8.888,66";"0,03";"36,33";"41,796";"0,00";"228,481";"0,000";"0,000";"0,00";"0,00";"0,00"
"46,99";"PERECIVEIS \ ACOUGUE \ AVES \ MIUDOS DE FRANGO";"25.820,121";"22";"12,69";"327.745,64";"0,27";"4.690,25";"0,00";"1,43";"5,35";"138.245,87";"0,46";"42,18";"83,32";"45,45";"178.782,75";"165.701,38";"0,00";"0,00";"0,00";"23.798,39";"0,00";"0,20";"2,20";"0,00";"138.245,87";"0,46";"45,48";"15.546,189";"0,21";"16.600,617";"0,001";"327.745.640,000";"0,00";"0,00";"0,00"
"47,00";"PERECIVEIS \ ACOUGUE \ BOVINO \ BOVINOS PREMIUM";"372,056";"3";"40,04";"14.895,61";"0,01";"1.555,55";"0,00";"10,44";"25,51";"9.492,27";"0,03";"63,73";"217,67";"68,52";"4.689,00";"4.360,79";"0,00";"0,00";"0,00";"1.042,55";"0,00";"0,00";"0,00";"0,00";"9.492,27";"0,03";"68,52";"93,848";"0,00";"93,848";"0,000";"0,000";"0,00";"0,00";"0,00"
"52,05";"PERECIVEIS \ ACOUGUE \ BOVINO \ DIANTEIRO BOVINO";"187.874,908";"15";"32,20";"6.048.862,12";"5,05";"2.266.294,01";"1,89";"37,47";"5,56";"1.044.341,22";"3,48";"17,27";"22,79";"18,56";"4.926.091,96";"4.581.101,66";"0,00";"0,00";"0,00";"423.419,24";"0,00";"0,00";"0,00";"0,00";"1.044.341,22";"3,46";"18,56";"37.675,116";"0,50";"37.447,594";"0,030";"201.628.737,333";"0,00";"0,00";"0,00"
"52,98";"PERECIVEIS \ ACOUGUE \ BOVINO \ MIUDOS BOVINO";"62.409,341";"10";"17,81";"1.111.224,13";"0,93";"76.860,50";"0,06";"6,92";"6,35";"396.202,67";"1,32";"35,65";"62,17";"38,34";"685.203,91";"637.242,15";"0,00";"0,00";"0,00";"77.779,31";"0,00";"0,00";"0,00";"0,00";"396.202,67";"1,31";"38,34";"61.160,213";"0,82";"61.160,213";"0,058";"19.159.036,724";"0,00";"0,00";"0,00"
"59,48";"PERECIVEIS \ ACOUGUE \ BOVINO \ TRASEIRO BOVINO";"160.241,630";"37";"48,57";"7.782.885,25";"6,50";"4.272.475,33";"3,57";"54,90";"9,26";"1.483.683,75";"4,94";"19,06";"25,73";"20,47";"6.189.998,79";"5.754.430,95";"0,00";"0,00";"0,00";"544.770,55";"0,00";"0,00";"0,00";"0,00";"1.483.683,75";"4,91";"20,50";"132.728,194";"1,77";"139.567,289";"0,133";"58.517.934,211";"0,00";"0,00";"0,00"
"59,48";"PERECIVEIS \ ACOUGUE \ LINGUICAS \ LINGUICA COSTELA";"387,000";"2";"13,51";"5.228,36";"0,00";"2.347,21";"0,00";"44,89";"3,16";"1.224,01";"0,00";"23,41";"40,53";"28,84";"3.720,56";"3.188,11";"0,00";"0,00";"0,00";"816,23";"0,00";"4,30";"39,04";"0,00";"1.224,01";"0,00";"27,74";"119,152";"0,00";"102,900";"0,000";"0,000";"0,00";"0,00";"0,00"
"59,60";"PERECIVEIS \ ACOUGUE \ LINGUICAS \ LINGUICA FRANGO";"7.833,964";"10";"18,43";"144.351,64";"0,12";"30.056,49";"0,03";"20,82";"5,43";"42.536,22";"0,14";"29,47";"68,17";"40,53";"85.838,89";"79.286,18";"0,00";"0,00";"0,00";"22.529,24";"0,00";"108,81";"1.096,65";"0,00";"42.536,22";"0,14";"34,92";"4.247,470";"0,06";"3.370,494";"0,000";"0,000";"0,00";"0,00";"0,00"
"59,93";"PERECIVEIS \ ACOUGUE \ LINGUICAS \ LINGUICA PERNIL";"20.843,066";"9";"18,74";"390.662,48";"0,33";"230.577,63";"0,19";"59,02";"3,45";"71.942,46";"0,24";"18,42";"40,13";"28,64";"278.791,86";"257.764,11";"0,00";"0,00";"0,00";"60.955,91";"0,00";"339,33";"2.975,97";"0,00";"71.942,46";"0,24";"21,82";"18.531,885";"0,25";"19.957,166";"0,018";"21.703.471,111";"0,00";"0,00";"0,00"
"60,48";"PERECIVEIS \ ACOUGUE \ LINGUICAS \ LINGUICA SUINA-MISTA";"37.992,377";"8";"17,33";"658.476,69";"0,55";"505.976,02";"0,42";"76,84";"2,82";"107.176,58";"0,36";"16,28";"36,46";"26,72";"482.529,82";"448.560,62";"0,00";"0,00";"0,00";"102.739,49";"0,00";"571,42";"5.011,55";"0,00";"107.176,58";"0,35";"19,29";"2.802,010";"0,04";"37.810,277";"0,003";"219.492.230,000";"0,00";"0,00";"0,00"
"60,53";"PERECIVEIS \ ACOUGUE \ LINGUICAS \ LINGUICA TOSCANA CHURRASC";"2.879,000";"10";"19,39";"55.815,31";"0,05";"6.668,02";"0,01";"11,95";"5,26";"15.154,54";"0,05";"27,15";"58,94";"37,08";"35.116,79";"31.951,10";"0,00";"0,00";"0,00";"8.709,66";"0,00";"46,12";"421,50";"0,00";"15.154,54";"0,05";"32,17";"1.506,656";"0,02";"1.149,200";"0,000";"0,000";"0,00";"0,00";"0,00"
"60,99";"PERECIVEIS \ ACOUGUE \ SALSICHAS-SALSICHAO \ SALSICHAS-SALSICHAO";"53.577,450";"6";"10,25";"549.067,85";"0,46";"443.974,36";"0,37";"80,86";"2,28";"122.205,64";"0,41";"22,26";"49,17";"32,96";"368.077,05";"341.187,82";"0,00";"0,00";"0,00";"85.674,39";"0,00";"495,50";"4.187,15";"0,00";"122.205,64";"0,40";"26,37";"4.562,181";"0,06";"51.423,076";"0,005";"109.813.570,000";"0,00";"0,00";"0,00"
"62,31";"PERECIVEIS \ ACOUGUE \ SUINOS \ SUINOS CONGELADOS";"107.209,558";"18";"14,75";"1.581.247,67";"1,32";"1.146.255,38";"0,96";"72,49";"3,78";"405.703,34";"1,35";"25,66";"38,11";"27,59";"1.144.954,40";"1.064.843,87";"0,00";"0,00";"0,00";"110.700,47";"0,00";"0,64";"5,60";"0,00";"405.703,34";"1,34";"27,59";"106.973,150";"1,43";"106.978,726";"0,107";"14.778.015,607";"0,00";"0,00";"0,00"
"63,36";"PERECIVEIS \ ACOUGUE \ SUINOS \ SUINOS RESFRIADOS";"62.290,607";"12";"20,25";"1.261.540,57";"1,05";"548.086,05";"0,46";"43,45";"9,69";"603.524,09";"2,01";"47,84";"105,94";"51,44";"612.589,44";"569.697,98";"0,00";"0,00";"0,00";"88.318,50";"0,00";"0,00";"0,00";"0,00";"603.524,09";"2,00";"51,44";"62.289,405";"0,83";"62.289,405";"0,062";"20.347.428,548";"0,00";"0,00";"0,00"
"63,80";"PERECIVEIS \ CONGELADO \ EMPANADOS \ EMPANADOS";"38.153,000";"56";"13,65";"520.975,08";"0,44";"398.637,77";"0,33";"76,52";"2,92";"111.358,72";"0,37";"21,38";"44,25";"30,68";"361.165,70";"360.272,52";"0,00";"0,00";"0,00";"49.343,85";"0,00";"485,06";"4.224,46";"0,00";"111.358,72";"0,37";"23,61";"21.227,496";"0,28";"12.153,985";"0,000";"0,000";"0,00";"0,00";"0,00"
"63,85";"PERECIVEIS \ CONGELADO \ EMPANADOS \ STEAK";"27.788,000";"5";"2,34";"64.987,22";"0,05";"64.985,44";"0,05";"100,00";"0,65";"17.959,05";"0,06";"27,63";"58,44";"36,88";"41.017,94";"41.016,85";"0,00";"0,00";"0,00";"6.011,32";"0,00";"8,81";"551,60";"0,00";"17.959,05";"0,06";"30,45";"2.888,251";"0,04";"2.778,800";"0,000";"0,000";"0,00";"0,00";"0,00"
"63,89";"PERECIVEIS \ CONGELADO \ FRUTAS CONGELADAS \ FRUTAS CONGELADAS";"2.596,000";"3";"16,63";"43.172,22";"0,04";"17.525,44";"0,01";"40,59";"5,71";"14.827,33";"0,05";"34,34";"52,31";"34,34";"28.344,89";"28.344,89";"0,00";"0,00";"0,00";"0,00";"0,00";"15,31";"149,70";"0,00";"14.827,33";"0,05";"34,34";"2.604,312";"0,03";"2.598,164";"0,000";"0,000";"0,00";"0,00";"0,00"
"63,90";"PERECIVEIS \ CONGELADO \ FRUTAS CONGELADAS \ POLPAS DE FRUTAS";"856,000";"12";"13,53";"11.579,11";"0,01";"0,00";"0,00";"0,00";"5,16";"4.420,01";"0,01";"38,17";"61,74";"38,17";"7.159,10";"7.159,10";"0,00";"0,00";"0,00";"0,00";"0,00";"0,74";"6,82";"0,00";"4.420,01";"0,01";"38,17";"248,205";"0,00";"318,400";"0,000";"0,000";"0,00";"0,00";"0,00"
"63,91";"PERECIVEIS \ CONGELADO \ GELO \ GELO FILTRADO";"762,000";"1";"16,98";"12.938,76";"0,01";"0,00";"0,00";"0,00";"5,44";"4.145,55";"0,01";"32,04";"126,42";"55,83";"5.714,62";"5.010,18";"0,00";"0,00";"0,00";"3.783,03";"0,00";"7,60";"83,36";"0,00";"4.145,55";"0,01";"45,28";"3.276,600";"0,04";"0,000";"0,000";"0,000";"0,00";"0,00";"0,00"
"64,38";"PERECIVEIS \ CONGELADO \ LANCHES PRONTOS CONGELADO \ HAMBURGUER";"82.843,000";"31";"6,83";"565.722,50";"0,47";"409.713,29";"0,34";"72,42";"1,75";"145.183,94";"0,48";"25,66";"51,96";"34,19";"372.274,54";"369.416,71";"0,00";"0,00";"0,00";"51.121,84";"0,00";"399,80";"4.127,39";"0,00";"145.183,94";"0,48";"28,21";"22.030,504";"0,29";"19.756,208";"0,000";"0,000";"0,00";"0,00";"0,00"
"64,59";"PERECIVEIS \ CONGELADO \ LANCHES PRONTOS CONGELADO \ PAO DE QUEIJO";"19.297,000";"18";"13,11";"253.073,39";"0,21";"180.414,15";"0,15";"71,29";"3,23";"62.234,42";"0,21";"24,59";"65,28";"39,50";"153.115,55";"121.929,88";"0,00";"0,00";"0,00";"68.909,09";"0,00";"178,30";"1.650,80";"0,00";"62.234,42";"0,21";"33,79";"12.450,740";"0,17";"10.422,600";"0,000";"0,000";"0,00";"0,00";"0,00"
"64,67";"PERECIVEIS \ CONGELADO \ LANCHES PRONTOS CONGELADO \ PIZZA";"4.631,000";"17";"20,45";"94.701,16";"0,08";"11.151,11";"0,01";"11,78";"5,46";"25.293,34";"0,08";"26,71";"55,79";"35,81";"60.786,23";"60.647,97";"0,00";"0,00";"0,00";"8.759,86";"0,00";"89,75";"784,42";"0,00";"25.293,34";"0,08";"29,43";"2.431,315";"0,03";"2.068,720";"0,000";"0,000";"0,00";"0,00";"0,00"
"64,69";"PERECIVEIS \ CONGELADO \ LANCHES PRONTOS CONGELADO \ SALGADOS CONGELADOS";"1.145,000";"9";"21,27";"24.350,36";"0,02";"0,00";"0,00";"0,00";"6,98";"7.993,59";"0,03";"32,83";"51,41";"33,95";"16.082,55";"15.844,92";"145,13";"0,00";"0,00";"366,72";"0,00";"11,28";"89,71";"0,00";"8.138,72";"0,03";"33,93";"752,527";"0,01";"30,680";"0,040";"608.759,000";"0,00";"0,00";"0,00"
"64,71";"PERECIVEIS \ CONGELADO \ LANCHES PRONTOS CONGELADO \ SANDUICHE";"2.768,000";"9";"9,15";"25.327,91";"0,02";"22.141,24";"0,02";"87,42";"2,42";"6.690,91";"0,02";"26,42";"55,22";"35,58";"16.317,25";"16.294,17";"0,00";"0,00";"0,00";"2.342,83";"0,00";"27,62";"202,77";"0,00";"6.690,91";"0,02";"29,11";"474,465";"0,01";"401,360";"0,000";"0,000";"0,00";"0,00";"0,00"
"64,74";"PERECIVEIS \ CONGELADO \ PRATOS PRONTOS - SEMI-PRO \ ALMONDEGA - KIBE- BIFE";"1.721,000";"7";"20,58";"35.417,10";"0,03";"3.502,62";"0,00";"9,89";"6,18";"10.639,59";"0,04";"30,04";"64,48";"39,20";"21.533,32";"21.465,49";"0,00";"0,00";"0,00";"3.312,02";"0,00";"31,88";"288,20";"0,00";"10.639,59";"0,04";"33,14";"882,435";"0,01";"535,200";"0,000";"0,000";"0,00";"0,00";"0,00"
"64,76";"PERECIVEIS \ CONGELADO \ PRATOS PRONTOS - SEMI-PRO \ BOLINHO DE BACALHAU";"762,000";"1";"24,94";"19.004,57";"0,02";"19.004,58";"0,02";"100,00";"7,58";"5.777,42";"0,02";"30,40";"47,16";"32,04";"12.914,62";"12.914,62";"312,53";"0,00";"0,00";"0,00";"0,00";"7,60";"68,52";"0,00";"6.089,95";"0,02";"32,04";"472,440";"0,01";"0,000";"0,000";"0,000";"0,00";"0,00";"0,00"
"64,77";"PERECIVEIS \ CONGELADO \ PRATOS PRONTOS - SEMI-PRO \ PRATOS PRONTOS ESCONDIDIN";"544,000";"3";"21,22";"11.546,11";"0,01";"10.117,08";"0,01";"87,62";"5,05";"2.747,46";"0,01";"23,80";"63,25";"38,74";"7.072,78";"5.793,49";"0,00";"0,00";"0,00";"3.005,16";"0,00";"8,55";"77,56";"0,00";"2.747,46";"0,01";"32,17";"331,672";"0,00";"276,000";"0,000";"0,000";"0,00";"0,00";"0,00"
"64,85";"PERECIVEIS \ CONGELADO \ PRATOS PRONTOS - SEMI-PRO \ PRATOS PRONTOS ESPECIAIS";"10.837,000";"16";"8,73";"94.613,30";"0,08";"64.539,35";"0,05";"68,21";"2,53";"27.463,10";"0,09";"29,03";"57,52";"36,52";"60.063,77";"58.129,37";"660,60";"0,00";"0,00";"8.360,23";"0,00";"47,25";"598,47";"0,00";"28.123,70";"0,09";"32,61";"3.878,733";"0,05";"3.678,400";"0,000";"0,000";"0,00";"0,00";"0,00"
"65,11";"PERECIVEIS \ CONGELADO \ PRATOS PRONTOS - SEMI-PRO \ PRATOS PRONTOS LASANHA";"21.058,000";"23";"15,02";"316.356,71";"0,26";"126.588,15";"0,11";"40,01";"4,21";"88.644,10";"0,30";"28,02";"42,73";"29,94";"221.639,63";"221.639,63";"6.072,98";"0,00";"0,00";"0,00";"0,00";"141,44";"1.146,11";"0,00";"94.717,08";"0,31";"29,94";"12.074,330";"0,16";"10.846,800";"0,000";"0,000";"0,00";"0,00";"0,00"
"65,11";"PERECIVEIS \ CONGELADO \ PRATOS PRONTOS - SEMI-PRO \ PRATOS PRONTOS LEGUMES";"284,000";"4";"16,69";"4.738,80";"0,00";"0,00";"0,00";"0,00";"3,93";"1.114,85";"0,00";"23,53";"64,70";"39,28";"2.877,28";"2.238,45";"0,00";"0,00";"0,00";"1.385,50";"0,00";"2,97";"30,35";"0,00";"1.114,85";"0,00";"33,25";"101,322";"0,00";"0,000";"0,000";"0,000";"0,00";"0,00";"0,00"
"65,15";"PERECIVEIS \ CONGELADO \ PRATOS PRONTOS - SEMI-PRO \ PRATOS PRONTOS MASSAS";"4.063,000";"12";"11,73";"47.661,63";"0,04";"10.060,53";"0,01";"21,11";"3,50";"14.218,35";"0,05";"29,83";"45,82";"31,42";"32.684,37";"32.684,37";"758,91";"0,00";"0,00";"0,00";"0,00";"3,54";"164,96";"0,00";"14.977,26";"0,05";"31,42";"1.401,669";"0,02";"2.308,650";"0,245";"194.537,265";"0,00";"0,00";"0,00"
"65,15";"PERECIVEIS \ CONGELADO \ PRATOS PRONTOS - SEMI-PRO \ PRATOS PRONTOS YAKISOBA";"237,000";"2";"24,82";"5.881,56";"0,00";"0,00";"0,00";"0,00";"7,27";"1.722,38";"0,01";"29,28";"45,38";"31,21";"4.045,70";"4.045,70";"113,48";"0,00";"0,00";"0,00";"0,00";"2,35";"20,72";"0,00";"1.835,86";"0,01";"31,21";"73,428";"0,00";"69,600";"0,000";"0,000";"0,00";"0,00";"0,00"
"65,16";"PERECIVEIS \ CONGELADO \ PRATOS PRONTOS - SEMI-PRO \ TORTAS - QUICHES";"478,000";"3";"23,06";"11.024,61";"0,01";"11.024,62";"0,01";"100,00";"6,15";"2.937,54";"0,01";"26,65";"55,70";"35,77";"7.080,81";"7.067,29";"0,00";"0,00";"0,00";"1.019,78";"0,00";"9,51";"90,93";"0,00";"2.937,54";"0,01";"29,36";"263,378";"0,00";"239,000";"0,000";"0,000";"0,00";"0,00";"0,00"
"65,17";"PERECIVEIS \ CONGELADO \ PRATOS PRONTOS - SEMI-PRO \ WAFFLE";"804,000";"4";"15,02";"12.077,91";"0,01";"8.620,14";"0,01";"71,37";"4,28";"3.441,07";"0,01";"28,49";"59,93";"37,47";"7.551,81";"7.519,64";"0,00";"0,00";"0,00";"1.117,21";"0,00";"9,75";"96,88";"0,00";"3.441,07";"0,01";"31,39";"254,016";"0,00";"218,750";"0,000";"0,000";"0,00";"0,00";"0,00"
"65,18";"PERECIVEIS \ CONGELADO \ SORVETES - PICOLE - ACAI \ ACAI";"791,000";"16";"18,24";"14.424,11";"0,01";"0,00";"0,00";"0,00";"5,00";"3.953,85";"0,01";"27,41";"50,88";"33,72";"9.559,82";"8.121,12";"0,00";"0,00";"0,00";"2.349,14";"0,00";"12,25";"106,64";"0,00";"3.953,85";"0,01";"32,74";"59,013";"0,00";"77,360";"0,000";"0,000";"0,00";"0,00";"0,00"
"65,20";"PERECIVEIS \ CONGELADO \ SORVETES - PICOLE - ACAI \ PACK - PICOLE";"2.307,000";"40";"10,50";"24.218,16";"0,02";"595,13";"0,00";"2,46";"1,58";"3.651,09";"0,01";"15,08";"43,74";"30,43";"16.848,34";"13.487,23";"0,00";"0,00";"0,00";"7.079,84";"0,00";"19,79";"152,72";"0,00";"3.651,09";"0,01";"21,30";"117,296";"0,00";"203,783";"0,000";"0,000";"0,00";"0,00";"0,00"
"65,49";"PERECIVEIS \ CONGELADO \ SORVETES - PICOLE - ACAI \ SORVETES";"16.301,000";"77";"21,43";"349.348,44";"0,29";"160.570,63";"0,13";"45,96";"4,53";"73.790,64";"0,25";"21,12";"43,95";"30,53";"242.694,47";"173.457,56";"0,00";"0,00";"0,00";"102.100,24";"0,00";"229,93";"2.212,85";"0,00";"73.790,64";"0,24";"29,84";"9.635,133";"0,13";"14.009,418";"0,360";"970.412,333";"0,00";"0,00";"0,00"
"66,28";"PERECIVEIS \ CONGELADO \ VEGETAIS CONGELADOS \ BATATA FRITA CONGELADA";"52.471,000";"23";"18,08";"948.666,52";"0,79";"737.537,91";"0,62";"77,74";"3,82";"200.369,70";"0,67";"21,12";"54,80";"35,40";"612.822,65";"491.788,40";"0,00";"0,00";"0,00";"256.508,42";"0,00";"608,64";"6.256,24";"0,00";"200.369,70";"0,66";"28,95";"82.229,689";"1,10";"72.794,110";"0,000";"0,000";"0,00";"0,00";"0,00"
"66,31";"PERECIVEIS \ CONGELADO \ VEGETAIS CONGELADOS \ VEGETAIS CONGELADOS";"3.615,000";"14";"10,04";"36.285,53";"0,03";"20.355,44";"0,02";"56,10";"2,51";"9.057,18";"0,03";"24,96";"52,66";"34,50";"23.768,15";"21.121,44";"0,00";"0,00";"0,00";"6.106,90";"0,00";"25,29";"181,61";"0,00";"9.057,18";"0,03";"30,01";"1.315,293";"0,02";"1.115,325";"0,000";"0,000";"0,00";"0,00";"0,00"
"66,42";"PERECIVEIS \ FLV \ ALHO \ ALHO EMBALADO";"10.512,000";"1";"12,03";"126.447,90";"0,11";"111,86";"0,00";"0,09";"5,07";"53.269,22";"0,18";"42,13";"82,84";"45,31";"69.155,96";"64.315,05";"0,00";"0,00";"0,00";"8.863,63";"0,00";"0,00";"0,00";"0,00";"53.269,22";"0,18";"45,30";"5.361,120";"0,07";"5.256,000";"0,000";"0,000";"0,00";"0,00";"0,00"
"66,99";"PERECIVEIS \ FLV \ ALHO \ ALHO GRANEL";"36.705,944";"2";"18,63";"683.846,26";"0,57";"298.087,50";"0,25";"43,59";"4,55";"167.026,80";"0,56";"24,42";"35,62";"26,27";"504.224,30";"468.928,60";"0,00";"0,00";"0,00";"47.890,86";"0,00";"0,00";"0,00";"0,00";"167.026,80";"0,55";"26,26";"0,000";"0,00";"0,000";"0,000";"0,000";"0,00";"0,00";"0,00"
"67,03";"PERECIVEIS \ FLV \ ESPECIARIAS \ ESPECIARIAS";"662,057";"65";"76,36";"50.551,38";"0,04";"0,00";"0,00";"0,00";"37,23";"24.645,27";"0,08";"48,75";"200,13";"66,68";"16.842,92";"12.593,04";"60,40";"0,00";"0,00";"13.252,67";"0,00";"30,59";"272,38";"0,00";"24.705,68";"0,08";"66,24";"0,000";"0,00";"0,000";"0,000";"0,000";"0,00";"0,00";"0,00"
"67,43";"PERECIVEIS \ FLV \ FRUTAS \ FRUTAS EMBALADAS";"56.179,000";"13";"8,44";"474.105,87";"0,40";"166.201,05";"0,14";"35,06";"2,59";"145.672,75";"0,48";"30,73";"44,35";"30,73";"328.433,12";"328.433,12";"0,00";"0,00";"0,00";"0,00";"0,00";"0,00";"0,00";"0,00";"145.672,75";"0,48";"30,73";"35.281,203";"0,47";"0,000";"0,000";"0,000";"0,00";"0,00";"0,00"
"70,14";"PERECIVEIS \ FLV \ FRUTAS \ FRUTAS FRESCAS GRANEL";"478.616,281";"63";"6,78";"3.245.844,10";"2,71";"1.230.040,41";"1,03";"37,90";"2,33";"1.116.101,72";"3,71";"34,39";"52,60";"34,47";"2.126.997,47";"2.123.463,03";"0,00";"0,00";"0,00";"6.279,35";"0,00";"12,30";"119,90";"0,00";"1.116.101,72";"3,69";"34,45";"720,129";"0,01";"1,471";"0,918";"3.535.777,887";"0,00";"0,00";"0,00"
"70,14";"PERECIVEIS \ FLV \ FRUTAS \ FRUTAS PROCESSADAS";"56,458";"1";"18,35";"1.035,74";"0,00";"0,00";"0,00";"0,00";"11,15";"629,71";"0,00";"60,80";"155,09";"60,80";"406,03";"406,03";"0,00";"0,00";"0,00";"0,00";"0,00";"0,00";"0,00";"0,00";"629,71";"0,00";"60,80";"0,000";"0,00";"0,000";"0,000";"0,000";"0,00";"0,00";"0,00"
"70,14";"PERECIVEIS \ FLV \ FRUTAS \ POLPA FRUTA";"17,188";"1";"39,97";"687,03";"0,00";"0,00";"0,00";"0,00";"14,61";"251,17";"0,00";"36,56";"84,53";"45,81";"372,31";"372,31";"0,00";"0,00";"0,00";"63,55";"0,00";"0,54";"5,64";"0,00";"251,17";"0,00";"40,29";"0,000";"0,00";"0,000";"0,000";"0,000";"0,00";"0,00";"0,00"
"70,14";"PERECIVEIS \ FLV \ HIGIENIZADOR DE FLV \ HIGIENIZADOR DE FLV";"237,000";"1";"12,94";"3.066,53";"0,00";"0,00";"0,00";"0,00";"2,54";"602,53";"0,00";"19,65";"56,16";"35,96";"1.963,71";"1.567,75";"0,00";"0,00";"0,00";"896,25";"0,00";"2,37";"19,03";"0,00";"602,53";"0,00";"27,76";"2,370";"0,00";"0,000";"0,000";"0,000";"0,00";"0,00";"0,00"
"70,14";"PERECIVEIS \ FLV \ HIGIENIZADOR DE FLV \ HIGIENIZADOR DE FLV LIQUI";"352,000";"1";"11,61";"4.087,56";"0,00";"0,00";"0,00";"0,00";"2,87";"1.011,10";"0,00";"24,74";"69,66";"41,06";"2.409,27";"1.881,60";"0,00";"0,00";"0,00";"1.194,86";"0,00";"3,52";"24,95";"0,00";"1.011,10";"0,00";"34,95";"118,976";"0,00";"0,000";"0,000";"0,000";"0,00";"0,00";"0,00"
"73,49";"PERECIVEIS \ FLV \ LEGUMES \ LEGUMES COMUM";"478.293,171";"44";"8,39";"4.010.614,16";"3,35";"775.469,92";"0,65";"19,34";"2,59";"1.237.775,53";"4,12";"30,86";"44,70";"30,89";"2.771.690,58";"2.771.690,58";"0,00";"0,00";"0,00";"1.148,05";"0,00";"6,60";"115,90";"0,00";"1.237.775,53";"4,10";"30,87";"5.338,233";"0,07";"0,000";"0,000";"0,000";"0,00";"0,00";"0,00"
"73,56";"PERECIVEIS \ FLV \ LEGUMES \ LEGUMES EMBALADOS";"13.110,079";"7";"6,37";"83.553,23";"0,07";"1.335,24";"0,00";"1,60";"2,67";"35.034,15";"0,12";"41,93";"72,21";"41,93";"48.519,08";"48.519,08";"0,00";"0,00";"0,00";"0,00";"0,00";"0,00";"0,00";"0,00";"35.034,15";"0,12";"41,93";"6.111,402";"0,08";"0,000";"0,000";"0,000";"0,00";"0,00";"0,00"
"73,57";"PERECIVEIS \ FLV \ LEGUMES \ LEGUMES PROCESSADOS";"724,952";"13";"12,32";"8.933,74";"0,01";"0,00";"0,00";"0,00";"7,28";"5.279,81";"0,02";"59,10";"144,55";"59,11";"3.653,19";"3.653,19";"0,00";"0,00";"0,00";"0,74";"0,00";"0,01";"3,58";"0,00";"5.279,81";"0,02";"59,10";"60,302";"0,00";"0,000";"0,000";"0,000";"0,00";"0,00";"0,00"
"73,57";"PERECIVEIS \ FLV \ ORIENTAIS E BROTOS \ COGUMELOS IN NATURA";"137,000";"6";"16,93";"2.318,76";"0,00";"0,00";"0,00";"0,00";"7,61";"1.042,67";"0,00";"44,97";"85,50";"46,09";"1.250,00";"1.232,42";"6,15";"0,00";"0,00";"37,52";"0,00";"1,60";"10,15";"0,00";"1.048,83";"0,00";"45,98";"23,775";"0,00";"15,600";"0,000";"0,000";"0,00";"0,00";"0,00"
"75,44";"PERECIVEIS \ FLV \ OVOS \ OVOS BRANCOS";"174.031,000";"4";"12,86";"2.237.694,99";"1,87";"1.140.912,19";"0,95";"50,99";"2,66";"462.064,32";"1,54";"20,65";"26,02";"20,65";"1.775.630,67";"1.775.630,67";"0,00";"0,00";"0,00";"0,00";"0,00";"0,00";"0,00";"0,00";"462.064,32";"1,53";"20,65";"206.002,732";"2,75";"0,000";"0,000";"0,000";"0,00";"0,00";"0,00"
"75,51";"PERECIVEIS \ FLV \ OVOS \ OVOS CAIPIRAS";"4.881,000";"2";"17,40";"84.928,48";"0,07";"0,00";"0,00";"0,00";"6,12";"29.887,35";"0,10";"35,19";"54,30";"35,19";"55.041,13";"55.041,13";"0,00";"0,00";"0,00";"0,00";"0,00";"0,00";"0,00";"0,00";"29.887,35";"0,10";"35,19";"4.142,731";"0,06";"0,000";"0,000";"0,000";"0,00";"0,00";"0,00"
"75,54";"PERECIVEIS \ FLV \ OVOS \ OVOS CODORNA";"3.799,000";"1";"9,01";"34.218,42";"0,03";"0,00";"0,00";"0,00";"3,02";"11.474,79";"0,04";"33,53";"50,45";"33,53";"22.743,63";"22.743,63";"0,00";"0,00";"0,00";"0,00";"0,00";"0,00";"0,00";"0,00";"11.474,79";"0,04";"33,53";"1.287,861";"0,02";"0,000";"0,000";"0,000";"0,00";"0,00";"0,00"
"75,63";"PERECIVEIS \ FLV \ OVOS \ OVOS VERMELHOS";"5.773,000";"2";"18,21";"105.106,13";"0,09";"233,48";"0,00";"0,22";"6,63";"38.285,09";"0,13";"36,43";"57,29";"36,43";"66.821,04";"66.821,04";"0,00";"0,00";"0,00";"0,00";"0,00";"0,00";"0,00";"0,00";"38.285,09";"0,13";"36,43";"6.862,316";"0,09";"0,000";"0,000";"0,000";"0,00";"0,00";"0,00"
"75,64";"PERECIVEIS \ FLV \ PLANTAS E FLORES \ FLOR DE CORTE";"557,000";"19";"30,23";"16.838,46";"0,01";"0,00";"0,00";"0,00";"-2,36";"-1.315,08";"0,00";"-7,81";"1,46";"1,44";"16.595,98";"16.595,98";"0,00";"0,00";"0,00";"1.557,56";"0,00";"0,00";"0,00";"0,00";"-1.315,08";"0,00";"-8,61";"214,241";"0,00";"0,000";"0,000";"0,000";"0,00";"0,00";"0,00"
"75,64";"PERECIVEIS \ FLV \ PLANTAS E FLORES \ FLOR DE VASO";"43,000";"4";"24,32";"1.045,70";"0,00";"0,00";"0,00";"0,00";"8,18";"351,77";"0,00";"33,64";"75,10";"42,89";"597,20";"597,20";"0,00";"0,00";"0,00";"96,73";"0,00";"0,00";"0,00";"0,00";"351,77";"0,00";"37,07";"5,044";"0,00";"0,000";"0,000";"0,000";"0,00";"0,00";"0,00"
"75,65";"PERECIVEIS \ FLV \ PROCESSADOS \ SALADAS PRONTAS";"344,316";"1";"33,86";"11.658,76";"0,01";"0,00";"0,00";"0,00";"3,26";"1.123,80";"0,00";"9,64";"23,29";"18,89";"9.456,53";"9.456,53";"0,00";"0,00";"0,00";"1.078,44";"0,00";"12,75";"94,57";"0,00";"1.123,80";"0,00";"10,62";"0,000";"0,00";"0,000";"0,000";"0,000";"0,00";"0,00";"0,00"
"75,70";"PERECIVEIS \ FLV \ PROCESSADOS \ SUCOS";"4.142,000";"2";"14,32";"59.328,05";"0,05";"0,00";"0,00";"0,00";"5,28";"21.852,89";"0,07";"36,83";"114,11";"53,30";"27.708,94";"27.708,94";"0,00";"0,00";"0,00";"9.766,23";"0,00";"60,94";"446,35";"0,00";"21.852,89";"0,07";"44,09";"3.449,946";"0,05";"0,000";"0,000";"0,000";"0,00";"0,00";"0,00"
"76,65";"PERECIVEIS \ FLV \ VERDURAS \ VERDURAS COMUM";"321.464,438";"33";"3,53";"1.133.616,24";"0,95";"57.183,46";"0,05";"5,04";"1,42";"455.653,35";"1,52";"40,19";"67,21";"40,19";"677.961,78";"677.961,78";"0,00";"0,00";"0,00";"1,11";"0,00";"0,65";"301,83";"0,00";"455.653,35";"1,51";"40,19";"7.328,464";"0,10";"0,000";"0,000";"0,000";"0,00";"0,00";"0,00"
"76,66";"PERECIVEIS \ FLV \ VERDURAS \ VERDURAS HIDROPONICO";"3.183,000";"4";"4,00";"12.720,65";"0,01";"0,00";"0,00";"0,00";"1,52";"4.825,37";"0,02";"37,93";"61,12";"37,93";"7.895,28";"7.895,28";"0,00";"0,00";"0,00";"0,00";"0,00";"0,00";"0,00";"0,00";"4.825,37";"0,02";"37,93";"604,920";"0,01";"0,000";"0,000";"0,000";"0,00";"0,00";"0,00"
"76,68";"PERECIVEIS \ FLV \ VERDURAS \ VERDURAS PROCESSADAS";"4.306,752";"3";"5,31";"22.876,20";"0,02";"0,00";"0,00";"0,00";"2,23";"9.588,77";"0,03";"41,92";"72,16";"41,92";"13.287,43";"13.287,43";"0,00";"0,00";"0,00";"0,00";"0,00";"0,00";"0,00";"0,00";"9.588,77";"0,03";"41,92";"0,000";"0,00";"23,326";"0,000";"0,000";"0,00";"0,00";"0,00"
"76,73";"PERECIVEIS \ LATICINIOS \ BEBIDAS REFRIGERADAS \ AGUA COCO";"4.576,000";"2";"12,19";"55.784,56";"0,05";"55.536,55";"0,05";"99,56";"3,07";"14.034,88";"0,05";"25,16";"39,98";"28,56";"39.852,62";"36.589,60";"0,00";"0,00";"0,00";"5.160,07";"0,00";"70,15";"461,35";"0,00";"14.034,88";"0,05";"27,72";"3.301,084";"0,04";"4.576,000";"0,000";"0,000";"0,00";"0,00";"0,00"
"76,81";"PERECIVEIS \ LATICINIOS \ BEBIDAS REFRIGERADAS \ BEBIDAS REFRIG SUCOS";"6.074,000";"13";"16,20";"98.397,03";"0,08";"80.080,70";"0,07";"81,39";"4,94";"29.982,08";"0,10";"30,47";"57,63";"36,56";"62.422,40";"57.599,83";"0,00";"0,00";"0,00";"10.815,12";"0,00";"77,49";"779,03";"0,00";"29.982,08";"0,10";"34,23";"6.532,381";"0,09";"5.749,600";"0,000";"0,000";"0,00";"0,00";"0,00"
"76,81";"PERECIVEIS \ LATICINIOS \ BEBIDAS REFRIGERADAS \ BEBIDAS REFRIG SUPLEMENTO";"73,000";"1";"6,98";"509,54";"0,00";"0,00";"0,00";"0,00";"2,00";"145,98";"0,00";"28,65";"68,19";"40,54";"302,95";"214,44";"0,00";"0,00";"0,00";"149,12";"0,00";"0,05";"2,96";"0,00";"145,98";"0,00";"40,50";"0,000";"0,00";"0,000";"0,000";"0,000";"0,00";"0,00";"0,00"
"76,82";"PERECIVEIS \ LATICINIOS \ CONDIMENTOS-TEMPEROS \ CONDIMENTOS-TEMPEROS";"136,582";"1";"79,11";"10.804,52";"0,01";"0,00";"0,00";"0,00";"39,90";"5.450,05";"0,02";"50,44";"274,13";"73,27";"2.887,94";"2.198,11";"0,00";"0,00";"0,00";"3.156,36";"0,00";"3,15";"69,02";"0,00";"5.450,05";"0,02";"71,26";"0,000";"0,00";"0,000";"0,000";"0,000";"0,00";"0,00";"0,00"
"76,82";"PERECIVEIS \ LATICINIOS \ CONSERVAS GRANEL \ ALCAPARRAS CONSERV GRANEL";"5,677";"1";"60,00";"340,60";"0,00";"0,00";"0,00";"0,00";"18,20";"103,30";"0,00";"30,33";"90,93";"47,62";"178,39";"137,84";"0,00";"0,00";"0,00";"99,46";"0,00";"0,11";"2,16";"0,00";"103,30";"0,00";"42,84";"0,000";"0,00";"0,000";"0,000";"0,000";"0,00";"0,00";"0,00"
"76,90";"PERECIVEIS \ LATICINIOS \ CONSERVAS GRANEL \ AZEITONAS CONSERV GRANEL";"2.126,664";"9";"46,07";"97.984,16";"0,08";"1.422,87";"0,00";"1,45";"15,15";"32.229,18";"0,11";"32,89";"100,83";"50,21";"48.789,45";"37.127,38";"0,00";"0,00";"0,00";"28.627,60";"0,00";"55,69";"619,93";"0,00";"32.229,18";"0,11";"46,47";"7,558";"0,00";"7,558";"0,000";"0,000";"0,00";"0,00";"0,00"
"76,90";"PERECIVEIS \ LATICINIOS \ CONSERVAS GRANEL \ CEBOLINHA CONSERV GRANEL";"62,648";"1";"40,04";"2.508,41";"0,00";"0,00";"0,00";"0,00";"10,47";"656,07";"0,00";"26,15";"58,55";"36,93";"1.582,08";"1.119,66";"0,00";"0,00";"0,00";"732,69";"0,00";"1,33";"16,07";"0,00";"656,07";"0,00";"36,95";"0,000";"0,00";"0,000";"0,000";"0,000";"0,00";"0,00";"0,00"
"76,91";"PERECIVEIS \ LATICINIOS \ CONSERVAS GRANEL \ CHAMPIGNON";"240,262";"2";"50,34";"12.095,52";"0,01";"0,00";"0,00";"0,00";"15,77";"3.787,82";"0,01";"31,32";"92,24";"47,98";"6.291,95";"4.773,93";"0,00";"0,00";"0,00";"3.533,77";"0,00";"7,09";"76,99";"0,00";"3.787,82";"0,01";"44,24";"0,000";"0,00";"0,000";"0,000";"0,000";"0,00";"0,00";"0,00"
"76,93";"PERECIVEIS \ LATICINIOS \ CONSERVAS GRANEL \ OVO CODORNA CONSERV GRANE";"1.162,981";"3";"19,60";"22.791,56";"0,02";"0,00";"0,00";"0,00";"5,18";"6.021,67";"0,02";"26,42";"75,85";"43,13";"12.960,63";"10.109,30";"0,00";"0,00";"0,00";"6.660,59";"0,00";"16,12";"145,84";"0,00";"6.021,67";"0,02";"37,33";"572,726";"0,01";"80,981";"0,000";"0,000";"0,00";"0,00";"0,00"
"76,93";"PERECIVEIS \ LATICINIOS \ CONSERVAS GRANEL \ PEPINO CONSERV GRANEL";"0,344";"1";"29,97";"10,31";"0,00";"0,00";"0,00";"0,00";"11,40";"3,92";"0,00";"38,02";"138,11";"58,00";"4,33";"3,38";"0,00";"0,00";"0,00";"3,01";"0,00";"0,01";"0,07";"0,00";"3,92";"0,00";"53,73";"0,000";"0,00";"0,000";"0,000";"0,000";"0,00";"0,00";"0,00"
"76,93";"PERECIVEIS \ LATICINIOS \ CONSERVAS GRANEL \ PIMENTA CONSERV GRANEL";"25,968";"1";"45,03";"1.169,40";"0,00";"0,00";"0,00";"0,00";"15,75";"409,03";"0,00";"34,98";"97,70";"49,42";"591,49";"418,74";"0,00";"0,00";"0,00";"341,62";"0,00";"0,51";"7,38";"0,00";"409,03";"0,00";"49,41";"0,000";"0,00";"0,000";"0,000";"0,000";"0,00";"0,00";"0,00"
"76,93";"PERECIVEIS \ LATICINIOS \ CONSERVAS GRANEL \ TOMATE SECO CONSERV GRANE";"33,929";"1";"43,17";"1.464,68";"0,00";"0,00";"0,00";"0,00";"10,94";"371,29";"0,00";"25,35";"62,11";"38,31";"903,52";"665,43";"0,00";"0,00";"0,00";"427,95";"0,00";"0,88";"9,41";"0,00";"371,29";"0,00";"35,81";"0,000";"0,00";"0,000";"0,000";"0,000";"0,00";"0,00";"0,00"
"76,93";"PERECIVEIS \ LATICINIOS \ CONSERVAS GRANEL \ TREMOCOS CONSERV GRANEL";"53,313";"1";"37,20";"1.983,26";"0,00";"0,00";"0,00";"0,00";"13,21";"704,20";"0,00";"35,51";"100,65";"50,16";"988,41";"699,61";"0,00";"0,00";"0,00";"579,45";"0,00";"1,40";"12,59";"0,00";"704,20";"0,00";"50,16";"53,313";"0,00";"53,313";"0,000";"0,000";"0,00";"0,00";"0,00"
"76,99";"PERECIVEIS \ LATICINIOS \ DOCES GRANEL \ DOCES CREMOSOS";"3.195,428";"4";"21,65";"69.182,20";"0,06";"28.635,26";"0,02";"41,39";"9,60";"30.667,37";"0,10";"44,33";"193,66";"65,95";"23.558,64";"18.303,90";"0,00";"0,00";"0,00";"20.210,93";"0,00";"40,64";"438,73";"0,00";"30.667,37";"0,10";"62,62";"54,826";"0,00";"54,826";"0,000";"0,000";"0,00";"0,00";"0,00"
"76,99";"PERECIVEIS \ LATICINIOS \ DOCES GRANEL \ DOCES EM CALDAS GRANEL";"40,383";"3";"58,47";"2.361,14";"0,00";"0,00";"0,00";"0,00";"17,11";"691,09";"0,00";"29,27";"79,04";"44,15";"1.318,79";"980,16";"0,00";"0,00";"0,00";"689,89";"0,00";"1,76";"15,03";"0,00";"691,09";"0,00";"41,35";"27,341";"0,00";"27,341";"0,000";"0,000";"0,00";"0,00";"0,00"
"77,03";"PERECIVEIS \ LATICINIOS \ DOCES GRANEL \ DOCES EM CORTE";"1.456,466";"5";"30,81";"44.867,28";"0,04";"0,00";"0,00";"0,00";"9,66";"14.066,41";"0,05";"31,35";"91,14";"47,68";"23.473,67";"17.692,16";"0,00";"0,00";"0,00";"13.108,71";"0,00";"25,71";"284,42";"0,00";"14.066,41";"0,05";"44,29";"566,494";"0,01";"566,494";"0,001";"44.867.280,000";"0,00";"0,00";"0,00"
"77,03";"PERECIVEIS \ LATICINIOS \ FONDUE \ FONDUE";"77,000";"5";"36,19";"2.786,60";"0,00";"173,94";"0,00";"6,24";"8,62";"663,45";"0,00";"23,81";"55,46";"35,67";"1.792,51";"1.440,41";"0,00";"0,00";"0,00";"682,73";"0,00";"2,18";"18,75";"0,00";"663,45";"0,00";"31,53";"2,552";"0,00";"10,650";"0,000";"0,000";"0,00";"0,00";"0,00"
"77,04";"PERECIVEIS \ LATICINIOS \ FRIOS - EMBUTIDOS \ BACON";"705,000";"3";"23,96";"16.888,60";"0,01";"139,93";"0,00";"0,83";"5,73";"4.042,16";"0,01";"23,93";"44,32";"30,71";"11.702,59";"9.127,98";"0,00";"0,00";"0,00";"3.718,46";"0,00";"0,00";"0,00";"0,00";"4.042,16";"0,01";"30,69";"118,916";"0,00";"170,530";"0,000";"0,000";"0,00";"0,00";"0,00"
"77,04";"PERECIVEIS \ LATICINIOS \ FRIOS - EMBUTIDOS \ COPA LOMBO";"234,592";"2";"15,29";"3.587,40";"0,00";"0,00";"0,00";"0,00";"5,13";"1.202,84";"0,00";"33,53";"62,11";"38,31";"2.212,98";"2.052,72";"0,00";"0,00";"0,00";"331,83";"0,00";"2,43";"28,51";"0,00";"1.202,84";"0,00";"36,95";"25,272";"0,00";"23,400";"0,000";"0,000";"0,00";"0,00";"0,00"
"77,06";"PERECIVEIS \ LATICINIOS \ FRIOS - EMBUTIDOS \ EMBUTIDOS DE FRANGO";"490,730";"4";"50,69";"24.875,05";"0,02";"0,00";"0,00";"0,00";"14,11";"6.924,83";"0,02";"27,84";"50,97";"33,76";"16.476,71";"15.641,92";"0,00";"0,00";"0,00";"2.308,30";"0,00";"18,25";"202,03";"0,00";"6.924,83";"0,02";"30,69";"209,202";"0,00";"244,618";"2,091";"11.896,246";"0,00";"0,00";"0,00"
"77,26";"PERECIVEIS \ LATICINIOS \ FRIOS - EMBUTIDOS \ EMBUTIDOS DE PERU";"3.632,397";"6";"66,68";"242.192,28";"0,20";"10.042,86";"0,01";"4,15";"17,83";"64.754,23";"0,22";"26,74";"56,21";"35,98";"155.045,82";"155.035,10";"0,00";"0,00";"0,00";"22.402,95";"0,00";"221,63";"1.935,57";"0,00";"64.754,23";"0,21";"29,46";"3.107,110";"0,04";"3.615,843";"0,003";"80.730.760,000";"0,00";"0,00";"0,00"
"77,27";"PERECIVEIS \ LATICINIOS \ FRIOS - EMBUTIDOS \ FILE MIGNON";"686,800";"2";"22,99";"15.791,07";"0,01";"12.857,16";"0,01";"81,42";"5,54";"3.806,89";"0,01";"24,11";"50,06";"33,36";"10.523,51";"10.523,51";"0,00";"0,00";"0,00";"1.460,67";"0,00";"9,35";"120,25";"0,00";"3.806,89";"0,01";"26,57";"46,930";"0,00";"44,460";"0,000";"0,000";"0,00";"0,00";"0,00"
"77,27";"PERECIVEIS \ LATICINIOS \ FRIOS - EMBUTIDOS \ LINGUICAS";"184,000";"2";"14,64";"2.694,34";"0,00";"979,30";"0,00";"36,35";"2,94";"541,42";"0,00";"20,09";"37,02";"27,02";"1.966,38";"1.732,30";"0,00";"0,00";"0,00";"420,62";"0,00";"2,30";"20,36";"0,00";"541,42";"0,00";"23,81";"17,582";"0,00";"67,400";"0,000";"0,000";"0,00";"0,00";"0,00"
"77,29";"PERECIVEIS \ LATICINIOS \ FRIOS - EMBUTIDOS \ LOMBO CANADENSE";"627,266";"8";"37,46";"23.496,19";"0,02";"10.310,59";"0,01";"43,88";"9,30";"5.836,15";"0,02";"24,84";"50,93";"33,74";"15.567,53";"15.486,14";"0,00";"0,00";"0,00";"2.173,90";"0,00";"18,54";"184,40";"0,00";"5.836,15";"0,02";"27,37";"20,651";"0,00";"508,611";"0,000";"0,000";"0,00";"0,00";"0,00"
"77,62";"PERECIVEIS \ LATICINIOS \ FRIOS - EMBUTIDOS \ MORTADELA";"21.165,256";"18";"18,58";"393.325,08";"0,33";"238.535,26";"0,20";"60,65";"5,08";"107.511,74";"0,36";"27,33";"62,94";"38,63";"241.398,26";"224.409,71";"0,00";"0,00";"0,00";"61.403,64";"0,00";"184,24";"2.971,42";"0,00";"107.511,74";"0,36";"32,39";"14.597,270";"0,20";"19.662,950";"49,843";"7.891,280";"0,00";"0,00";"0,00"
"78,29";"PERECIVEIS \ LATICINIOS \ FRIOS - EMBUTIDOS \ PRESUNTO";"29.880,959";"13";"26,82";"801.554,77";"0,67";"366.894,52";"0,31";"45,77";"6,69";"200.034,19";"0,67";"24,96";"51,39";"33,95";"529.458,57";"527.300,16";"0,00";"0,00";"0,00";"74.220,42";"0,00";"641,94";"6.090,85";"0,00";"200.034,19";"0,66";"27,50";"27.753,092";"0,37";"27.624,962";"0,027";"29.687.213,704";"0,00";"0,00";"0,00"
"78,46";"PERECIVEIS \ LATICINIOS \ FRIOS - EMBUTIDOS \ SALAME";"8.648,477";"17";"23,10";"199.770,15";"0,17";"45.780,83";"0,04";"22,92";"7,08";"61.231,74";"0,20";"30,65";"62,73";"38,55";"122.761,91";"120.054,43";"0,00";"0,00";"0,00";"18.483,98";"0,00";"157,80";"1.624,00";"0,00";"61.231,74";"0,20";"33,78";"1.271,213";"0,02";"1.248,687";"0,001";"199.770.150,000";"0,00";"0,00";"0,00"
"78,48";"PERECIVEIS \ LATICINIOS \ FRIOS - EMBUTIDOS \ SALSICHA - SALSICHAO";"2.320,804";"13";"11,70";"27.164,96";"0,02";"15.538,46";"0,01";"57,20";"2,81";"6.518,25";"0,02";"24,00";"53,03";"34,65";"17.751,77";"16.406,62";"0,00";"0,00";"0,00";"4.240,10";"0,00";"23,08";"207,04";"0,00";"6.518,25";"0,02";"28,43";"1.085,116";"0,01";"957,949";"0,533";"50.966,154";"0,00";"0,00";"0,00"
"78,48";"PERECIVEIS \ LATICINIOS \ FRIOS - EMBUTIDOS \ TABUA DE FRIOS";"1,000";"1";"49,90";"49,90";"0,00";"0,00";"0,00";"0,00";"45,28";"45,28";"0,00";"90,74";"";"100,00";"0,00";"0,00";"0,00";"0,00";"0,00";"4,62";"0,00";"0,05";"0,41";"0,00";"45,28";"0,00";"99,99";"0,000";"0,00";"0,000";"0,000";"0,000";"0,00";"0,00";"0,00"
"78,48";"PERECIVEIS \ LATICINIOS \ FRIOS - EMBUTIDOS \ TENDER";"53,560";"3";"20,72";"1.109,95";"0,00";"0,00";"0,00";"0,00";"-10,99";"-588,70";"0,00";"-53,04";"-36,31";"-57,01";"1.742,70";"1.595,98";"0,00";"0,00";"0,00";"102,67";"0,00";"0,44";"9,05";"0,00";"-588,70";"0,00";"-58,44";"0,000";"0,00";"0,000";"0,000";"0,000";"0,00";"0,00";"0,00"
"78,50";"PERECIVEIS \ LATICINIOS \ FRUTAS SECAS-CRISTALIZADA \ APERITIVOS-SNACKS";"547,944";"8";"48,10";"26.355,22";"0,02";"0,00";"0,00";"0,00";"15,61";"8.551,63";"0,03";"32,45";"82,43";"45,18";"14.446,78";"10.936,56";"296,24";"0,00";"0,00";"6.570,78";"0,00";"20,23";"177,37";"0,00";"8.847,88";"0,03";"44,72";"176,922";"0,00";"155,151";"0,000";"0,000";"0,00";"0,00";"0,00"
"78,50";"PERECIVEIS \ LATICINIOS \ FRUTAS SECAS-CRISTALIZADA \ FRUTAS CRISTALIZADAS";"47,860";"2";"20,13";"963,58";"0,00";"0,00";"0,00";"0,00";"5,70";"272,95";"0,00";"28,33";"66,90";"40,08";"577,34";"409,12";"0,00";"0,00";"0,00";"281,50";"0,00";"0,11";"6,14";"0,00";"272,95";"0,00";"40,02";"47,702";"0,00";"47,702";"0,000";"0,000";"0,00";"0,00";"0,00"
"78,61";"PERECIVEIS \ LATICINIOS \ FRUTAS SECAS-CRISTALIZADA \ FRUTAS SECAS";"3.511,886";"16";"37,83";"132.869,02";"0,11";"5.813,66";"0,00";"4,38";"11,88";"41.706,59";"0,14";"31,39";"72,08";"41,89";"77.215,22";"59.179,58";"1.255,61";"0,00";"0,00";"30.727,25";"0,00";"25,00";"463,09";"0,00";"42.962,20";"0,14";"42,06";"2.250,573";"0,03";"2.037,461";"0,000";"0,000";"0,00";"0,00";"0,00"
"78,63";"PERECIVEIS \ LATICINIOS \ GORDUROSOS \ BANHA";"1.268,000";"3";"17,29";"21.927,96";"0,02";"0,00";"0,00";"0,00";"4,78";"6.060,97";"0,02";"27,64";"76,30";"43,28";"12.438,06";"9.455,78";"0,00";"0,00";"0,00";"6.411,22";"0,00";"12,66";"137,57";"0,00";"6.060,97";"0,02";"39,06";"538,005";"0,01";"747,500";"0,000";"0,000";"0,00";"0,00";"0,00"
"78,63";"PERECIVEIS \ LATICINIOS \ GORDUROSOS \ CHANTILLY";"148,000";"2";"37,06";"5.484,60";"0,00";"0,00";"0,00";"0,00";"9,04";"1.337,74";"0,00";"24,39";"52,60";"34,47";"3.594,00";"2.543,99";"0,00";"0,00";"0,00";"1.602,88";"0,00";"3,31";"34,31";"0,00";"1.337,74";"0,00";"34,46";"38,610";"0,00";"29,250";"0,000";"0,000";"0,00";"0,00";"0,00"
"78,63";"PERECIVEIS \ LATICINIOS \ GORDUROSOS \ GORDURA VEG HIDROGENADA";"367,000";"1";"14,05";"5.154,69";"0,00";"0,00";"0,00";"0,00";"3,61";"1.323,41";"0,00";"25,67";"70,36";"41,30";"3.025,81";"2.324,01";"0,00";"0,00";"0,00";"1.507,27";"0,00";"3,67";"33,07";"0,00";"1.323,41";"0,00";"36,28";"184,601";"0,00";"0,000";"0,000";"0,000";"0,00";"0,00";"0,00"
"79,09";"PERECIVEIS \ LATICINIOS \ GORDUROSOS \ MANTEIGA";"49.706,000";"37";"11,11";"552.240,97";"0,46";"453.072,39";"0,38";"82,04";"2,68";"133.156,84";"0,44";"24,11";"48,31";"32,57";"372.357,04";"297.407,03";"0,00";"0,00";"0,00";"121.677,10";"0,00";"0,28";"3,08";"0,00";"133.156,84";"0,44";"30,93";"11.729,124";"0,16";"7.508,200";"0,000";"0,000";"0,00";"0,00";"0,00"
"80,02";"PERECIVEIS \ LATICINIOS \ GORDUROSOS \ MARGARINA";"119.237,000";"24";"9,31";"1.109.820,15";"0,93";"261.293,50";"0,22";"23,54";"1,97";"234.636,43";"0,78";"21,14";"29,05";"22,51";"859.974,08";"813.993,68";"0,00";"0,00";"0,00";"61.190,04";"0,00";"0,02";"0,12";"0,00";"234.636,43";"0,78";"22,38";"65.515,201";"0,88";"62.853,850";"0,550";"2.017.854,818";"0,00";"0,00";"0,00"
"80,02";"PERECIVEIS \ LATICINIOS \ GORDUROSOS \ MISTURA";"15,000";"1";"14,08";"211,13";"0,00";"0,00";"0,00";"0,00";"3,82";"57,28";"0,00";"27,13";"44,29";"30,70";"146,32";"134,33";"0,00";"0,00";"0,00";"19,53";"0,00";"0,15";"1,67";"0,00";"57,28";"0,00";"29,90";"0,000";"0,00";"6,000";"0,000";"0,000";"0,00";"0,00";"0,00"
"80,02";"PERECIVEIS \ LATICINIOS \ GORDUROSOS \ NATA";"86,000";"1";"23,44";"2.016,23";"0,00";"0,00";"0,00";"0,00";"5,55";"477,44";"0,00";"23,68";"69,59";"41,03";"1.188,90";"949,47";"0,00";"0,00";"0,00";"589,32";"0,00";"1,72";"13,07";"0,00";"477,44";"0,00";"33,46";"0,000";"0,00";"0,000";"0,000";"0,000";"0,00";"0,00";"0,00"
"80,24";"PERECIVEIS \ LATICINIOS \ IOGURTE \ BEBIDA LACTEA";"38.167,000";"13";"7,00";"267.200,90";"0,22";"240.949,81";"0,20";"90,18";"2,11";"80.494,31";"0,27";"30,13";"47,16";"32,05";"181.566,79";"181.566,79";"5.139,80";"0,00";"0,00";"0,00";"0,00";"347,06";"2.309,21";"0,00";"85.634,11";"0,28";"32,05";"24.570,069";"0,33";"16.044,850";"0,000";"0,000";"0,00";"0,00";"0,00"
"81,22";"PERECIVEIS \ LATICINIOS \ IOGURTE \ IOGURTE";"139.931,000";"141";"8,42";"1.177.887,15";"0,98";"949.903,94";"0,79";"80,64";"1,76";"245.654,58";"0,82";"20,86";"46,91";"31,93";"801.767,73";"650.397,11";"22.289,07";"0,00";"0,00";"259.546,39";"0,00";"115,09";"3.283,53";"0,00";"267.943,65";"0,89";"29,18";"74.532,685";"1,00";"63.170,170";"14,387";"81.871,631";"0,00";"0,00";"0,00"
"81,35";"PERECIVEIS \ LATICINIOS \ IOGURTE \ IOGURTE GREGO";"32.533,000";"46";"4,92";"160.183,65";"0,13";"31.052,43";"0,03";"19,39";"1,17";"38.017,34";"0,13";"23,73";"49,81";"33,25";"106.924,39";"83.772,14";"3.082,15";"0,00";"0,00";"35.312,02";"0,00";"5,84";"480,94";"0,00";"41.099,49";"0,14";"32,91";"5.212,443";"0,07";"4.620,600";"1,105";"144.962,579";"0,00";"0,00";"0,00"
"81,41";"PERECIVEIS \ LATICINIOS \ IOGURTE \ IOGURTE NATURAL";"15.347,000";"33";"4,77";"73.148,40";"0,06";"13.901,39";"0,01";"19,00";"1,13";"17.326,65";"0,06";"23,69";"49,62";"33,17";"48.888,48";"38.285,00";"1.403,45";"0,00";"0,00";"16.133,29";"0,00";"1,23";"183,04";"0,00";"18.730,11";"0,06";"32,85";"2.704,020";"0,04";"2.291,265";"0,013";"5.626.800,000";"0,00";"0,00";"0,00"
"81,66";"PERECIVEIS \ LATICINIOS \ IOGURTE \ LEITE FERMENTADO";"30.403,000";"34";"9,85";"299.461,87";"0,25";"217.327,14";"0,18";"72,57";"2,32";"70.684,69";"0,24";"23,60";"52,23";"34,31";"196.714,73";"154.578,17";"4.812,18";"0,00";"0,00";"69.386,83";"0,00";"277,94";"2.060,24";"0,00";"75.496,87";"0,25";"32,81";"16.088,556";"0,22";"12.393,470";"0,000";"0,000";"0,00";"0,00";"0,00"
"81,72";"PERECIVEIS \ LATICINIOS \ IOGURTE \ PETIT SUISSE";"7.659,000";"14";"9,38";"71.872,48";"0,06";"58.588,12";"0,05";"81,52";"2,22";"17.009,83";"0,06";"23,67";"52,20";"34,30";"47.223,47";"39.032,57";"0,00";"0,00";"0,00";"15.830,08";"0,00";"0,00";"0,00";"0,00";"17.009,83";"0,06";"30,35";"2.285,937";"0,03";"106,170";"0,000";"0,000";"0,00";"0,00";"0,00"
"81,73";"PERECIVEIS \ LATICINIOS \ MASSAS RESFRIADAS \ MASSA LASANHA";"1.189,000";"2";"9,92";"11.788,96";"0,01";"52,38";"0,00";"0,44";"2,49";"2.957,92";"0,01";"25,09";"55,90";"35,85";"7.562,09";"7.131,80";"0,00";"0,00";"0,00";"1.699,24";"0,00";"0,00";"0,00";"0,00";"2.957,92";"0,01";"29,32";"620,156";"0,01";"594,500";"0,000";"0,000";"0,00";"0,00";"0,00"
"81,75";"PERECIVEIS \ LATICINIOS \ MASSAS RESFRIADAS \ MASSA NHOQUE";"1.222,000";"2";"15,61";"19.077,26";"0,02";"104,93";"0,00";"0,55";"3,72";"4.540,94";"0,02";"23,80";"63,43";"38,81";"11.672,73";"10.271,68";"62,58";"0,00";"0,00";"4.202,06";"0,00";"0,13";"8,63";"0,00";"4.603,52";"0,02";"30,95";"632,357";"0,01";"504,500";"0,000";"0,000";"0,00";"0,00";"0,00"
"81,76";"PERECIVEIS \ LATICINIOS \ MASSAS RESFRIADAS \ MASSA PIZZA";"883,000";"3";"10,12";"8.935,01";"0,01";"0,00";"0,00";"0,00";"2,64";"2.331,89";"0,01";"26,10";"57,41";"36,47";"5.676,13";"5.389,12";"0,00";"0,00";"0,00";"1.214,00";"0,00";"1,47";"13,32";"0,00";"2.331,89";"0,01";"30,20";"249,917";"0,00";"217,550";"0,000";"0,000";"0,00";"0,00";"0,00"
"81,78";"PERECIVEIS \ LATICINIOS \ MASSAS RESFRIADAS \ MASSA RECHEADA";"1.811,000";"12";"14,24";"25.784,16";"0,02";"0,00";"0,00";"0,00";"4,37";"7.913,32";"0,03";"30,69";"48,41";"32,62";"17.373,39";"17.373,39";"497,45";"0,00";"0,00";"0,00";"0,00";"17,76";"91,80";"0,00";"8.410,77";"0,03";"32,62";"712,936";"0,01";"642,400";"0,000";"0,000";"0,00";"0,00";"0,00"
"81,92";"PERECIVEIS \ LATICINIOS \ MASSAS RESFRIADAS \ MASSAS DE PASTEL";"24.646,000";"10";"6,83";"168.274,82";"0,14";"63.158,86";"0,05";"37,53";"2,01";"49.525,94";"0,16";"29,43";"57,35";"36,45";"106.943,69";"106.943,69";"0,00";"0,00";"0,00";"11.805,19";"0,00";"0,00";"0,00";"0,00";"49.525,94";"0,16";"31,65";"9.814,254";"0,13";"4.894,400";"0,000";"0,000";"0,00";"0,00";"0,00"
"81,93";"PERECIVEIS \ LATICINIOS \ MASSAS RESFRIADAS \ MASSAS ESPECIAIS RESFRI";"667,000";"5";"15,40";"10.272,98";"0,01";"55,96";"0,00";"0,54";"4,08";"2.719,84";"0,01";"26,48";"69,76";"41,09";"6.051,38";"5.322,47";"0,00";"0,00";"0,00";"2.230,67";"0,00";"0,24";"2,16";"0,00";"2.719,84";"0,01";"33,82";"332,352";"0,00";"268,800";"0,000";"0,000";"0,00";"0,00";"0,00"
"82,05";"PERECIVEIS \ LATICINIOS \ PAO RECH- PAO DE ALHO \ PAO DE ALHO";"16.110,000";"5";"9,12";"146.981,30";"0,12";"138.126,46";"0,12";"93,98";"2,18";"35.087,80";"0,12";"23,87";"38,05";"27,56";"106.471,92";"98.297,73";"0,00";"0,00";"0,00";"13.595,77";"0,00";"159,84";"1.156,67";"0,00";"35.087,80";"0,12";"26,31";"5.453,955";"0,07";"4.592,400";"0,000";"0,000";"0,00";"0,00";"0,00"
"82,05";"PERECIVEIS \ LATICINIOS \ PASTAS - PATE - MOLHO \ PASTAS";"7,000";"1";"5,99";"41,93";"0,00";"0,00";"0,00";"0,00";"1,08";"7,57";"0,00";"18,05";"37,52";"27,28";"30,49";"30,49";"0,00";"0,00";"0,00";"3,88";"0,00";"0,07";"0,35";"0,00";"7,57";"0,00";"19,89";"0,000";"0,00";"1,400";"0,000";"0,000";"0,00";"0,00";"0,00"
"82,08";"PERECIVEIS \ LATICINIOS \ PASTAS - PATE - MOLHO \ PATE";"8.958,456";"9";"4,45";"39.826,10";"0,03";"25.860,59";"0,02";"64,93";"1,36";"12.185,59";"0,04";"30,60";"66,18";"39,83";"23.965,23";"23.956,60";"0,00";"0,00";"0,00";"3.683,91";"0,00";"1,00";"342,63";"0,00";"12.185,59";"0,04";"33,72";"997,588";"0,01";"895,700";"0,000";"0,000";"0,00";"0,00";"0,00"
"82,12";"PERECIVEIS \ LATICINIOS \ QUEIJOS \ CREAM CHEESE";"3.327,000";"11";"14,42";"47.971,82";"0,04";"8.056,47";"0,01";"16,79";"3,67";"12.216,36";"0,04";"25,47";"60,30";"37,62";"29.926,48";"25.190,32";"0,00";"0,00";"0,00";"10.565,14";"0,00";"5,26";"39,61";"0,00";"12.216,36";"0,04";"32,66";"747,970";"0,01";"546,390";"0,075";"639.624,267";"0,00";"0,00";"0,00"
"82,26";"PERECIVEIS \ LATICINIOS \ QUEIJOS \ CREMES";"23.854,000";"17";"6,81";"162.522,53";"0,14";"152.037,18";"0,13";"93,55";"1,84";"43.775,24";"0,15";"26,93";"56,59";"36,14";"103.788,88";"82.942,28";"0,00";"0,00";"0,00";"35.805,01";"0,00";"4,65";"231,25";"0,00";"43.775,24";"0,14";"34,55";"4.857,886";"0,06";"1.043,310";"0,000";"0,000";"0,00";"0,00";"0,00"
"82,26";"PERECIVEIS \ LATICINIOS \ QUEIJOS \ QUEIJO BRIE";"12,192";"2";"139,28";"1.698,12";"0,00";"0,00";"0,00";"0,00";"30,10";"367,01";"0,00";"21,61";"62,41";"38,43";"1.045,59";"835,00";"0,00";"0,00";"0,00";"496,12";"0,00";"1,01";"10,73";"0,00";"367,01";"0,00";"30,53";"0,000";"0,00";"0,000";"0,000";"0,000";"0,00";"0,00";"0,00"
"82,37";"PERECIVEIS \ LATICINIOS \ QUEIJOS \ QUEIJO COALHO";"4.306,415";"10";"30,43";"131.064,86";"0,11";"113.000,10";"0,09";"86,22";"7,05";"30.349,52";"0,10";"23,16";"52,10";"34,26";"86.167,99";"71.719,08";"0,00";"0,00";"0,00";"28.996,26";"0,00";"46,12";"382,81";"0,00";"30.349,52";"0,10";"29,73";"1.158,088";"0,02";"1.012,520";"0,000";"0,000";"0,00";"0,00";"0,00"
"82,37";"PERECIVEIS \ LATICINIOS \ QUEIJOS \ QUEIJO COTTAGE";"72,000";"2";"15,20";"1.094,25";"0,00";"69,92";"0,00";"6,39";"3,51";"252,40";"0,00";"23,07";"61,99";"38,27";"675,51";"594,45";"6,39";"0,00";"0,00";"241,01";"0,00";"0,20";"2,38";"0,00";"258,79";"0,00";"30,33";"4,460";"0,00";"4,000";"0,000";"0,000";"0,00";"0,00";"0,00"
"82,39";"PERECIVEIS \ LATICINIOS \ QUEIJOS \ QUEIJO GORGONZOLA";"315,687";"6";"89,09";"28.123,77";"0,02";"6.131,51";"0,01";"21,80";"20,52";"6.478,55";"0,02";"23,04";"54,97";"35,47";"18.148,41";"13.426,68";"0,00";"0,00";"0,00";"8.218,55";"0,00";"22,95";"177,06";"0,00";"6.478,55";"0,02";"32,55";"0,000";"0,00";"0,000";"0,000";"0,000";"0,00";"0,00";"0,00"
"82,39";"PERECIVEIS \ LATICINIOS \ QUEIJOS \ QUEIJO GOUDA";"168,000";"1";"14,45";"2.428,32";"0,00";"361,08";"0,00";"14,87";"3,55";"596,73";"0,00";"24,57";"53,27";"34,75";"1.584,36";"1.121,49";"0,00";"0,00";"0,00";"710,10";"0,00";"1,68";"16,20";"0,00";"596,73";"0,00";"34,73";"23,520";"0,00";"21,840";"0,000";"0,000";"0,00";"0,00";"0,00"
"83,40";"PERECIVEIS \ LATICINIOS \ QUEIJOS \ QUEIJO MINAS";"32.504,115";"34";"37,17";"1.208.273,32";"1,01";"314.537,44";"0,26";"26,03";"8,97";"291.607,69";"0,97";"24,13";"50,91";"33,73";"800.680,71";"690.868,35";"16,60";"0,00";"0,00";"225.780,68";"0,00";"92,92";"834,13";"0,00";"291.624,29";"0,97";"29,68";"6.103,631";"0,08";"5.356,256";"0,001";"1.208.273.320,000";"0,00";"0,00";"0,00"
"85,46";"PERECIVEIS \ LATICINIOS \ QUEIJOS \ QUEIJO MUCARELA";"60.550,112";"7";"40,76";"2.468.124,23";"2,06";"749.292,73";"0,63";"30,36";"9,18";"556.071,72";"1,85";"22,53";"40,63";"28,89";"1.755.099,88";"1.368.978,06";"0,00";"0,00";"0,00";"543.074,45";"0,00";"9,05";"72,37";"0,00";"556.071,72";"1,84";"28,89";"53.697,227";"0,72";"53.333,812";"0,052";"47.463.927,500";"0,00";"0,00";"0,00"
"85,81";"PERECIVEIS \ LATICINIOS \ QUEIJOS \ QUEIJO PARMESAO";"52.967,648";"19";"7,94";"420.453,59";"0,35";"284.570,10";"0,24";"67,68";"1,73";"91.849,45";"0,31";"21,85";"46,06";"31,53";"287.864,58";"235.981,17";"0,00";"0,00";"0,00";"92.622,97";"0,00";"219,27";"3.049,82";"0,00";"91.849,45";"0,30";"28,02";"3.780,930";"0,05";"3.137,397";"0,130";"3.234.258,385";"0,00";"0,00";"0,00"
"86,69";"PERECIVEIS \ LATICINIOS \ QUEIJOS \ QUEIJO PRATO";"25.122,563";"15";"41,88";"1.052.120,42";"0,88";"146.355,75";"0,12";"13,91";"11,13";"279.655,69";"0,93";"26,58";"56,42";"36,07";"672.623,50";"540.880,71";"299,22";"0,00";"0,00";"231.284,79";"0,00";"809,58";"7.218,01";"0,00";"279.954,91";"0,93";"34,11";"17.102,755";"0,23";"16.740,531";"0,016";"65.757.526,250";"0,00";"0,00";"0,91"
"86,75";"PERECIVEIS \ LATICINIOS \ QUEIJOS \ QUEIJO PROCESSADO";"5.873,000";"12";"12,25";"71.934,33";"0,06";"22.914,95";"0,02";"31,86";"2,97";"17.427,05";"0,06";"24,23";"68,37";"40,61";"42.724,22";"34.397,78";"333,15";"0,00";"0,00";"19.776,35";"0,00";"58,75";"470,16";"0,00";"17.760,20";"0,06";"34,05";"1.756,562";"0,02";"716,228";"0,000";"0,000";"0,00";"0,00";"0,00"
"86,78";"PERECIVEIS \ LATICINIOS \ QUEIJOS \ QUEIJO PROVOLONE";"496,340";"4";"64,91";"32.218,85";"0,03";"0,00";"0,00";"0,00";"16,80";"8.338,93";"0,03";"25,88";"54,11";"35,11";"20.906,69";"16.791,52";"0,00";"0,00";"0,00";"7.088,40";"0,00";"22,43";"225,30";"0,00";"8.338,93";"0,03";"33,18";"0,000";"0,00";"0,000";"0,000";"0,000";"0,00";"0,00";"0,00"
"86,78";"PERECIVEIS \ LATICINIOS \ QUEIJOS \ QUEIJO REINO";"0,590";"1";"99,90";"58,94";"0,00";"0,00";"0,00";"0,00";"76,39";"45,07";"0,00";"76,47";"";"100,00";"0,00";"0,00";"0,90";"0,00";"0,00";"12,97";"0,00";"0,03";"0,33";"0,00";"45,97";"0,00";"100,00";"0,000";"0,00";"0,000";"0,000";"0,000";"0,00";"0,00";"0,00"
"86,83";"PERECIVEIS \ LATICINIOS \ QUEIJOS \ QUEIJOS ESPECIAIS";"933,420";"4";"60,81";"56.758,05";"0,05";"0,00";"0,00";"0,00";"14,50";"13.536,75";"0,05";"23,85";"70,50";"41,35";"33.289,61";"26.640,83";"1,02";"0,00";"0,00";"16.579,45";"0,00";"36,30";"356,84";"0,00";"13.537,77";"0,04";"33,69";"0,480";"0,00";"0,420";"0,000";"0,000";"0,00";"0,00";"0,00"
"86,85";"PERECIVEIS \ LATICINIOS \ QUEIJOS \ QUEIJOS TIPO RICOTAS";"1.157,851";"4";"25,83";"29.908,51";"0,02";"0,00";"0,00";"0,00";"6,72";"7.779,14";"0,03";"26,01";"62,28";"38,38";"18.429,85";"15.549,16";"0,00";"0,00";"0,00";"6.580,21";"0,00";"0,00";"0,00";"0,00";"7.779,14";"0,03";"33,35";"0,000";"0,00";"0,000";"0,000";"0,000";"0,00";"0,00";"0,00"
"87,53";"PERECIVEIS \ LATICINIOS \ QUEIJOS \ REQUEIJAO";"63.878,424";"52";"12,77";"815.624,74";"0,68";"482.752,23";"0,40";"59,19";"3,41";"217.542,41";"0,72";"26,67";"58,91";"37,07";"513.250,58";"418.508,93";"0,00";"0,00";"0,00";"179.573,40";"0,00";"0,00";"0,00";"0,00";"217.542,41";"0,72";"34,20";"19.060,851";"0,25";"13.802,000";"0,638";"1.278.408,683";"0,00";"0,00";"0,00"
"87,54";"PERECIVEIS \ LATICINIOS \ ROTISSERIE \ ROTISSERIE";"330,000";"1";"29,40";"9.701,26";"0,01";"415,68";"0,00";"4,28";"14,41";"4.754,04";"0,02";"49,00";"77,31";"43,60";"5.471,38";"4.267,67";"0,00";"0,00";"0,00";"679,55";"0,00";"0,00";"0,00";"0,00";"4.754,04";"0,02";"52,70";"0,000";"0,00";"0,000";"0,000";"0,000";"0,00";"0,00";"0,00"
"87,59";"PERECIVEIS \ LATICINIOS \ SOBREMESA REFRIGERADA \ SOBREM REFRIG FLAN PUDIM";"11.333,000";"10";"5,07";"57.428,74";"0,05";"2.225,06";"0,00";"3,87";"1,12";"12.696,40";"0,04";"22,11";"52,77";"34,54";"37.592,65";"27.911,26";"0,00";"0,00";"0,00";"16.821,08";"0,00";"15,75";"369,32";"0,00";"12.696,40";"0,04";"31,27";"1.911,946";"0,03";"1.060,400";"0,000";"0,000";"0,00";"0,00";"0,00"
"87,64";"PERECIVEIS \ LATICINIOS \ SOBREMESA REFRIGERADA \ SOBREM REFRIG LACTEA";"6.248,000";"15";"9,46";"59.120,34";"0,05";"32.683,58";"0,03";"55,28";"2,26";"14.097,39";"0,05";"23,85";"56,36";"36,05";"37.809,49";"27.734,32";"0,00";"0,00";"0,00";"17.288,63";"0,00";"33,87";"376,06";"0,00";"14.097,39";"0,05";"33,70";"1.749,616";"0,02";"1.435,080";"0,000";"0,000";"0,00";"0,00";"0,00"
"87,65";"PERECIVEIS \ LATICINIOS \ SOBREMESA REFRIGERADA \ SOBREM REFRIG QUEIJO";"3.244,000";"3";"2,99";"9.710,78";"0,01";"9.709,48";"0,01";"99,99";"0,79";"2.572,64";"0,01";"26,49";"51,62";"34,05";"6.404,69";"4.994,90";"0,00";"0,00";"0,00";"2.143,24";"0,00";"0,00";"0,00";"0,00";"2.572,64";"0,01";"34,00";"340,620";"0,00";"324,400";"0,000";"0,000";"0,00";"0,00";"0,00"
"87,85";"PERECIVEIS \ LEITES \ BEBIDA LACTEA UHT \ BEB LACTEA UHT CHOCOLATE";"103.101,000";"13";"2,34";"241.704,27";"0,20";"80.317,20";"0,07";"33,23";"0,82";"84.090,10";"0,28";"34,79";"57,75";"36,61";"153.222,34";"153.222,34";"4.391,84";"0,00";"0,00";"0,00";"0,00";"63,11";"2.484,58";"0,00";"88.481,93";"0,29";"36,61";"25.610,211";"0,34";"17.053,670";"0,000";"0,000";"0,00";"0,00";"0,00"
"88,00";"PERECIVEIS \ LEITES \ BEBIDA LACTEA UHT \ BEB LACTEA UHT ESPECIAL";"25.074,000";"31";"6,93";"173.693,19";"0,15";"163.869,18";"0,14";"94,34";"1,17";"29.319,45";"0,10";"16,88";"23,14";"18,79";"141.052,78";"141.052,78";"3.320,96";"0,00";"0,00";"0,00";"0,00";"237,92";"1.495,19";"0,00";"32.640,41";"0,11";"18,79";"6.969,567";"0,09";"5.037,350";"0,000";"0,000";"0,00";"0,00";"0,00"
"88,00";"PERECIVEIS \ LEITES \ BEBIDA LACTEA UHT \ BEB LACTEA UHT SABORES";"166,000";"2";"7,75";"1.287,06";"0,00";"1.287,06";"0,00";"100,00";"1,89";"313,32";"0,00";"24,34";"35,63";"26,27";"948,97";"948,97";"24,77";"0,00";"0,00";"0,00";"0,00";"1,66";"11,24";"0,00";"338,09";"0,00";"26,27";"52,173";"0,00";"0,000";"0,000";"0,000";"0,00";"0,00";"0,00"
"88,00";"PERECIVEIS \ LEITES \ COALHADA \ COALHADA";"582,000";"1";"4,50";"2.620,81";"0,00";"0,00";"0,00";"0,00";"1,21";"706,29";"0,00";"26,95";"58,89";"37,06";"1.649,49";"1.286,58";"50,30";"0,00";"0,00";"577,64";"0,00";"0,24";"17,49";"0,00";"756,59";"0,00";"37,03";"105,924";"0,00";"0,000";"0,000";"0,000";"0,00";"0,00";"0,00"
"88,00";"PERECIVEIS \ LEITES \ LEITES \ LEITE A2A2";"128,000";"2";"10,93";"1.399,44";"0,00";"0,00";"0,00";"0,00";"3,27";"418,71";"0,00";"29,92";"62,36";"38,41";"861,91";"672,29";"0,00";"0,00";"0,00";"308,44";"0,00";"0,00";"0,00";"0,00";"418,71";"0,00";"38,38";"136,774";"0,00";"66,000";"0,000";"0,000";"0,00";"0,00";"0,00"
"88,20";"PERECIVEIS \ LEITES \ LEITES \ LEITE UHT DESNAT E SEMI";"37.968,000";"17";"6,29";"238.635,60";"0,20";"81.376,57";"0,07";"34,10";"1,36";"51.747,64";"0,17";"21,68";"38,62";"27,86";"172.149,28";"134.276,04";"0,00";"0,00";"0,00";"52.611,92";"0,00";"0,00";"0,00";"0,00";"51.747,64";"0,17";"27,82";"45.660,469";"0,61";"21.234,000";"3,529";"67.621,309";"0,00";"0,00";"0,00"
"88,21";"PERECIVEIS \ LEITES \ LEITES \ LEITE UHT ESPECIAIS";"1.106,000";"1";"7,32";"8.093,96";"0,01";"0,00";"0,00";"0,00";"1,49";"1.644,27";"0,01";"20,31";"35,33";"26,11";"5.980,81";"4.665,07";"0,00";"0,00";"0,00";"1.784,62";"0,00";"0,00";"0,00";"0,00";"1.644,27";"0,01";"26,06";"1.180,102";"0,02";"1.106,000";"0,000";"0,000";"0,00";"0,00";"0,00"
"90,04";"PERECIVEIS \ LEITES \ LEITES \ LEITE UHT INTEGRAL";"381.279,000";"11";"5,75";"2.190.472,80";"1,83";"1.175.903,55";"0,98";"53,68";"1,06";"403.355,68";"1,34";"18,41";"30,99";"23,66";"1.672.302,66";"1.304.394,13";"0,00";"0,00";"0,00";"482.722,99";"0,00";"0,00";"0,00";"0,00";"403.355,68";"1,33";"23,62";"399.791,043";"5,35";"309.797,000";"130,022";"16.846,940";"0,00";"0,00";"0,00"
"90,12";"PERECIVEIS \ LEITES \ LEITES \ LEITE UHT ZERO LACTOSE";"10.890,000";"8";"8,54";"93.025,95";"0,08";"0,00";"0,00";"0,00";"2,32";"25.294,42";"0,08";"27,19";"53,66";"34,92";"60.541,36";"47.222,35";"0,00";"0,00";"0,00";"20.509,18";"0,00";"0,00";"0,00";"0,00";"25.294,42";"0,08";"34,88";"11.150,679";"0,15";"2.593,130";"0,000";"0,000";"0,00";"0,00";"0,00"
"90,12";"PERECIVEIS \ PADARIA \ LANCHONETE \ DOCE";"16,154";"1";"40,00";"646,16";"0,00";"0,00";"0,00";"0,00";"20,11";"324,81";"0,00";"50,27";"308,88";"75,54";"158,03";"132,62";"0,00";"0,00";"0,00";"188,73";"0,00";"0,40";"4,06";"0,00";"324,81";"0,00";"71,01";"0,000";"0,00";"0,000";"0,000";"0,000";"0,00";"0,00";"0,00"
"90,13";"PERECIVEIS \ PADARIA \ LANCHONETE \ SALGADINHOS LANCHONETE";"147,955";"1";"43,06";"6.370,34";"0,01";"0,00";"0,00";"0,00";"12,11";"1.792,30";"0,01";"28,14";"31,32";"23,85";"4.850,89";"4.402,22";"107,53";"0,00";"0,00";"68,29";"0,00";"1,43";"20,41";"0,00";"1.899,83";"0,01";"30,15";"0,000";"0,00";"0,000";"0,000";"0,000";"0,00";"0,00";"0,00"
"90,14";"PERECIVEIS \ PADARIA \ LANCHONETE \ SALGADOS LANCHONETE";"215,704";"10";"65,08";"14.037,40";"0,01";"0,00";"0,00";"0,00";"25,79";"5.563,15";"0,02";"39,63";"56,22";"35,99";"8.985,44";"7.173,27";"0,00";"0,00";"0,00";"1.300,98";"0,00";"14,16";"114,09";"0,00";"5.563,15";"0,02";"43,68";"0,000";"0,00";"0,000";"0,000";"0,000";"0,00";"0,00";"0,00"
"90,15";"PERECIVEIS \ PADARIA \ LANCHONETE \ SANDUICHES LANCHONETE";"208,149";"2";"39,90";"8.304,94";"0,01";"0,00";"0,00";"0,00";"16,21";"3.374,42";"0,01";"40,63";"197,68";"66,41";"2.789,89";"2.605,11";"0,00";"0,00";"0,00";"2.325,40";"0,00";"0,40";"4,17";"0,00";"3.374,42";"0,01";"56,43";"0,000";"0,00";"0,000";"0,000";"0,000";"0,00";"0,00";"0,00"
"90,20";"PERECIVEIS \ PADARIA \ PADARIA FABRICACAO \ BISCOITOS FP";"1.396,424";"13";"43,26";"60.406,64";"0,05";"0,00";"0,00";"0,00";"13,28";"18.549,21";"0,06";"30,71";"87,07";"46,54";"32.291,19";"25.095,47";"0,00";"0,00";"0,00";"16.761,96";"0,00";"12,22";"388,39";"0,00";"18.549,21";"0,06";"42,50";"0,000";"0,00";"0,000";"0,000";"0,000";"0,00";"0,00";"0,00"
"90,41";"PERECIVEIS \ PADARIA \ PADARIA FABRICACAO \ BOLO FP";"8.129,143";"26";"30,22";"245.694,37";"0,21";"96.739,52";"0,08";"39,37";"11,96";"97.259,83";"0,32";"39,59";"145,44";"59,26";"100.103,78";"77.993,98";"0,00";"0,00";"0,00";"70.440,56";"0,00";"221,60";"1.569,39";"0,00";"97.259,83";"0,32";"55,50";"0,000";"0,00";"0,000";"0,000";"0,000";"0,00";"0,00";"0,00"
"90,41";"PERECIVEIS \ PADARIA \ PADARIA FABRICACAO \ BOMBA FP";"29,720";"3";"42,51";"1.263,48";"0,00";"0,00";"0,00";"0,00";"16,32";"485,09";"0,00";"38,39";"81,37";"44,86";"696,62";"515,09";"0,00";"0,00";"0,00";"263,31";"0,00";"1,05";"9,07";"0,00";"485,09";"0,00";"48,50";"0,000";"0,00";"0,000";"0,000";"0,000";"0,00";"0,00";"0,00"
"90,44";"PERECIVEIS \ PADARIA \ PADARIA FABRICACAO \ BRIOCHE";"697,751";"8";"45,75";"31.925,46";"0,03";"0,00";"0,00";"0,00";"13,63";"9.509,79";"0,03";"29,79";"113,08";"53,07";"14.982,82";"13.249,47";"0,00";"0,00";"0,00";"9.166,20";"0,00";"29,04";"203,91";"0,00";"9.509,79";"0,03";"41,78";"0,000";"0,00";"0,000";"0,000";"0,000";"0,00";"0,00";"0,00"
"90,46";"PERECIVEIS \ PADARIA \ PADARIA FABRICACAO \ BROA FP";"768,328";"3";"27,43";"21.078,29";"0,02";"0,00";"0,00";"0,00";"10,63";"8.165,87";"0,03";"38,74";"142,07";"58,69";"8.707,59";"7.076,71";"0,00";"0,00";"0,00";"5.835,71";"0,00";"13,78";"136,07";"0,00";"8.165,87";"0,03";"53,57";"0,000";"0,00";"0,000";"0,000";"0,000";"0,00";"0,00";"0,00"
"90,51";"PERECIVEIS \ PADARIA \ PADARIA FABRICACAO \ CAKE FP";"1.338,676";"11";"40,74";"54.535,33";"0,05";"259,19";"0,00";"0,48";"12,09";"16.191,06";"0,05";"29,69";"86,95";"46,51";"29.170,45";"22.517,66";"0,00";"0,00";"0,00";"15.826,61";"0,00";"42,08";"347,45";"0,00";"16.191,06";"0,05";"41,83";"0,000";"0,00";"0,000";"0,000";"0,000";"0,00";"0,00";"0,00"
"90,52";"PERECIVEIS \ PADARIA \ PADARIA FABRICACAO \ CAVACA FP";"464,783";"2";"30,00";"13.943,47";"0,01";"0,00";"0,00";"0,00";"7,79";"3.621,57";"0,01";"25,97";"60,54";"37,71";"8.685,21";"6.834,79";"0,00";"0,00";"0,00";"3.487,11";"0,00";"6,47";"92,72";"0,00";"3.621,57";"0,01";"34,64";"0,000";"0,00";"0,000";"0,000";"0,000";"0,00";"0,00";"0,00"
"90,53";"PERECIVEIS \ PADARIA \ PADARIA FABRICACAO \ COLOMBA DE CHOCOLATE FP";"225,904";"1";"32,51";"7.344,77";"0,01";"6.952,92";"0,01";"94,66";"6,94";"1.568,75";"0,01";"21,36";"48,16";"32,51";"4.957,32";"3.630,25";"0,00";"0,00";"0,00";"2.145,78";"0,00";"4,35";"46,41";"0,00";"1.568,75";"0,01";"30,17";"0,000";"0,00";"0,000";"0,000";"0,000";"0,00";"0,00";"0,00"
"90,53";"PERECIVEIS \ PADARIA \ PADARIA FABRICACAO \ COLOMBA DE FRUTAS FP";"43,112";"2";"30,25";"1.304,08";"0,00";"1.125,52";"0,00";"86,31";"7,59";"327,21";"0,00";"25,09";"62,71";"38,54";"801,46";"595,93";"0,00";"0,00";"0,00";"380,94";"0,00";"0,83";"8,26";"0,00";"327,21";"0,00";"35,45";"0,000";"0,00";"0,000";"0,000";"0,000";"0,00";"0,00";"0,00"
"90,59";"PERECIVEIS \ PADARIA \ PADARIA FABRICACAO \ DOCES FP";"1.798,891";"22";"40,94";"73.648,91";"0,06";"0,00";"0,00";"0,00";"13,86";"24.933,40";"0,08";"33,85";"108,00";"51,92";"35.407,84";"27.804,31";"0,00";"0,00";"0,00";"20.911,20";"0,00";"41,55";"472,29";"0,00";"24.933,40";"0,08";"47,28";"0,000";"0,00";"0,000";"0,000";"0,000";"0,00";"0,00";"0,00"
"90,64";"PERECIVEIS \ PADARIA \ PADARIA FABRICACAO \ FARINHA DE ROSCA FP";"3.523,773";"1";"17,21";"60.637,55";"0,05";"2.321,33";"0,00";"3,83";"8,04";"28.314,02";"0,09";"46,69";"307,23";"75,44";"14.890,33";"14.606,08";"0,00";"0,00";"0,00";"17.717,46";"0,00";"4,43";"387,03";"0,00";"28.314,02";"0,09";"65,97";"0,000";"0,00";"0,000";"0,000";"0,000";"0,00";"0,00";"0,00"
"90,65";"PERECIVEIS \ PADARIA \ PADARIA FABRICACAO \ FOCACCIA FP";"140,364";"3";"49,53";"6.952,48";"0,01";"481,08";"0,00";"6,92";"18,67";"2.621,28";"0,01";"37,70";"144,84";"59,16";"2.839,56";"2.300,16";"0,00";"0,00";"0,00";"2.031,04";"0,00";"3,58";"44,40";"0,00";"2.621,28";"0,01";"53,26";"0,000";"0,00";"0,000";"0,000";"0,000";"0,00";"0,00";"0,00"
"90,66";"PERECIVEIS \ PADARIA \ PADARIA FABRICACAO \ MASSA P.PIZZA FP";"1.040,000";"1";"7,99";"8.309,60";"0,01";"0,00";"0,00";"0,00";"4,96";"5.158,51";"0,02";"62,08";"463,63";"82,26";"1.474,30";"1.320,69";"0,00";"0,00";"0,00";"1.830,40";"0,00";"0,00";"0,00";"0,00";"5.158,51";"0,02";"79,62";"0,000";"0,00";"0,000";"0,000";"0,000";"0,00";"0,00";"0,00"
"90,69";"PERECIVEIS \ PADARIA \ PADARIA FABRICACAO \ PAES DOCES FP";"1.508,862";"3";"26,90";"40.591,74";"0,03";"0,00";"0,00";"0,00";"9,09";"13.717,87";"0,05";"33,79";"83,85";"45,61";"22.078,15";"17.961,66";"0,00";"0,00";"0,00";"8.912,21";"0,00";"11,73";"282,03";"0,00";"13.717,87";"0,05";"43,30";"0,000";"0,00";"0,000";"0,000";"0,000";"0,00";"0,00";"0,00"
"90,75";"PERECIVEIS \ PADARIA \ PADARIA FABRICACAO \ PAES ESPECIAIS FP";"2.133,703";"25";"30,94";"66.019,70";"0,06";"676,07";"0,00";"1,02";"12,95";"27.636,01";"0,09";"41,86";"127,55";"56,05";"29.013,65";"23.743,01";"0,00";"0,00";"0,00";"14.640,68";"0,00";"51,68";"461,02";"0,00";"27.636,01";"0,09";"53,79";"0,000";"0,00";"0,000";"0,000";"0,000";"0,00";"0,00";"0,00"
"90,75";"PERECIVEIS \ PADARIA \ PADARIA FABRICACAO \ PANETONES DE CHOCOLATE FP";"549,000";"2";"10,15";"5.571,32";"0,00";"2.184,85";"0,00";"39,22";"2,65";"1.456,96";"0,00";"26,15";"68,72";"40,73";"3.302,09";"2.485,56";"0,00";"0,00";"0,00";"1.628,80";"0,00";"5,48";"33,59";"0,00";"1.456,96";"0,00";"36,95";"0,000";"0,00";"219,600";"0,000";"0,000";"0,00";"0,00";"0,00"
"90,75";"PERECIVEIS \ PADARIA \ PADARIA FABRICACAO \ PANETONES DE FRUTAS FP";"324,000";"2";"10,70";"3.468,24";"0,00";"1.353,68";"0,00";"39,03";"4,02";"1.303,40";"0,00";"37,58";"137,95";"57,97";"1.457,58";"1.150,59";"0,00";"0,00";"0,00";"1.014,25";"0,00";"3,24";"21,84";"0,00";"1.303,40";"0,00";"53,11";"0,000";"0,00";"129,600";"0,000";"0,000";"0,00";"0,00";"0,00"
"90,75";"PERECIVEIS \ PADARIA \ PADARIA FABRICACAO \ PANETONES SALGADOS FP";"7,366";"1";"70,00";"515,62";"0,00";"0,00";"0,00";"0,00";"22,44";"165,29";"0,00";"32,06";"125,28";"55,61";"228,88";"199,69";"0,00";"0,00";"0,00";"150,64";"0,00";"0,34";"3,24";"0,00";"165,29";"0,00";"45,29";"0,000";"0,00";"0,000";"0,000";"0,000";"0,00";"0,00";"0,00"
"90,75";"PERECIVEIS \ PADARIA \ PADARIA FABRICACAO \ PAO AUSTRALIANO FP";"44,664";"1";"45,00";"2.009,88";"0,00";"0,00";"0,00";"0,00";"21,40";"955,85";"0,00";"47,56";"203,78";"67,08";"661,62";"612,74";"0,00";"0,00";"0,00";"441,28";"0,00";"1,98";"14,07";"0,00";"955,85";"0,00";"60,94";"0,000";"0,00";"0,000";"0,000";"0,000";"0,00";"0,00";"0,00"
"90,77";"PERECIVEIS \ PADARIA \ PADARIA FABRICACAO \ PAO BAGUETE";"825,636";"4";"31,04";"25.623,94";"0,02";"0,00";"0,00";"0,00";"11,80";"9.743,75";"0,03";"38,03";"122,84";"55,12";"11.499,05";"10.257,04";"0,00";"0,00";"0,00";"5.623,15";"0,00";"16,07";"165,03";"0,00";"9.743,75";"0,03";"48,72";"0,000";"0,00";"0,000";"0,000";"0,000";"0,00";"0,00";"0,00"
"90,79";"PERECIVEIS \ PADARIA \ PADARIA FABRICACAO \ PAO BATATA FP";"618,771";"8";"37,17";"22.997,43";"0,02";"0,00";"0,00";"0,00";"13,28";"8.218,53";"0,03";"35,74";"104,72";"51,15";"11.233,41";"9.729,43";"0,00";"0,00";"0,00";"5.049,48";"0,00";"13,65";"161,47";"0,00";"8.218,53";"0,03";"45,79";"0,000";"0,00";"0,000";"0,000";"0,000";"0,00";"0,00";"0,00"
"90,81";"PERECIVEIS \ PADARIA \ PADARIA FABRICACAO \ PAO BISNAGUINHA FP";"2.779,622";"2";"7,12";"19.793,46";"0,02";"0,00";"0,00";"0,00";"2,99";"8.298,56";"0,03";"41,93";"137,30";"57,86";"8.341,05";"7.210,66";"0,00";"0,00";"0,00";"4.284,24";"0,00";"27,83";"141,46";"0,00";"8.298,56";"0,03";"53,51";"863,880";"0,01";"0,000";"0,000";"0,000";"0,00";"0,00";"0,00"
"90,81";"PERECIVEIS \ PADARIA \ PADARIA FABRICACAO \ PAO FORMA INTEGRAL FP";"26,000";"1";"9,99";"259,74";"0,00";"0,00";"0,00";"0,00";"3,97";"103,16";"0,00";"39,72";"80,98";"44,74";"143,52";"132,55";"0,00";"0,00";"0,00";"24,03";"0,00";"0,01";"0,79";"0,00";"103,16";"0,00";"43,76";"0,000";"0,00";"0,000";"0,000";"0,000";"0,00";"0,00";"0,00"
"90,84";"PERECIVEIS \ PADARIA \ PADARIA FABRICACAO \ PAO FORMA TRADICIONAL";"7.741,073";"1";"5,06";"39.149,13";"0,03";"37.776,47";"0,03";"96,49";"1,26";"9.735,56";"0,03";"24,87";"60,58";"37,72";"24.380,25";"20.808,60";"0,00";"0,00";"0,00";"8.604,97";"0,00";"0,12";"79,45";"0,00";"9.735,56";"0,03";"31,87";"0,000";"0,00";"0,000";"0,000";"0,000";"0,00";"0,00";"0,00"
"93,11";"PERECIVEIS \ PADARIA \ PADARIA FABRICACAO \ PAO FRANCES FP";"161.518,599";"3";"16,81";"2.715.326,65";"2,27";"0,00";"0,00";"0,00";"12,30";"1.987.281,30";"6,61";"73,19";"399,72";"79,99";"543.372,22";"537.121,01";"0,00";"0,00";"0,00";"190.924,34";"0,00";"6,68";"78,38";"0,00";"1.987.281,30";"6,58";"78,72";"0,000";"0,00";"0,000";"0,000";"0,000";"0,00";"0,00";"0,00"
"93,16";"PERECIVEIS \ PADARIA \ PADARIA FABRICACAO \ PAO HAMBURGUER FP";"8.632,267";"2";"7,33";"63.246,71";"0,05";"56.705,33";"0,05";"89,66";"3,18";"27.407,91";"0,09";"43,33";"142,41";"58,75";"26.090,71";"21.942,31";"0,00";"0,00";"0,00";"13.896,50";"0,00";"85,91";"452,52";"0,00";"27.407,91";"0,09";"55,54";"3.695,777";"0,05";"0,000";"0,000";"0,000";"0,00";"0,00";"0,00"
"93,22";"PERECIVEIS \ PADARIA \ PADARIA FABRICACAO \ PAO HOT DOG FP";"11.878,400";"2";"6,20";"73.695,81";"0,06";"66.444,16";"0,06";"90,16";"2,82";"33.509,71";"0,11";"45,47";"162,78";"61,94";"28.045,11";"23.994,45";"0,00";"0,00";"0,00";"16.191,66";"0,00";"101,57";"522,39";"0,00";"33.509,71";"0,11";"58,27";"4.584,690";"0,06";"0,000";"0,000";"0,000";"0,00";"0,00";"0,00"
"93,26";"PERECIVEIS \ PADARIA \ PADARIA FABRICACAO \ PAO QUEIJO FP";"1.167,781";"7";"39,52";"46.147,66";"0,04";"0,00";"0,00";"0,00";"9,24";"10.790,79";"0,04";"23,38";"68,54";"40,67";"27.380,35";"21.865,99";"0,00";"0,00";"0,00";"13.490,88";"0,00";"17,25";"258,79";"0,00";"10.790,79";"0,04";"33,04";"0,000";"0,00";"0,000";"0,000";"0,000";"0,00";"0,00";"0,00"
"93,26";"PERECIVEIS \ PADARIA \ PADARIA FABRICACAO \ PAO RABANADA FP";"24,440";"1";"19,97";"488,14";"0,00";"0,00";"0,00";"0,00";"11,69";"285,60";"0,00";"58,51";"392,13";"79,68";"99,19";"95,34";"0,00";"0,00";"0,00";"107,20";"0,00";"0,62";"3,43";"0,00";"285,60";"0,00";"74,97";"0,000";"0,00";"0,000";"0,000";"0,000";"0,00";"0,00";"0,00"
"93,26";"PERECIVEIS \ PADARIA \ PADARIA FABRICACAO \ PAO SACADURA FP";"22,383";"1";"26,15";"585,23";"0,00";"0,00";"0,00";"0,00";"20,05";"448,88";"0,00";"76,70";"7098,40";"98,61";"8,13";"7,92";"0,00";"0,00";"0,00";"128,43";"0,00";"0,01";"3,84";"0,00";"448,88";"0,00";"98,27";"0,000";"0,00";"0,000";"0,000";"0,000";"0,00";"0,00";"0,00"
"93,26";"PERECIVEIS \ PADARIA \ PADARIA FABRICACAO \ PAO SOVADO FP";"164,606";"1";"28,95";"4.764,98";"0,00";"0,00";"0,00";"0,00";"7,53";"1.239,87";"0,00";"26,02";"70,83";"41,46";"2.789,27";"2.478,77";"0,00";"0,00";"0,00";"1.046,34";"0,00";"4,32";"33,73";"0,00";"1.239,87";"0,00";"33,34";"0,000";"0,00";"0,000";"0,000";"0,000";"0,00";"0,00";"0,00"
"93,29";"PERECIVEIS \ PADARIA \ PADARIA FABRICACAO \ PAO SUICO FP";"1.967,913";"1";"20,88";"41.082,91";"0,03";"0,00";"0,00";"0,00";"8,71";"17.136,01";"0,06";"41,71";"138,71";"58,11";"17.210,35";"14.928,59";"0,00";"0,00";"0,00";"9.018,31";"0,00";"0,79";"284,73";"0,00";"17.136,01";"0,06";"53,44";"0,000";"0,00";"0,000";"0,000";"0,000";"0,00";"0,00";"0,00"
"93,59";"PERECIVEIS \ PADARIA \ PADARIA FABRICACAO \ PIZZA RECHEADA FP";"9.583,156";"10";"37,04";"354.947,72";"0,30";"258.126,37";"0,22";"72,72";"10,18";"97.533,49";"0,32";"27,48";"87,08";"46,55";"189.731,17";"153.715,18";"0,00";"0,00";"0,00";"103.699,06";"0,00";"236,44";"2.249,46";"0,00";"97.533,49";"0,32";"38,82";"0,000";"0,00";"0,000";"0,000";"0,000";"0,00";"0,00";"0,00"
"93,59";"PERECIVEIS \ PADARIA \ PADARIA FABRICACAO \ ROCAMBOLE";"69,568";"4";"46,02";"3.201,55";"0,00";"0,00";"0,00";"0,00";"16,38";"1.139,61";"0,00";"35,60";"105,62";"51,37";"1.557,04";"1.126,59";"0,00";"0,00";"0,00";"935,35";"0,00";"2,36";"20,27";"0,00";"1.139,61";"0,00";"50,29";"0,000";"0,00";"0,000";"0,000";"0,000";"0,00";"0,00";"0,00"
"93,60";"PERECIVEIS \ PADARIA \ PADARIA FABRICACAO \ SALGADOS FP";"298,395";"13";"39,92";"11.911,74";"0,01";"4,88";"0,00";"0,04";"12,26";"3.657,13";"0,01";"30,70";"70,77";"41,44";"6.975,25";"5.847,23";"0,93";"0,00";"0,00";"2.406,45";"0,00";"8,88";"84,53";"0,00";"3.658,06";"0,01";"38,48";"0,000";"0,00";"0,000";"0,000";"0,000";"0,00";"0,00";"0,00"
"93,61";"PERECIVEIS \ PADARIA \ PADARIA FABRICACAO \ TORRADA FP";"295,860";"6";"21,84";"6.461,23";"0,01";"0,00";"0,00";"0,00";"8,80";"2.604,35";"0,01";"40,31";"190,19";"65,54";"2.226,57";"1.969,05";"0,00";"0,00";"0,00";"1.887,83";"0,00";"0,42";"40,91";"0,00";"2.604,35";"0,01";"56,95";"0,000";"0,00";"0,000";"0,000";"0,000";"0,00";"0,00";"0,00"
"93,72";"PERECIVEIS \ PADARIA \ PADARIA FABRICACAO \ TORTAS FP";"2.167,577";"25";"60,24";"130.569,51";"0,11";"2.407,18";"0,00";"1,84";"28,33";"61.417,85";"0,20";"47,04";"129,76";"56,48";"56.828,54";"42.407,09";"0,00";"0,00";"0,00";"26.744,57";"0,00";"103,29";"932,27";"0,00";"61.417,85";"0,20";"59,16";"0,000";"0,00";"0,000";"0,000";"0,000";"0,00";"0,00";"0,00"
"93,72";"PERECIVEIS \ PADARIA \ PADARIA INDUSTRIALIZADA \ BISCOITOS IND";"21,000";"1";"12,98";"272,58";"0,00";"0,00";"0,00";"0,00";"4,39";"92,18";"0,00";"33,82";"75,64";"43,07";"155,19";"155,19";"0,00";"0,00";"0,00";"25,21";"0,00";"0,18";"1,98";"0,00";"92,18";"0,00";"37,26";"4,557";"0,00";"4,200";"0,000";"0,000";"0,00";"0,00";"0,00"
"93,92";"PERECIVEIS \ PADARIA \ PADARIA INDUSTRIALIZADA \ BOLO IND";"45.868,000";"76";"5,10";"234.137,84";"0,20";"175.106,22";"0,15";"74,79";"1,09";"49.979,16";"0,17";"21,35";"33,35";"25,01";"175.584,71";"162.500,93";"0,00";"0,00";"0,00";"21.657,75";"0,00";"90,75";"1.921,66";"0,00";"49.979,16";"0,17";"23,52";"5.016,121";"0,07";"3.425,178";"0,000";"0,000";"0,00";"0,00";"0,00"
"93,92";"PERECIVEIS \ PADARIA \ PADARIA INDUSTRIALIZADA \ BRIOCHE IND";"1,000";"1";"17,69";"17,69";"0,00";"0,00";"0,00";"0,00";"4,92";"4,92";"0,00";"27,81";"46,20";"31,60";"12,10";"11,13";"0,00";"0,00";"0,00";"1,64";"0,00";"0,02";"0,14";"0,00";"4,92";"0,00";"30,65";"0,372";"0,00";"0,000";"0,000";"0,000";"0,00";"0,00";"0,00"
"93,92";"PERECIVEIS \ PADARIA \ PADARIA INDUSTRIALIZADA \ COLOMBA CHOCOLATE";"307,000";"3";"12,21";"3.747,87";"0,00";"2.322,31";"0,00";"61,96";"0,65";"200,21";"0,00";"5,34";"22,05";"18,07";"3.070,73";"2.452,31";"0,00";"0,00";"0,00";"1.095,35";"0,00";"2,34";"23,94";"0,00";"200,21";"0,00";"7,55";"13,580";"0,00";"53,745";"0,000";"0,000";"0,00";"0,00";"0,00"
"93,92";"PERECIVEIS \ PADARIA \ PADARIA INDUSTRIALIZADA \ COLOMBA FRUTAS";"195,000";"2";"12,32";"2.402,07";"0,00";"1.689,65";"0,00";"70,34";"0,49";"96,52";"0,00";"4,02";"19,62";"16,40";"2.008,05";"1.603,58";"0,00";"0,00";"0,00";"701,98";"0,00";"1,37";"15,48";"0,00";"96,52";"0,00";"5,68";"35,490";"0,00";"38,000";"0,000";"0,000";"0,00";"0,00";"0,00"
"93,92";"PERECIVEIS \ PADARIA \ PADARIA INDUSTRIALIZADA \ DOCES IND";"1,000";"1";"16,99";"16,99";"0,00";"0,00";"0,00";"0,00";"6,08";"6,08";"0,00";"35,79";"68,89";"40,79";"10,06";"9,34";"0,00";"0,00";"0,00";"1,57";"0,00";"0,02";"0,14";"0,00";"6,08";"0,00";"39,43";"0,155";"0,00";"0,000";"0,000";"0,000";"0,00";"0,00";"0,00"
"93,92";"PERECIVEIS \ PADARIA \ PADARIA INDUSTRIALIZADA \ PAES ESPECIAIS";"163,000";"3";"14,06";"2.291,36";"0,00";"0,00";"0,00";"0,00";"4,64";"756,12";"0,00";"33,00";"55,98";"35,89";"1.468,97";"1.391,31";"17,95";"0,00";"0,00";"125,98";"0,00";"1,63";"14,28";"0,00";"774,06";"0,00";"35,75";"47,553";"0,00";"18,600";"0,000";"0,000";"0,00";"0,00";"0,00"
"93,92";"PERECIVEIS \ PADARIA \ PADARIA INDUSTRIALIZADA \ PAO ARABE IND";"10,000";"1";"18,89";"188,90";"0,00";"0,00";"0,00";"0,00";"5,30";"52,96";"0,00";"28,04";"46,42";"31,70";"129,01";"118,47";"0,00";"0,00";"0,00";"17,47";"0,00";"0,20";"1,50";"0,00";"52,96";"0,00";"30,89";"0,000";"0,00";"2,400";"0,000";"0,000";"0,00";"0,00";"0,00"
"93,93";"PERECIVEIS \ PADARIA \ PADARIA INDUSTRIALIZADA \ PAO AUSTRALIANO IND";"566,000";"1";"13,04";"7.381,26";"0,01";"0,00";"0,00";"0,00";"3,34";"1.889,13";"0,01";"25,59";"54,34";"35,21";"4.782,60";"4.339,82";"0,00";"0,00";"0,00";"1.152,31";"0,00";"0,01";"22,61";"0,00";"1.889,13";"0,01";"30,33";"297,150";"0,00";"0,000";"0,000";"0,000";"0,00";"0,00";"0,00"
"94,14";"PERECIVEIS \ PADARIA \ PADARIA INDUSTRIALIZADA \ PAO BISNAGUINHA IND";"30.195,000";"11";"8,32";"251.203,96";"0,21";"218.594,38";"0,18";"87,02";"1,25";"37.890,17";"0,13";"15,08";"21,60";"17,76";"206.579,25";"190.077,42";"0,00";"0,00";"0,00";"23.236,37";"0,00";"300,42";"2.055,51";"0,00";"37.890,17";"0,13";"16,62";"9.503,475";"0,13";"599,080";"7,104";"35.360,918";"0,00";"0,00";"0,00"
"94,14";"PERECIVEIS \ PADARIA \ PADARIA INDUSTRIALIZADA \ PAO CEBOLA IND";"208,000";"1";"8,28";"1.721,78";"0,00";"1.336,79";"0,00";"77,64";"2,15";"447,59";"0,00";"26,00";"42,06";"29,61";"1.211,99";"1.114,92";"0,00";"0,00";"0,00";"159,26";"0,00";"2,07";"14,89";"0,00";"447,59";"0,00";"28,65";"0,000";"0,00";"0,000";"0,000";"0,000";"0,00";"0,00";"0,00"
"94,14";"PERECIVEIS \ PADARIA \ PADARIA INDUSTRIALIZADA \ PAO DE BATATA IND";"508,000";"1";"8,28";"4.206,68";"0,00";"3.298,65";"0,00";"78,41";"2,15";"1.093,12";"0,00";"25,99";"42,04";"29,60";"2.961,63";"2.724,45";"0,00";"0,00";"0,00";"389,12";"0,00";"5,06";"36,45";"0,00";"1.093,12";"0,00";"28,63";"139,700";"0,00";"0,000";"0,000";"0,000";"0,00";"0,00";"0,00"
"94,15";"PERECIVEIS \ PADARIA \ PADARIA INDUSTRIALIZADA \ PAO DE CENOURA IND";"774,000";"1";"8,35";"6.462,32";"0,01";"4.622,32";"0,00";"71,53";"2,23";"1.729,39";"0,01";"26,76";"43,76";"30,44";"4.495,20";"4.135,17";"0,00";"0,00";"0,00";"597,76";"0,00";"7,71";"55,92";"0,00";"1.729,39";"0,01";"29,49";"206,658";"0,00";"0,000";"0,000";"0,000";"0,00";"0,00";"0,00"
"94,15";"PERECIVEIS \ PADARIA \ PADARIA INDUSTRIALIZADA \ PAO DE COCO IND";"388,000";"1";"14,04";"5.446,69";"0,00";"0,00";"0,00";"0,00";"4,13";"1.600,65";"0,01";"29,39";"49,91";"33,29";"3.633,24";"3.342,22";"0,00";"0,00";"0,00";"503,82";"0,00";"3,84";"19,36";"0,00";"1.600,65";"0,01";"32,38";"157,140";"0,00";"0,000";"0,000";"0,000";"0,00";"0,00";"0,00"
"94,53";"PERECIVEIS \ PADARIA \ PADARIA INDUSTRIALIZADA \ PAO DE FORMA INTEGRAL IND";"40.669,000";"44";"11,07";"450.032,76";"0,38";"225.520,07";"0,19";"50,11";"2,64";"107.350,39";"0,36";"23,85";"45,43";"31,24";"309.454,93";"282.124,17";"0,00";"0,00";"0,00";"60.558,20";"0,00";"62,37";"1.406,40";"0,00";"107.350,39";"0,36";"27,56";"18.204,679";"0,24";"3.124,400";"0,000";"0,000";"0,00";"0,00";"0,00"
"95,40";"PERECIVEIS \ PADARIA \ PADARIA INDUSTRIALIZADA \ PAO DE FORMA TRADIC IND";"132.965,000";"37";"7,84";"1.043.059,04";"0,87";"752.323,54";"0,63";"72,13";"1,22";"162.424,76";"0,54";"15,57";"30,95";"23,64";"796.521,46";"723.717,61";"0,00";"0,00";"0,00";"156.916,67";"0,00";"18,23";"3.285,55";"0,00";"162.424,76";"0,54";"18,33";"63.707,429";"0,85";"1.435,600";"3,030";"344.243,908";"0,00";"0,00";"0,00"
"95,46";"PERECIVEIS \ PADARIA \ PADARIA INDUSTRIALIZADA \ PAO DE MILHO IND";"5.801,000";"5";"11,90";"69.008,49";"0,06";"18.699,48";"0,02";"27,10";"3,24";"18.805,93";"0,06";"27,25";"44,87";"30,97";"47.633,85";"43.819,28";"0,00";"0,00";"0,00";"6.383,29";"0,00";"14,56";"272,38";"0,00";"18.805,93";"0,06";"30,03";"2.782,606";"0,04";"300,350";"2,801";"24.637,090";"0,00";"0,00";"0,00"
"95,49";"PERECIVEIS \ PADARIA \ PADARIA INDUSTRIALIZADA \ PAO EGG SPONGE IND";"1.989,000";"1";"17,06";"33.937,38";"0,03";"0,00";"0,00";"0,00";"4,93";"9.800,13";"0,03";"28,88";"48,68";"32,74";"22.825,70";"20.998,05";"0,00";"0,00";"0,00";"3.139,21";"0,00";"39,59";"278,67";"0,00";"9.800,13";"0,03";"31,82";"616,590";"0,01";"0,000";"0,000";"0,000";"0,00";"0,00";"0,00"
"95,54";"PERECIVEIS \ PADARIA \ PADARIA INDUSTRIALIZADA \ PAO FOLHA IND";"3.779,000";"10";"15,30";"57.831,76";"0,05";"482,77";"0,00";"0,83";"5,28";"19.963,55";"0,07";"34,52";"63,52";"38,84";"35.367,75";"32.579,60";"16,29";"0,00";"0,00";"5.272,32";"0,00";"38,93";"463,03";"0,00";"19.979,84";"0,07";"38,01";"1.201,282";"0,02";"26,880";"0,000";"0,000";"0,00";"0,00";"0,00"
"95,62";"PERECIVEIS \ PADARIA \ PADARIA INDUSTRIALIZADA \ PAO HAMBURGUER IND";"6.389,000";"11";"14,62";"93.433,03";"0,08";"56.346,05";"0,05";"60,31";"3,75";"23.960,28";"0,08";"25,64";"41,26";"29,21";"66.141,10";"60.830,19";"0,00";"0,00";"0,00";"8.642,56";"0,00";"95,45";"766,90";"0,00";"23.960,28";"0,08";"28,26";"2.763,931";"0,04";"184,880";"0,000";"0,000";"0,00";"0,00";"0,00"
"95,63";"PERECIVEIS \ PADARIA \ PADARIA INDUSTRIALIZADA \ PAO HOT DOG IND";"867,000";"3";"11,81";"10.235,14";"0,01";"0,00";"0,00";"0,00";"3,58";"3.101,89";"0,01";"30,31";"52,13";"34,27";"6.727,80";"6.186,50";"0,00";"0,00";"0,00";"946,75";"0,00";"8,63";"82,00";"0,00";"3.101,89";"0,01";"33,40";"305,345";"0,00";"48,000";"0,000";"0,000";"0,00";"0,00";"0,00"
"95,63";"PERECIVEIS \ PADARIA \ PADARIA INDUSTRIALIZADA \ PAO MULTIGRAOS IND";"9,000";"1";"25,99";"233,91";"0,00";"0,00";"0,00";"0,00";"9,74";"87,67";"0,00";"37,48";"72,39";"41,99";"135,69";"124,60";"0,00";"0,00";"0,00";"21,64";"0,00";"0,09";"0,72";"0,00";"87,67";"0,00";"41,30";"0,000";"0,00";"0,000";"0,000";"0,000";"0,00";"0,00";"0,00"
"95,64";"PERECIVEIS \ PADARIA \ PADARIA INDUSTRIALIZADA \ PAO SIRIO IND";"844,000";"6";"17,67";"14.916,46";"0,01";"35,97";"0,00";"0,24";"5,79";"4.886,52";"0,02";"32,76";"58,62";"36,96";"9.403,88";"8.650,17";"0,00";"0,00";"0,00";"1.379,77";"0,00";"11,76";"119,24";"0,00";"4.886,52";"0,02";"36,10";"332,252";"0,00";"0,000";"0,000";"0,000";"0,00";"0,00";"0,00"
"95,65";"PERECIVEIS \ PADARIA \ PADARIA INDUSTRIALIZADA \ PAO SOVADO IND";"1.021,000";"2";"14,38";"14.678,74";"0,01";"0,00";"0,00";"0,00";"4,27";"4.363,95";"0,01";"29,73";"50,77";"33,67";"9.735,93";"8.957,01";"0,00";"0,00";"0,00";"1.357,78";"0,00";"15,98";"121,03";"0,00";"4.363,95";"0,01";"32,76";"452,190";"0,01";"0,000";"0,000";"0,000";"0,00";"0,00";"0,00"
"95,65";"PERECIVEIS \ PADARIA \ PADARIA INDUSTRIALIZADA \ SALGADOS";"46,672";"2";"69,90";"3.262,28";"0,00";"0,00";"0,00";"0,00";"32,29";"1.506,81";"0,01";"46,19";"103,65";"50,90";"1.601,91";"1.453,71";"0,00";"0,00";"0,00";"301,76";"0,00";"2,80";"26,62";"0,00";"1.506,81";"0,00";"50,90";"0,000";"0,00";"0,000";"0,000";"0,000";"0,00";"0,00";"0,00"
"95,65";"PERECIVEIS \ PADARIA \ PADARIA INDUSTRIALIZADA \ TAPIOCA";"125,000";"1";"14,06";"1.757,33";"0,00";"0,00";"0,00";"0,00";"3,78";"472,53";"0,00";"26,89";"61,30";"38,00";"1.089,47";"771,17";"0,00";"0,00";"0,00";"513,63";"0,00";"0,00";"0,00";"0,00";"472,53";"0,00";"37,99";"28,125";"0,00";"24,750";"0,849";"2.069,882";"0,00";"0,00";"0,00"
"95,66";"PERECIVEIS \ PEIXARIA \ CRUSTACEOS \ CRUSTACEOS";"546,000";"4";"12,52";"6.837,43";"0,01";"945,02";"0,00";"13,82";"3,90";"2.130,55";"0,01";"31,16";"71,95";"41,84";"3.976,49";"3.790,72";"0,00";"0,00";"0,00";"916,16";"0,00";"5,44";"47,93";"0,00";"2.130,55";"0,01";"35,98";"133,153";"0,00";"0,200";"0,000";"0,000";"0,00";"0,00";"0,00"
"95,93";"PERECIVEIS \ PEIXARIA \ PEIXES \ PEIXE FILE";"15.213,708";"15";"20,88";"317.632,36";"0,27";"166.466,58";"0,14";"52,41";"5,16";"78.445,97";"0,26";"24,70";"36,18";"26,57";"233.248,69";"216.905,74";"1,35";"0,00";"0,00";"22.279,31";"0,00";"48,34";"398,33";"0,00";"78.447,31";"0,26";"26,56";"8.166,571";"0,11";"6.007,664";"0,000";"0,000";"0,00";"0,00";"0,00"
"95,96";"PERECIVEIS \ PEIXARIA \ PEIXES \ PEIXE POSTA";"1.501,000";"4";"27,40";"41.132,26";"0,03";"3.069,32";"0,00";"7,46";"7,49";"11.244,16";"0,04";"27,34";"46,26";"31,63";"28.121,79";"25.610,89";"104,60";"0,00";"0,00";"4.172,61";"0,00";"7,15";"62,60";"0,00";"11.348,76";"0,04";"30,71";"0,000";"0,00";"1.200,800";"0,000";"0,000";"0,00";"0,00";"0,00"
"95,99";"PERECIVEIS \ SALGADOS \ BACALHAU \ BACALHAU";"202,446";"1";"149,90";"30.346,58";"0,03";"0,00";"0,00";"0,00";"26,03";"5.270,34";"0,02";"17,37";"42,72";"29,93";"21.262,95";"18.689,12";"0,00";"0,00";"0,00";"6.387,12";"0,00";"23,85";"214,41";"0,00";"5.270,34";"0,02";"22,00";"0,000";"0,00";"0,000";"0,000";"0,000";"0,00";"0,00";"0,00"
"96,02";"PERECIVEIS \ SALGADOS \ BACALHAU \ PEIXE TIPO BACALHAU";"622,384";"2";"63,64";"39.610,20";"0,03";"5.156,89";"0,00";"13,02";"9,86";"6.135,14";"0,02";"15,49";"38,50";"27,80";"28.599,57";"25.139,01";"0,00";"0,00";"0,00";"8.336,05";"0,00";"31,08";"279,31";"0,00";"6.135,14";"0,02";"19,62";"0,000";"0,00";"105,313";"0,000";"0,000";"0,00";"0,00";"0,00"
"96,39";"PERECIVEIS \ SALGADOS \ BACON \ BACON BARRIGA";"10.338,652";"7";"42,94";"443.959,79";"0,37";"118.506,86";"0,10";"26,69";"12,48";"129.035,01";"0,43";"29,06";"62,28";"38,38";"273.568,56";"217.252,93";"0,00";"0,00";"0,00";"97.671,85";"0,00";"0,00";"0,00";"0,00";"129.035,01";"0,43";"37,26";"8.236,565";"0,11";"8.236,565";"0,006";"73.993.298,333";"0,00";"0,00";"0,00"
"96,50";"PERECIVEIS \ SALGADOS \ BACON \ BACON PERNIL";"3.787,515";"1";"35,73";"135.327,56";"0,11";"135.292,10";"0,11";"99,97";"11,02";"41.727,99";"0,14";"30,83";"65,38";"39,53";"81.826,69";"63.824,82";"0,00";"0,00";"0,00";"29.774,75";"0,00";"0,00";"0,00";"0,00";"41.727,99";"0,14";"39,53";"3.787,515";"0,05";"3.787,515";"0,000";"0,000";"0,00";"0,00";"0,00"
"96,93";"PERECIVEIS \ SALGADOS \ CHARQUE \ CHARQUE DIANTEIRO";"14.727,725";"6";"35,32";"520.236,17";"0,43";"394.546,58";"0,33";"75,84";"7,69";"113.291,08";"0,38";"21,78";"31,28";"23,83";"396.269,16";"366.091,67";"0,00";"0,00";"0,00";"40.853,42";"0,00";"0,00";"0,00";"0,00";"113.291,08";"0,37";"23,63";"12.027,135";"0,16";"12.331,725";"0,011";"47.294.197,273";"0,00";"0,00";"0,00"
"97,11";"PERECIVEIS \ SALGADOS \ CHARQUE \ CHARQUE LAGARTO";"4.560,909";"3";"46,41";"211.675,25";"0,18";"154.120,98";"0,13";"72,81";"10,36";"47.231,13";"0,16";"22,31";"31,57";"23,99";"160.888,05";"149.625,89";"0,00";"0,00";"0,00";"14.818,23";"0,00";"0,00";"0,00";"0,00";"47.231,13";"0,16";"23,99";"4.278,125";"0,06";"4.273,409";"0,004";"52.918.812,500";"0,00";"0,00";"0,00"
"97,29";"PERECIVEIS \ SALGADOS \ CHARQUE \ CHARQUE PONTA DE AGULHA";"5.754,095";"4";"37,55";"216.075,90";"0,18";"195.020,35";"0,16";"90,26";"6,38";"36.725,26";"0,12";"17,00";"22,36";"18,28";"176.586,54";"164.225,48";"0,00";"0,00";"0,00";"15.125,16";"0,00";"0,00";"0,00";"0,00";"36.725,26";"0,12";"18,28";"5.311,135";"0,07";"5.311,795";"0,005";"43.215.180,000";"0,00";"0,00";"0,00"
"97,31";"PERECIVEIS \ SALGADOS \ CHARQUE \ CHARQUE TRASEIRO";"647,000";"4";"33,89";"21.924,95";"0,02";"0,00";"0,00";"0,00";"10,38";"6.717,34";"0,02";"30,64";"49,14";"32,95";"14.701,09";"13.672,00";"0,00";"0,00";"0,00";"1.535,61";"0,00";"0,00";"0,00";"0,00";"6.717,34";"0,02";"32,95";"248,951";"0,00";"134,100";"0,000";"0,000";"0,00";"0,00";"0,00"
"97,32";"PERECIVEIS \ SALGADOS \ INGREDIENTES P.FEIJOADA \ INGREDIENTES FEIJOADA";"653,000";"1";"20,04";"13.085,69";"0,01";"0,00";"0,00";"0,00";"5,30";"3.460,54";"0,01";"26,45";"51,36";"33,93";"8.645,62";"6.743,57";"0,00";"0,00";"0,00";"2.881,58";"0,00";"0,00";"0,00";"0,00";"3.460,54";"0,01";"33,91";"0,000";"0,00";"326,500";"0,000";"0,000";"0,00";"0,00";"0,00"
"98,57";"PERECIVEIS \ SALGADOS \ LINGUICAS DEFUMADAS \ LINGUICA CALABRESA";"70.860,634";"10";"21,04";"1.491.095,95";"1,25";"1.036.614,38";"0,87";"69,52";"3,95";"280.163,90";"0,93";"18,79";"41,75";"29,45";"1.051.921,94";"978.273,75";"0,00";"0,00";"0,00";"232.658,30";"0,00";"1.425,17";"11.365,04";"0,00";"280.163,90";"0,93";"22,26";"65.724,038";"0,88";"68.305,146";"0,065";"22.939.937,692";"0,00";"0,00";"0,00"
"98,88";"PERECIVEIS \ SALGADOS \ LINGUICAS DEFUMADAS \ LINGUICA FINA MISTA";"17.658,452";"11";"21,28";"375.779,26";"0,31";"71.668,65";"0,06";"19,07";"5,00";"88.256,56";"0,29";"23,49";"52,58";"34,46";"246.283,31";"228.888,60";"0,00";"0,00";"0,00";"58.634,10";"0,00";"350,67";"2.862,87";"0,00";"88.256,56";"0,29";"27,83";"5.107,190";"0,07";"5.334,842";"0,004";"93.944.815,000";"0,00";"0,00";"0,00"
"98,94";"PERECIVEIS \ SALGADOS \ LINGUICAS DEFUMADAS \ LINGUICA PAIO";"3.138,283";"5";"21,73";"68.204,77";"0,06";"815,42";"0,00";"1,20";"6,60";"20.698,10";"0,07";"30,35";"71,99";"41,86";"39.656,17";"36.865,03";"0,00";"0,00";"0,00";"10.641,64";"0,00";"70,09";"528,49";"0,00";"20.698,10";"0,07";"35,96";"1.384,528";"0,02";"1.979,713";"0,001";"68.204.770,000";"0,00";"0,00";"0,00"
"98,94";"PERECIVEIS \ SALGADOS \ LINGUICAS DEFUMADAS \ LINGUICA PERNIL DEFUMADA";"300,000";"1";"15,32";"4.595,61";"0,00";"0,00";"0,00";"0,00";"0,06";"17,00";"0,00";"0,37";"10,69";"9,66";"4.151,84";"3.861,21";"0,00";"0,00";"0,00";"717,41";"0,00";"3,70";"35,14";"0,00";"17,00";"0,00";"0,44";"155,100";"0,00";"150,000";"0,000";"0,000";"0,00";"0,00";"0,00"
"98,96";"PERECIVEIS \ SALGADOS \ LINGUICAS DEFUMADAS \ LINGUICA PORTUGUESA";"1.154,450";"2";"19,64";"22.670,77";"0,02";"269,46";"0,00";"1,19";"5,87";"6.780,80";"0,02";"29,91";"70,69";"41,42";"13.281,56";"12.351,88";"0,00";"0,00";"0,00";"3.538,09";"0,00";"16,48";"176,07";"0,00";"6.780,80";"0,02";"35,44";"685,865";"0,01";"673,850";"0,000";"0,000";"0,00";"0,00";"0,00"
"99,08";"PERECIVEIS \ SALGADOS \ LINGUICAS DEFUMADAS \ LINGUICA SUINA";"10.825,577";"7";"12,81";"138.626,57";"0,12";"51.080,27";"0,04";"36,85";"4,13";"44.719,36";"0,15";"32,26";"75,53";"43,03";"78.974,15";"72.266,64";"0,00";"0,00";"0,00";"21.640,56";"0,00";"116,86";"1.047,13";"0,00";"44.719,36";"0,15";"38,23";"4.268,848";"0,06";"4.019,200";"0,000";"0,000";"0,00";"0,00";"0,00"
"99,08";"PERECIVEIS \ SALGADOS \ SUINO DEFUMADO \ COPA SUINA DEFUMADA";"48,556";"1";"56,98";"2.766,68";"0,00";"0,00";"0,00";"0,00";"26,02";"1.263,65";"0,00";"45,67";"141,30";"58,56";"1.146,59";"894,34";"0,00";"0,00";"0,00";"608,69";"0,00";"0,00";"0,00";"0,00";"1.263,65";"0,00";"58,56";"0,000";"0,00";"0,000";"0,000";"0,000";"0,00";"0,00";"0,00"
"99,08";"PERECIVEIS \ SALGADOS \ SUINO DEFUMADO \ COSTELA SUINA DEFUMADA";"98,968";"2";"55,69";"5.511,18";"0,00";"0,00";"0,00";"0,00";"17,64";"1.745,60";"0,01";"31,67";"68,38";"40,61";"3.273,10";"2.553,02";"0,00";"0,00";"0,00";"1.212,56";"0,00";"0,00";"0,00";"0,00";"1.745,60";"0,01";"40,61";"0,000";"0,00";"0,000";"0,000";"0,000";"0,00";"0,00";"0,00"
"99,09";"PERECIVEIS \ SALGADOS \ SUINO DEFUMADO \ LOMBO SUINO DEFUMADO";"129,683";"1";"54,79";"7.105,73";"0,01";"0,00";"0,00";"0,00";"16,77";"2.175,25";"0,01";"30,61";"64,59";"39,24";"4.317,13";"3.367,33";"0,00";"0,00";"0,00";"1.563,15";"0,00";"0,00";"0,00";"0,00";"2.175,25";"0,01";"39,25";"0,000";"0,00";"0,000";"0,000";"0,000";"0,00";"0,00";"0,00"
"99,19";"PERECIVEIS \ SALGADOS \ SUINO SALGADO \ CHISPE SUINO SALG";"8.389,825";"1";"14,85";"124.555,35";"0,10";"116.232,41";"0,10";"93,32";"3,93";"32.992,59";"0,11";"26,49";"51,43";"33,96";"82.254,47";"64.158,46";"0,00";"0,00";"0,00";"27.404,30";"0,00";"0,00";"0,00";"0,00";"32.992,59";"0,11";"33,96";"8.389,825";"0,11";"8.389,825";"0,008";"15.569.418,750";"0,00";"0,00";"0,00"
"99,39";"PERECIVEIS \ SALGADOS \ SUINO SALGADO \ COSTELA SUINA SALG";"8.366,016";"3";"28,23";"236.196,36";"0,20";"228.689,06";"0,19";"96,82";"7,08";"59.264,98";"0,20";"25,09";"47,43";"32,17";"160.212,74";"124.966,79";"0,00";"0,00";"0,00";"51.964,59";"0,00";"0,00";"0,00";"0,00";"59.264,98";"0,20";"32,17";"8.176,813";"0,11";"8.176,813";"0,008";"29.524.545,000";"0,00";"0,00";"0,00"
"99,43";"PERECIVEIS \ SALGADOS \ SUINO SALGADO \ GARGANTA SUINA SALG";"3.095,108";"1";"17,00";"52.630,35";"0,04";"47.105,11";"0,04";"89,50";"5,04";"15.586,88";"0,05";"29,62";"61,21";"37,97";"32.646,82";"25.464,52";"0,00";"0,00";"0,00";"11.578,95";"0,00";"0,00";"0,00";"0,00";"15.586,88";"0,05";"37,97";"3.095,108";"0,04";"3.095,108";"0,003";"17.543.450,000";"0,00";"0,00";"0,00"
"99,59";"PERECIVEIS \ SALGADOS \ SUINO SALGADO \ LOMBO SUINO SALG";"6.761,817";"3";"28,15";"190.337,76";"0,16";"170.869,42";"0,14";"89,77";"7,80";"52.725,37";"0,18";"27,70";"55,07";"35,51";"122.739,86";"95.737,09";"0,00";"0,00";"0,00";"41.875,30";"0,00";"0,00";"0,00";"0,00";"52.725,37";"0,17";"35,51";"6.445,216";"0,09";"6.445,216";"0,006";"31.722.960,000";"0,00";"0,00";"0,00"
"99,64";"PERECIVEIS \ SALGADOS \ SUINO SALGADO \ ORELHA SALG";"4.097,305";"1";"14,61";"59.851,57";"0,05";"58.372,66";"0,05";"97,53";"4,38";"17.930,27";"0,06";"29,96";"62,36";"38,41";"36.862,81";"28.752,97";"0,00";"0,00";"0,00";"13.168,33";"0,00";"0,00";"0,00";"0,00";"17.930,27";"0,06";"38,41";"4.097,305";"0,05";"4.097,305";"0,004";"14.962.892,500";"0,00";"0,00";"0,00"
"99,79";"PERECIVEIS \ SALGADOS \ SUINO SALGADO \ PONTA COSTELA SUINA SALG";"9.047,487";"1";"20,01";"181.022,98";"0,15";"180.785,71";"0,15";"99,87";"5,12";"46.335,15";"0,15";"25,60";"48,85";"32,82";"121.616,14";"94.860,59";"0,00";"0,00";"0,00";"39.827,24";"0,00";"0,00";"0,00";"0,00";"46.335,15";"0,15";"32,82";"9.047,487";"0,12";"9.047,487";"0,009";"20.113.664,444";"0,00";"0,00";"0,00"
"99,82";"PERECIVEIS \ SALGADOS \ SUINO SALGADO \ RABINHO SUINO SALG";"1.188,669";"1";"28,58";"33.969,68";"0,03";"5.294,33";"0,00";"15,59";"6,82";"8.112,05";"0,03";"23,88";"44,13";"30,62";"23.569,30";"18.384,05";"0,00";"0,00";"0,00";"7.473,58";"0,00";"0,00";"0,00";"0,00";"8.112,05";"0,03";"30,62";"11.886,690";"0,16";"11.886,690";"0,001";"33.969.680,000";"0,00";"0,00";"0,00"
